zone_name,latitude,longitude,time_hour,is_festival_period,is_monsoon_heavy_rain,previous_incidents,crowd_level,weather_risk,tourist_density,zone_risk,risk_score,risk_label
Annamalaiyar Temple (Base),12.224063641443847,79.0679110591793,15,0,0,0,High,Low,Medium,Low,0.0,Low
Annamalaiyar Temple (Base),12.225808495847271,79.06952482407875,16,0,0,0,Low,Low,High,Low,3.9,Low
Annamalaiyar Temple (Base),12.22477342249357,79.0662018958868,21,0,0,1,High,Low,High,Low,2.2,Low
Annamalaiyar Temple (Base),12.226290501330576,79.06690419619333,12,0,0,0,Medium,Medium,High,Low,9.7,Low
Annamalaiyar Temple (Base),12.22601582057555,79.06829302329524,3,0,0,0,Low,High,Medium,Low,21.5,Low
Annamalaiyar Temple (Base),12.227821873292013,79.0685316554175,23,0,0,1,Low,Low,High,Low,16.9,Low
Annamalaiyar Temple (Base),12.227354266528224,79.06793023037639,15,0,0,0,Medium,High,Low,Low,22.3,Low
Annamalaiyar Temple (Base),12.227143266772197,79.06960534456417,8,0,0,0,Medium,Medium,Medium,Low,18.2,Low
Annamalaiyar Temple (Base),12.225903057997698,79.06898704382773,0,0,0,4,Medium,Low,High,Low,38.1,Medium
Annamalaiyar Temple (Base),12.226951197109466,79.06596629200642,9,0,0,1,Medium,Low,Medium,Low,13.2,Low
Annamalaiyar Temple (Base),12.226636633588283,79.06632989595528,23,0,1,1,Medium,Low,Low,Low,12.3,Low
Annamalaiyar Temple (Base),12.2262021721839,79.06789036442564,8,0,0,0,Low,Medium,Medium,Low,9.6,Low
Annamalaiyar Temple (Base),12.22467310122147,79.06845987585163,21,0,0,0,High,High,Low,Low,15.8,Low
Annamalaiyar Temple (Base),12.22544646659085,79.0660544891428,8,0,1,0,Low,Medium,Low,Low,10.4,Low
Annamalaiyar Temple (Base),12.225360271272857,79.0667716095763,12,0,0,0,Low,Low,Medium,Low,0.2,Low
Annamalaiyar Temple (Base),12.225108878330778,79.06628252971323,16,0,0,0,Medium,High,Low,Low,16.5,Low
Annamalaiyar Temple (Base),12.226039105973754,79.06855614867092,3,0,0,1,Low,Medium,Low,Low,24.8,Low
Annamalaiyar Temple (Base),12.224511745489618,79.06910797697458,0,0,0,1,High,High,Low,Low,20.4,Low
Annamalaiyar Temple (Base),12.225150319768481,79.06848947687372,17,0,0,1,High,Low,Medium,Low,6.7,Low
Annamalaiyar Temple (Base),12.224830781156385,79.06868510375132,23,0,1,0,Low,Low,Medium,Low,14.9,Low
Annamalaiyar Temple (Base),12.22577924945982,79.0662188452143,17,0,0,0,Low,Low,Medium,Low,3.5,Low
Annamalaiyar Temple (Base),12.225923701116127,79.06706011921506,13,0,0,1,Medium,Low,High,Low,18.8,Low
Annamalaiyar Temple (Base),12.227016212787934,79.0679705266298,15,0,0,1,High,Low,High,Low,3.2,Low
Annamalaiyar Temple (Base),12.226344924496464,79.06813117609902,5,0,0,0,Medium,Low,High,Low,13.2,Low
Annamalaiyar Temple (Base),12.225309174586062,79.06935595438755,16,0,0,1,High,Low,Low,Low,6.4,Low
Annamalaiyar Temple (Base),12.224810389791877,79.06951381410295,2,0,0,2,Medium,Low,Medium,Low,22.4,Low
Annamalaiyar Temple (Base),12.225104704146064,79.06917067881707,11,0,0,1,Low,Medium,High,Low,20.2,Low
Annamalaiyar Temple (Base),12.224859151404836,79.06885228829113,8,0,1,0,High,Low,Medium,Low,2.9,Low
Annamalaiyar Temple (Base),12.22733791487665,79.06927623354522,18,0,1,2,High,Low,Medium,Low,4.5,Low
Annamalaiyar Temple (Base),12.225605025668878,79.06683828437252,19,0,0,1,Low,Low,Medium,Low,18.1,Low
Annamalaiyar Temple (Base),12.224156132605902,79.06897192672935,16,0,0,1,Medium,Low,Low,Low,6.3,Low
Annamalaiyar Temple (Base),12.226962940385047,79.06623971190615,7,0,1,2,Medium,Low,Medium,Low,20.9,Low
Annamalaiyar Temple (Base),12.22693894763117,79.06623273532574,22,0,0,0,Medium,Low,High,Low,23.3,Low
Annamalaiyar Temple (Base),12.227431583097545,79.06759080518977,14,0,0,0,Medium,Low,High,Low,8.3,Low
Annamalaiyar Temple (Base),12.227984407706552,79.06612884040264,15,0,0,2,Medium,High,Medium,Low,34.9,Medium
Annamalaiyar Temple (Base),12.227950297742783,79.06975084800202,21,1,0,3,Low,High,Low,Low,28.0,Low
Annamalaiyar Temple (Base),12.22722822127629,79.06773787580816,5,0,0,2,Medium,Medium,Low,Low,24.7,Low
Annamalaiyar Temple (Base),12.226227928536224,79.069624900055,21,0,1,1,Medium,Low,Medium,Low,9.3,Low
Annamalaiyar Temple (Base),12.227685516322714,79.06946080427133,23,0,0,1,Low,Low,Medium,Low,19.5,Low
Annamalaiyar Temple (Base),12.225793920605042,79.06668346915261,5,0,0,1,Low,Medium,Medium,Low,14.1,Low
Annamalaiyar Temple (Base),12.226253927010855,79.06669455503979,18,0,0,0,High,Medium,Low,Low,0.0,Low
Annamalaiyar Temple (Base),12.227763687707533,79.06746128785446,23,0,1,1,Low,Low,High,Low,19.2,Low
Annamalaiyar Temple (Base),12.227942064966783,79.06893785946926,13,0,0,1,Medium,Low,High,Low,13.0,Low
Annamalaiyar Temple (Base),12.224936078857862,79.06899505084502,12,0,0,0,Medium,Low,Medium,Low,0.0,Low
Annamalaiyar Temple (Base),12.22610340747846,79.06954560848635,2,0,0,0,High,Medium,High,Low,18.1,Low
Annamalaiyar Temple (Base),12.227146976942441,79.06927139811853,19,0,0,1,Low,Medium,High,Low,22.8,Low
Annamalaiyar Temple (Base),12.225914794745272,79.06941065481772,11,0,0,0,Low,Low,Medium,Low,3.9,Low
Annamalaiyar Temple (Base),12.225268428509578,79.06722717876147,1,0,1,0,Medium,Low,Medium,Low,14.7,Low
Annamalaiyar Temple (Base),12.225610669492761,79.06714350328258,5,0,0,0,Low,Medium,Medium,Low,12.7,Low
Annamalaiyar Temple (Base),12.224969592970021,79.0678884487789,19,0,0,0,High,Low,Medium,Low,0.0,Low
Annamalaiyar Temple (Base),12.22558621480784,79.06951132868762,19,0,0,2,Medium,Low,Medium,Low,18.2,Low
Annamalaiyar Temple (Base),12.227643495457084,79.0675455912511,1,0,1,0,Low,Low,Low,Low,10.9,Low
Annamalaiyar Temple (Base),12.226673251425074,79.06970130694204,7,0,1,2,Medium,Low,High,Low,14.9,Low
Annamalaiyar Temple (Base),12.224620777966729,79.06862085187598,1,0,0,1,Low,Medium,Low,Low,24.6,Low
Annamalaiyar Temple (Base),12.224130805923043,79.06897230437752,8,1,0,3,Medium,Medium,Medium,Low,27.2,Low
Annamalaiyar Temple (Base),12.22426981069648,79.0675418870753,20,0,0,0,Medium,High,Low,Low,21.0,Low
Annamalaiyar Temple (Base),12.227326277205115,79.06959105552353,15,0,0,0,Medium,Low,Medium,Low,2.0,Low
Annamalaiyar Temple (Base),12.227230200394745,79.06597299171065,9,0,1,0,Medium,Medium,High,Low,20.0,Low
Annamalaiyar Temple (Base),12.224903731743222,79.06912010283102,5,0,0,0,High,Low,Low,Low,0.0,Low
Annamalaiyar Temple (Base),12.227922714330564,79.06840266287297,17,0,0,0,Low,Low,High,Low,3.1,Low
Annamalaiyar Temple (Base),12.226476941858634,79.06685967046485,8,0,0,1,Low,Low,High,Low,19.1,Low
Annamalaiyar Temple (Base),12.225404487314112,79.06588629794152,8,0,0,0,High,Low,Low,Low,0.0,Low
Annamalaiyar Temple (Base),12.22474906804053,79.06797193070439,19,0,0,0,High,Medium,Low,Low,4.6,Low
Annamalaiyar Temple (Base),12.226622807108061,79.0689053531857,4,0,0,1,High,Low,Medium,Low,10.6,Low
Annamalaiyar Temple (Base),12.226239547821445,79.0658408428228,4,0,0,2,Low,Medium,Medium,Low,35.8,Medium
Annamalaiyar Temple (Base),12.225354862759694,79.06603680338127,20,0,0,1,Medium,High,Medium,Low,22.5,Low
Annamalaiyar Temple (Base),12.225205879252744,79.06832001084888,4,0,0,0,Medium,Medium,Medium,Low,17.5,Low
Annamalaiyar Temple (Base),12.227258769122875,79.06926065867663,20,0,0,0,Low,Low,Medium,Low,3.3,Low
Annamalaiyar Temple (Base),12.224616870224501,79.06744309860981,6,0,1,0,Medium,Medium,Low,Low,19.0,Low
Annamalaiyar Temple (Base),12.226881267718008,79.06889656231988,8,0,0,0,Low,Medium,High,Low,22.1,Low
Annamalaiyar Temple (Base),12.226546531314076,79.06608292547564,16,0,0,1,High,Low,High,Low,12.6,Low
Annamalaiyar Temple (Base),12.224863876919738,79.06777831227116,21,0,0,2,Medium,Low,Low,Low,8.8,Low
Annamalaiyar Temple (Base),12.22754056165325,79.06768472875602,15,0,0,0,Medium,High,Medium,Low,25.2,Low
Annamalaiyar Temple (Base),12.227276119431021,79.067538443334,20,1,0,0,High,Low,Low,Low,0.0,Low
Annamalaiyar Temple (Base),12.224332267993121,79.06952600956619,13,0,0,0,High,Medium,High,Low,7.3,Low
Annamalaiyar Temple (Base),12.226308703489122,79.06913927840189,15,0,0,1,Low,Low,Medium,Low,13.1,Low
Annamalaiyar Temple (Base),12.22430776364641,79.0687064837406,1,0,0,1,Low,Low,Low,Low,10.5,Low
Annamalaiyar Temple (Base),12.227049746341624,79.06797962450959,13,0,0,1,High,Low,Medium,Low,4.2,Low
Annamalaiyar Temple (Base),12.22591697236469,79.06973558428584,13,0,0,0,High,Medium,Low,Low,1.7,Low
Annamalaiyar Temple (Base),12.22575527194829,79.06799526818548,4,0,0,1,Medium,High,Medium,Low,36.9,Medium
Annamalaiyar Temple (Base),12.226983156052954,79.06652276066488,16,1,0,1,Low,Medium,Medium,Low,20.4,Low
Annamalaiyar Temple (Base),12.225922326234416,79.0662705530592,15,0,0,2,Medium,Medium,Low,Low,11.0,Low
Annamalaiyar Temple (Base),12.224421174869171,79.06960498243531,8,0,0,1,Low,Low,Medium,Low,16.9,Low
Annamalaiyar Temple (Base),12.225805236290944,79.06674223728587,5,0,0,1,Low,Low,Low,Low,5.8,Low
Annamalaiyar Temple (Base),12.227256992978376,79.06897008483652,2,0,0,1,High,Low,Medium,Low,14.8,Low
Annamalaiyar Temple (Base),12.225778416984621,79.06886733794386,22,0,0,4,Medium,Low,Medium,Low,33.9,Medium
Annamalaiyar Temple (Base),12.227180933234246,79.06743532694657,16,0,0,0,Medium,Low,Medium,Low,8.4,Low
Annamalaiyar Temple (Base),12.224154586099766,79.06860045452504,17,0,0,0,Medium,Low,High,Low,1.8,Low
Annamalaiyar Temple (Base),12.22551582539606,79.06842456230324,23,0,0,1,Medium,High,Low,Low,28.9,Low
Annamalaiyar Temple (Base),12.224193431500865,79.06627789714972,1,0,0,0,Medium,Low,Low,Low,16.4,Low
Annamalaiyar Temple (Base),12.22696398589804,79.06748648545855,11,0,0,0,High,Medium,Medium,Low,6.6,Low
Annamalaiyar Temple (Base),12.22425717758834,79.06600520538677,10,0,0,0,High,Medium,Low,Low,1.3,Low
Annamalaiyar Temple (Base),12.224320126313465,79.06860675826312,22,0,0,2,Medium,Medium,Low,Low,30.7,Medium
Annamalaiyar Temple (Base),12.22754477542543,79.06818673006626,19,0,0,0,Medium,Low,Medium,Low,0.0,Low
Annamalaiyar Temple (Base),12.224881978386367,79.06890150057566,0,1,0,1,Low,High,High,Low,40.9,Medium
Annamalaiyar Temple (Base),12.224469663681248,79.0668055538605,15,0,0,0,Low,Medium,High,Low,25.1,Low
Annamalaiyar Temple (Base),12.224577547806561,79.06705920949373,23,0,0,1,Low,Low,Medium,Low,19.2,Low
Annamalaiyar Temple (Base),12.226507828511172,79.06886732070942,22,0,1,0,Low,Medium,Low,Low,16.3,Low
Annamalaiyar Temple (Base),12.226108395615285,79.06620893580019,21,1,0,1,Medium,Low,Medium,Low,4.7,Low
Annamalaiyar Temple (Base),12.226531034339223,79.06728352524175,4,0,0,0,Medium,Medium,Low,Low,20.1,Low
Annamalaiyar Temple (Base),12.224462938604798,79.06830212021987,6,0,1,1,Low,Medium,High,Low,19.1,Low
Annamalaiyar Temple (Base),12.227745396477497,79.06667310271722,16,0,0,0,Low,High,Medium,Low,26.9,Low
Annamalaiyar Temple (Base),12.227424032653225,79.06663775474337,11,0,0,0,Medium,Low,High,Low,18.5,Low
Annamalaiyar Temple (Base),12.224153370439229,79.06640412880827,19,0,0,1,Medium,Medium,High,Low,25.4,Low
Annamalaiyar Temple (Base),12.224497134809331,79.06631783610072,9,1,0,0,Medium,Low,Low,Low,0.0,Low
Annamalaiyar Temple (Base),12.224652250419846,79.06891453372259,11,0,0,0,High,Low,High,Low,1.1,Low
Annamalaiyar Temple (Base),12.225151584909465,79.06629859926738,8,0,0,0,High,Medium,Medium,Low,9.2,Low
Annamalaiyar Temple (Base),12.226018505917668,79.0669252683542,15,1,0,0,Low,Low,High,Low,14.5,Low
Annamalaiyar Temple (Base),12.225169698694232,79.06942142167459,17,0,0,0,Low,Low,Medium,Low,7.9,Low
Annamalaiyar Temple (Base),12.225482503992716,79.06957872042155,0,0,0,0,Medium,High,High,Low,35.8,Medium
Annamalaiyar Temple (Base),12.224952505098882,79.06662647797411,15,0,1,1,High,Low,Low,Low,8.6,Low
Annamalaiyar Temple (Base),12.224049773199082,79.06827429445097,22,0,0,0,Low,Low,High,Low,14.5,Low
Annamalaiyar Temple (Base),12.227970006298303,79.06582731046699,9,0,0,0,Medium,Low,Low,Low,0.0,Low
Annamalaiyar Temple (Base),12.225389594306892,79.0679111589899,8,0,0,0,Low,Low,Low,Low,2.8,Low
Annamalaiyar Temple (Base),12.227192557158292,79.0670665975062,8,0,0,0,Medium,Low,High,Low,17.0,Low
Annamalaiyar Temple (Base),12.22621647662962,79.06922980487356,4,0,0,3,Medium,Low,High,Low,31.3,Medium
Annamalaiyar Temple (Base),12.224079689647542,79.06803980407477,18,0,0,2,High,Low,Low,Low,5.2,Low
Annamalaiyar Temple (Base),12.227752779331237,79.06656070526678,4,0,0,1,High,Low,Medium,Low,16.4,Low
Annamalaiyar Temple (Base),12.22428603315788,79.06700482922207,8,0,0,1,Medium,Low,High,Low,20.7,Low
Annamalaiyar Temple (Base),12.226829805465453,79.06974656682235,23,0,0,1,Low,Medium,Medium,Low,17.9,Low
Annamalaiyar Temple (Base),12.226418274727767,79.06662899691172,6,0,0,1,Low,Low,Low,Low,7.6,Low
Annamalaiyar Temple (Base),12.22450044143193,79.0696582020531,9,0,0,1,High,High,High,Low,23.0,Low
Annamalaiyar Temple (Base),12.226893094167774,79.06709901666082,7,0,0,0,Medium,High,Low,Low,25.6,Low
Annamalaiyar Temple (Base),12.226767688131748,79.06604039111988,18,0,0,2,Medium,High,Low,Low,32.4,Medium
Annamalaiyar Temple (Base),12.226664287216614,79.06915929238089,15,0,1,1,Low,Medium,High,Low,23.7,Low
Annamalaiyar Temple (Base),12.226223753937065,79.06594402300611,14,1,1,0,Low,Low,High,Low,13.2,Low
Annamalaiyar Temple (Base),12.224752253927276,79.06667652075257,8,0,0,0,Low,Medium,Low,Low,9.4,Low
Annamalaiyar Temple (Base),12.22510251405256,79.0684932897809,9,0,0,1,Low,Low,Low,Low,11.1,Low
Annamalaiyar Temple (Base),12.22581816048704,79.06850157225534,17,0,0,1,Medium,Low,Medium,Low,6.4,Low
Annamalaiyar Temple (Base),12.22713358529972,79.06714168778453,22,0,0,0,Medium,Low,Medium,Low,15.7,Low
Annamalaiyar Temple (Base),12.226027572489553,79.06608333513255,17,0,0,0,High,High,Low,Low,12.7,Low
Annamalaiyar Temple (Base),12.224262658136961,79.06865428473921,10,0,0,0,Low,Low,Medium,Low,7.5,Low
Annamalaiyar Temple (Base),12.226153756520956,79.06609409257146,2,0,1,0,Low,Medium,Medium,Low,19.0,Low
Annamalaiyar Temple (Base),12.226704888781393,79.06751913059301,13,0,0,1,Medium,Low,Medium,Low,16.0,Low
Annamalaiyar Temple (Base),12.22702933871773,79.06603625590584,19,0,0,2,High,Low,High,Low,14.4,Low
Annamalaiyar Temple (Base),12.22526853805925,79.06638016205814,13,0,0,0,Low,Low,Medium,Low,0.0,Low
Annamalaiyar Temple (Base),12.225439567235387,79.06894401612519,15,0,0,0,High,Low,Medium,Low,0.0,Low
Annamalaiyar Temple (Base),12.227950556051034,79.06708665299328,13,0,0,0,Medium,Medium,High,Low,25.1,Low
Annamalaiyar Temple (Base),12.22538191354724,79.06580259115407,7,0,0,0,Low,Medium,High,Low,10.4,Low
Annamalaiyar Temple (Base),12.226976131877002,79.0696498036744,18,0,1,2,High,High,Medium,Low,26.4,Low
Annamalaiyar Temple (Base),12.224692822872262,79.06844148351817,8,0,0,2,Medium,Low,Low,Low,17.3,Low
Annamalaiyar Temple (Base),12.227782758439135,79.06683987877526,4,0,0,0,High,Low,Medium,Low,5.3,Low
Annamalaiyar Temple (Base),12.227703645914064,79.06907504555981,4,0,0,2,High,Low,High,Low,20.1,Low
Annamalaiyar Temple (Base),12.226591555741024,79.06648006571533,1,0,0,1,Low,Low,Low,Low,9.3,Low
Annamalaiyar Temple (Base),12.226046016612296,79.06858973059809,2,0,0,0,Low,Low,Medium,Low,9.3,Low
Annamalaiyar Temple (Base),12.225702906150836,79.06969440128653,16,0,1,2,Low,Medium,Medium,Low,23.1,Low
Annamalaiyar Temple (Base),12.226055301711314,79.06782464688175,2,0,0,0,Low,Medium,Medium,Low,16.5,Low
Annamalaiyar Temple (Base),12.227753393491145,79.06603910417988,12,0,0,0,Low,High,Medium,Low,23.4,Low
Annamalaiyar Temple (Base),12.226498035717944,79.06854221792275,12,0,0,2,Low,Medium,Medium,Low,25.8,Low
Annamalaiyar Temple (Base),12.226080482217341,79.06688853151573,9,0,1,0,High,Medium,High,Low,6.2,Low
Annamalaiyar Temple (Base),12.226412901513942,79.06742212806557,15,0,0,1,Medium,Low,Medium,Low,0.5,Low
Annamalaiyar Temple (Base),12.226960742371709,79.06610019050673,6,0,1,1,Low,Low,Medium,Low,7.9,Low
Annamalaiyar Temple (Base),12.226663815783436,79.06660083072258,8,1,0,0,High,Low,High,Low,6.7,Low
Annamalaiyar Temple (Base),12.227619261706037,79.0681814799107,8,0,0,1,High,Low,High,Low,1.5,Low
Annamalaiyar Temple (Base),12.226755736123824,79.06599462693167,10,0,0,0,High,High,Medium,Low,9.0,Low
Annamalaiyar Temple (Base),12.227020687906293,79.06786150556691,13,0,0,0,Low,Low,Medium,Low,13.9,Low
Annamalaiyar Temple (Base),12.227733134264968,79.06700573180613,10,0,0,0,Medium,Low,High,Low,14.7,Low
Annamalaiyar Temple (Base),12.224109850069272,79.06665290217057,12,0,0,1,High,Medium,Medium,Low,5.0,Low
Annamalaiyar Temple (Base),12.224077410460476,79.06618743007186,7,0,0,1,Medium,Low,Low,Low,0.0,Low
Annamalaiyar Temple (Base),12.227050595828386,79.06881456701714,18,0,0,2,Medium,Low,Low,Low,13.0,Low
Annamalaiyar Temple (Base),12.22747961548334,79.06973538294953,7,0,0,1,Medium,Low,High,Low,10.3,Low
Annamalaiyar Temple (Base),12.22405770971051,79.06775898679248,23,0,0,1,High,Medium,High,Low,24.3,Low
Annamalaiyar Temple (Base),12.22409126378333,79.06955432923317,4,0,1,2,Medium,Low,Low,Low,20.0,Low
Annamalaiyar Temple (Base),12.22445326697514,79.06848003394114,0,0,0,0,Low,Low,Medium,Low,11.3,Low
Annamalaiyar Temple (Base),12.226910436706667,79.06655688621736,1,1,0,1,Low,Medium,Medium,Low,29.8,Low
Annamalaiyar Temple (Base),12.225740650685688,79.06657645823441,10,0,1,0,Low,Low,Low,Low,4.3,Low
Annamalaiyar Temple (Base),12.225809644835772,79.06911840643961,5,0,0,3,Low,Low,High,Low,27.9,Low
Annamalaiyar Temple (Base),12.224127240367245,79.0686510580573,6,0,0,1,Medium,Low,High,Low,8.4,Low
Annamalaiyar Temple (Base),12.226031435745089,79.06817243643155,7,0,0,1,Medium,Medium,Medium,Low,22.9,Low
Annamalaiyar Temple (Base),12.224757047788934,79.06679163192746,0,0,0,0,Low,Low,Medium,Low,5.7,Low
Annamalaiyar Temple (Base),12.225304230684804,79.0695735048105,1,0,0,1,High,Medium,Medium,Low,12.2,Low
Annamalaiyar Temple (Base),12.224401899113687,79.06621982148879,17,0,0,0,Low,Medium,Medium,Low,7.6,Low
Annamalaiyar Temple (Base),12.22772521091334,79.06921675673716,15,0,0,3,Low,Low,Medium,Low,15.5,Low
Annamalaiyar Temple (Base),12.226223380272096,79.06617539344876,4,0,1,0,Medium,Low,High,Low,16.6,Low
Annamalaiyar Temple (Base),12.22436917836535,79.0664958785044,10,0,1,1,Medium,Medium,High,Low,29.9,Low
Annamalaiyar Temple (Base),12.224668666192334,79.06872675959823,21,0,0,0,High,Low,Low,Low,3.1,Low
Annamalaiyar Temple (Base),12.225093521652035,79.0678576900122,21,0,1,0,Low,Low,High,Low,8.2,Low
Annamalaiyar Temple (Base),12.224969358726744,79.06733785175796,22,0,0,1,Medium,Low,Medium,Low,20.5,Low
Annamalaiyar Temple (Base),12.226542372389751,79.06622753329859,13,0,0,0,High,Medium,Medium,Low,10.1,Low
Annamalaiyar Temple (Base),12.227277246477406,79.06709385607427,15,0,0,0,High,Low,Medium,Low,0.0,Low
Annamalaiyar Temple (Base),12.224770601043485,79.06611685461071,6,0,0,0,Low,Medium,Low,Low,14.7,Low
Annamalaiyar Temple (Base),12.2270754710858,79.0697800026459,19,0,0,3,Low,Low,High,Low,22.8,Low
Annamalaiyar Temple (Base),12.226478082896815,79.06715308475339,23,0,0,2,Low,Medium,Medium,Low,36.4,Medium
Annamalaiyar Temple (Base),12.225343704713474,79.06584615690441,19,1,0,1,Low,High,Medium,Low,25.6,Low
Annamalaiyar Temple (Base),12.225523279007183,79.06924992438606,17,0,1,1,High,Low,Medium,Low,9.2,Low
Annamalaiyar Temple (Base),12.224221542381086,79.06709714583235,4,0,0,0,Medium,High,Low,Low,27.4,Low
Annamalaiyar Temple (Base),12.22624279412534,79.06600795027573,5,0,0,0,Low,Low,Medium,Low,0.0,Low
Annamalaiyar Temple (Base),12.224631346597103,79.06955210981513,23,0,1,0,Low,High,Medium,Low,19.4,Low
Annamalaiyar Temple (Base),12.227144354019547,79.06711040037521,3,0,0,0,Medium,Low,High,Low,22.4,Low
Annamalaiyar Temple (Base),12.22556146808791,79.06720923634094,19,0,0,1,Medium,Low,High,Low,13.6,Low
Annamalaiyar Temple (Base),12.226287106307119,79.06721864355514,1,0,0,0,Low,Low,Medium,Low,13.4,Low
Annamalaiyar Temple (Base),12.227690255608655,79.06775061140479,5,0,0,1,High,Low,Low,Low,2.4,Low
Annamalaiyar Temple (Base),12.226383568337045,79.06609108807153,3,0,0,0,Low,Low,High,Low,17.4,Low
Annamalaiyar Temple (Base),12.224348678811976,79.06616644814126,3,0,0,2,Low,Low,Medium,Low,33.5,Medium
Annamalaiyar Temple (Base),12.224973604116064,79.06793055875174,22,0,0,1,Low,Low,Low,Low,20.6,Low
Annamalaiyar Temple (Base),12.224685945561227,79.06638291274105,13,1,0,2,Medium,Low,Low,Low,11.2,Low
Annamalaiyar Temple (Base),12.224861391767215,79.0659377063442,19,0,0,2,Low,High,Medium,Low,23.8,Low
Annamalaiyar Temple (Base),12.22792029131267,79.06888797218663,23,0,0,1,Low,Low,Medium,Low,21.8,Low
Annamalaiyar Temple (Base),12.227141866984963,79.06618179929436,18,0,0,0,Medium,Low,High,Low,20.4,Low
Annamalaiyar Temple (Base),12.226866518069667,79.06719863830321,21,0,0,0,Low,Medium,High,Low,21.0,Low
Annamalaiyar Temple (Base),12.224468087533873,79.06870475643511,9,0,0,2,Medium,High,High,Low,37.6,Medium
Annamalaiyar Temple (Base),12.225611111168693,79.06905531547076,15,0,0,1,Low,Medium,Medium,Low,19.2,Low
Annamalaiyar Temple (Base),12.225315288146193,79.06906030315531,17,0,0,1,Medium,Low,High,Low,16.8,Low
Annamalaiyar Temple (Base),12.22446047145155,79.06633691298573,2,0,0,1,Low,High,Medium,Low,33.0,Medium
Annamalaiyar Temple (Base),12.224722859816485,79.06790119933227,12,0,0,0,Low,Low,Low,Low,0.0,Low
Annamalaiyar Temple (Base),12.226560337168136,79.06911382618703,11,0,0,0,Low,Medium,Low,Low,5.5,Low
Annamalaiyar Temple (Base),12.22763365164239,79.06966005649409,7,0,0,0,Low,Low,Low,Low,3.1,Low
Annamalaiyar Temple (Base),12.225352734912748,79.06907435610823,23,0,1,2,High,Medium,Medium,Low,28.9,Low
Annamalaiyar Temple (Base),12.224852086370742,79.06625163316905,9,0,0,0,High,Low,Medium,Low,3.4,Low
Annamalaiyar Temple (Base),12.22549020606185,79.0669609376127,10,0,0,2,Low,High,Low,Low,28.2,Low
Annamalaiyar Temple (Base),12.224763051330852,79.06887063318152,10,0,1,0,Low,Low,Medium,Low,16.4,Low
Annamalaiyar Temple (Base),12.227817740485856,79.06755699362039,6,0,0,1,Low,Low,Medium,Low,3.7,Low
Annamalaiyar Temple (Base),12.22437595245676,79.06810841391093,14,0,0,0,Low,Medium,High,Low,6.2,Low
Annamalaiyar Temple (Base),12.225950356484923,79.06976327155802,14,0,1,0,High,Low,Medium,Low,0.0,Low
Annamalaiyar Temple (Base),12.224394350200042,79.06925154545934,8,0,0,0,Medium,Low,Medium,Low,1.0,Low
Annamalaiyar Temple (Base),12.22654157396628,79.06626998366708,11,0,0,0,Medium,High,Low,Low,20.5,Low
Annamalaiyar Temple (Base),12.224159668055806,79.06614511402576,11,0,1,2,Medium,Low,High,Low,25.3,Low
Annamalaiyar Temple (Base),12.224626269698176,79.06971876663823,18,0,0,0,Medium,Low,High,Low,2.3,Low
Annamalaiyar Temple (Base),12.225310513311292,79.06926600346345,3,0,0,0,Low,Medium,High,Low,20.4,Low
Annamalaiyar Temple (Base),12.227494509436925,79.06876959553519,9,0,1,0,Medium,Low,Low,Low,4.0,Low
Annamalaiyar Temple (Base),12.227229621174299,79.06885800748816,16,0,0,0,High,Medium,Medium,Low,7.4,Low
Annamalaiyar Temple (Base),12.225190754868951,79.06595126897648,7,1,1,3,Medium,Low,Low,Low,20.0,Low
Annamalaiyar Temple (Base),12.226652765614098,79.06872157752497,20,0,0,3,Low,Low,High,Low,23.9,Low
Annamalaiyar Temple (Base),12.225790958716185,79.06904434304388,6,0,0,4,High,Low,Medium,Low,34.5,Medium
Annamalaiyar Temple (Base),12.225022034520652,79.06760300172343,13,0,0,1,Low,Low,High,Low,23.4,Low
Annamalaiyar Temple (Base),12.226212628272773,79.0666199283152,19,0,0,2,High,Low,High,Low,24.3,Low
Annamalaiyar Temple (Base),12.224684028721956,79.06581758009258,6,0,0,2,High,Low,Medium,Low,15.4,Low
Annamalaiyar Temple (Base),12.22758292366301,79.06682476036706,10,0,0,0,Medium,Low,Medium,Low,12.9,Low
Annamalaiyar Temple (Base),12.22506858802146,79.06754847179728,9,0,0,0,Medium,Low,Low,Low,0.2,Low
Annamalaiyar Temple (Base),12.224606923610814,79.0685684150784,22,0,0,3,Medium,Low,Low,Low,16.7,Low
Annamalaiyar Temple (Base),12.224987376654253,79.06921122969429,13,0,1,0,Low,Low,High,Low,10.2,Low
Annamalaiyar Temple (Base),12.227404411504684,79.0690588351768,16,0,0,0,Medium,Low,Low,Low,2.0,Low
Annamalaiyar Temple (Base),12.224227904192436,79.06830330364174,8,0,0,0,High,Low,Low,Low,0.0,Low
Annamalaiyar Temple (Base),12.225581712931378,79.06857723170745,3,0,1,0,High,Low,Low,Low,12.9,Low
Annamalaiyar Temple (Base),12.227373732601471,79.06802680566344,4,0,1,0,High,Low,Low,Low,2.9,Low
Annamalaiyar Temple (Base),12.226023064782185,79.06829607276762,23,0,0,2,High,Medium,Medium,Low,32.7,Medium
Annamalaiyar Temple (Base),12.227251659848728,79.06966315070014,1,0,0,0,Medium,Medium,Medium,Low,19.7,Low
Annamalaiyar Temple (Base),12.22529555355769,79.0682418939006,0,0,0,3,Low,High,Low,Low,38.6,Medium
Annamalaiyar Temple (Base),12.227851623807702,79.06752510054707,7,0,0,1,Low,Medium,Medium,Low,16.7,Low
Annamalaiyar Temple (Base),12.226511904537405,79.06819737535295,0,0,0,1,Low,Medium,Low,Low,20.9,Low
Annamalaiyar Temple (Base),12.226938467234138,79.06762582988587,20,0,0,1,High,Low,Low,Low,10.7,Low
Annamalaiyar Temple (Base),12.22627719192318,79.06745827455187,19,0,1,0,Medium,Low,Low,Low,8.8,Low
Annamalaiyar Temple (Base),12.224212199685072,79.06666817106189,18,0,0,4,Medium,High,High,Low,44.9,Medium
Annamalaiyar Temple (Base),12.226151419275283,79.06854114102998,13,0,0,0,Low,Medium,Medium,Low,9.3,Low
Annamalaiyar Temple (Base),12.226056249433086,79.06961518894579,18,0,0,0,Medium,Low,Medium,Low,3.3,Low
Annamalaiyar Temple (Base),12.224145358658784,79.06831413822172,3,0,0,3,High,Low,Medium,Low,21.5,Low
Annamalaiyar Temple (Base),12.226064985830734,79.06727418194075,7,0,0,0,Low,Low,Low,Low,0.0,Low
Annamalaiyar Temple (Base),12.226681212679681,79.0681812318357,17,0,0,1,Low,Low,Medium,Low,4.1,Low
Annamalaiyar Temple (Base),12.224936744678804,79.0667805226501,21,0,0,3,High,Low,High,Low,25.8,Low
Annamalaiyar Temple (Base),12.227309860126343,79.06812236294878,21,0,0,1,Low,Low,Medium,Low,11.2,Low
Annamalaiyar Temple (Base),12.224072333236531,79.0659276291837,17,0,1,2,Low,Low,Low,Low,14.3,Low
Annamalaiyar Temple (Base),12.2259307831697,79.06971922680682,23,0,0,2,Medium,High,High,Low,33.7,Medium
Annamalaiyar Temple (Base),12.224396888331034,79.06768027664675,14,0,1,2,Low,Low,Medium,Low,21.7,Low
Annamalaiyar Temple (Base),12.224024957143804,79.06714303243315,6,0,0,0,Medium,Low,Medium,Low,0.6,Low
Annamalaiyar Temple (Base),12.22438648798563,79.06926657164155,22,0,0,1,High,Low,High,Low,18.7,Low
Annamalaiyar Temple (Base),12.226800255792055,79.06903783732932,8,0,1,1,High,Low,Medium,Low,11.2,Low
Annamalaiyar Temple (Base),12.226457159170183,79.06622056704354,15,0,0,0,Medium,Low,High,Low,9.4,Low
Annamalaiyar Temple (Base),12.227616586788065,79.06801796104023,8,0,0,2,High,Low,High,Low,15.2,Low
Annamalaiyar Temple (Base),12.226245438900706,79.06771085502858,14,0,0,1,Low,Low,Medium,Low,6.3,Low
Annamalaiyar Temple (Base),12.227922795291596,79.06836324542658,11,0,0,1,High,Medium,High,Low,14.2,Low
Annamalaiyar Temple (Base),12.22459227927076,79.06617581455919,2,0,0,2,Low,Low,Low,Low,21.5,Low
Annamalaiyar Temple (Base),12.225553336714515,79.06620359610456,11,0,0,1,Medium,Medium,Medium,Low,30.9,Medium
Annamalaiyar Temple (Base),12.227157184632805,79.0690314166309,2,0,0,4,Medium,Low,Low,Low,30.0,Medium
Annamalaiyar Temple (Base),12.225904145303218,79.06712446070395,4,0,0,0,Medium,Medium,High,Low,24.3,Low
Annamalaiyar Temple (Base),12.227307230815494,79.06975024412128,22,0,0,1,High,Low,High,Low,23.0,Low
Annamalaiyar Temple (Base),12.226559082798778,79.06796771959098,10,0,0,2,High,Medium,High,Low,21.6,Low
Annamalaiyar Temple (Base),12.226011151183064,79.06678861898683,13,0,1,2,Medium,Low,High,Low,13.2,Low
Annamalaiyar Temple (Base),12.225251161317916,79.06590009311842,19,0,0,1,High,Medium,High,Low,23.5,Low
Annamalaiyar Temple (Base),12.225154772957278,79.06884567176847,23,0,0,1,Low,High,Low,Low,37.0,Medium
Annamalaiyar Temple (Base),12.225148501736587,79.06875338373462,8,0,1,1,High,Low,Medium,Low,4.2,Low
Annamalaiyar Temple (Base),12.224404494930857,79.06799967599213,17,0,0,0,High,High,Low,Low,10.8,Low
Annamalaiyar Temple (Base),12.225349705487302,79.06876647359786,7,0,1,0,Low,Low,High,Low,2.5,Low
Annamalaiyar Temple (Base),12.2267832501059,79.06731193464248,16,0,0,0,Low,Medium,Low,Low,8.8,Low
Annamalaiyar Temple (Base),12.22477349265016,79.06940002941666,1,0,0,1,High,Low,Medium,Low,17.6,Low
Annamalaiyar Temple (Base),12.225271101009243,79.06922263845767,21,0,0,0,High,Low,Medium,Low,2.2,Low
Annamalaiyar Temple (Base),12.225993357591493,79.06952356872159,23,0,0,1,Low,Low,Medium,Low,18.6,Low
Annamalaiyar Temple (Base),12.224190378935418,79.06740428475727,23,0,0,1,High,Low,Medium,Low,8.1,Low
Annamalaiyar Temple (Base),12.22755524164454,79.0676576879495,13,0,0,2,Low,Medium,Medium,Low,23.0,Low
Annamalaiyar Temple (Base),12.225561642007928,79.06758128897474,22,0,0,1,Low,Low,Medium,Low,26.0,Low
Annamalaiyar Temple (Base),12.226628458420421,79.06710633800691,12,0,0,1,Medium,High,Low,Low,23.2,Low
Annamalaiyar Temple (Base),12.22600580865822,79.06602315217812,20,0,0,0,High,Low,Medium,Low,0.0,Low
Annamalaiyar Temple (Base),12.22468787215538,79.06775557411466,20,0,0,2,High,Low,Medium,Low,9.1,Low
Annamalaiyar Temple (Base),12.22459349817851,79.06828920159599,10,0,0,0,High,High,Medium,Low,19.0,Low
Annamalaiyar Temple (Base),12.2244753881811,79.06830904328194,6,0,0,0,Medium,Medium,Medium,Low,9.2,Low
Annamalaiyar Temple (Base),12.224602632624098,79.0661574780429,5,0,0,0,High,Medium,Medium,Low,0.6,Low
Annamalaiyar Temple (Base),12.227325301301931,79.06615338153196,23,0,0,0,Low,Low,Medium,Low,18.0,Low
Annamalaiyar Temple (Base),12.224762626507056,79.0683011843131,0,0,1,0,Low,High,Medium,Low,27.2,Low
Annamalaiyar Temple (Base),12.224616604589176,79.06625765432636,3,0,0,0,Low,Low,High,Low,22.9,Low
Annamalaiyar Temple (Base),12.226279930822843,79.06848208121701,8,0,0,0,Medium,Low,Low,Low,0.0,Low
Annamalaiyar Temple (Base),12.225610496290084,79.06764218355593,9,0,1,0,High,Low,Medium,Low,0.0,Low
Annamalaiyar Temple (Base),12.224536060543608,79.06872675196959,21,0,0,0,High,Medium,Low,Low,11.8,Low
Annamalaiyar Temple (Base),12.22785703278508,79.06806889472354,10,0,0,2,High,Medium,Medium,Low,18.2,Low
Annamalaiyar Temple (Base),12.224779356447627,79.0682334287999,12,0,0,0,Medium,Medium,Low,Low,10.5,Low
Annamalaiyar Temple (Base),12.224736516722382,79.06891051149768,22,0,1,0,Medium,Medium,Medium,Low,18.5,Low
Annamalaiyar Temple (Base),12.224944196257745,79.06732685529947,12,0,1,0,Medium,High,Medium,Low,10.5,Low
Annamalaiyar Temple (Base),12.227915183184752,79.06877767320076,17,1,0,1,Low,Medium,Low,Low,18.9,Low
Annamalaiyar Temple (Base),12.226930674923954,79.0688500545158,13,0,0,1,Low,Low,Medium,Low,9.3,Low
Annamalaiyar Temple (Base),12.227231775911825,79.0667818410377,23,0,0,0,Medium,Medium,Medium,Low,28.2,Low
Annamalaiyar Temple (Base),12.22727205375013,79.06829045984361,22,0,0,0,High,Medium,Low,Low,8.4,Low
Annamalaiyar Temple (Base),12.224726380911655,79.0680612880897,15,0,0,1,Low,Medium,Medium,Low,22.6,Low
Annamalaiyar Temple (Base),12.225863981467322,79.06946794175995,20,0,0,2,Medium,Low,Medium,Low,20.6,Low
Annamalaiyar Temple (Base),12.227123144748408,79.06818931705803,6,0,1,2,High,Medium,High,Low,26.8,Low
Annamalaiyar Temple (Base),12.225312930003152,79.06909726114856,10,0,0,1,High,Medium,Medium,Low,18.2,Low
Annamalaiyar Temple (Base),12.226911026315337,79.06969885532105,8,0,0,1,High,Medium,Low,Low,9.4,Low
Annamalaiyar Temple (Base),12.227223286402333,79.067968176689,23,0,0,1,High,Medium,Low,Low,21.8,Low
Annamalaiyar Temple (Base),12.22405816779262,79.06694668999921,10,1,0,1,Medium,High,Medium,Low,32.2,Medium
Annamalaiyar Temple (Base),12.227467074265165,79.06848792102171,6,0,0,1,Medium,Low,Medium,Low,0.4,Low
Annamalaiyar Temple (Base),12.226846689120434,79.06874916444852,11,0,0,0,Low,Medium,Low,Low,0.0,Low
Annamalaiyar Temple (Base),12.226996381376694,79.06877478061641,15,0,0,1,High,Low,Low,Low,0.0,Low
Annamalaiyar Temple (Base),12.226592181745072,79.06601341644243,2,0,1,1,Medium,Low,High,Low,17.1,Low
Annamalaiyar Temple (Base),12.226858358231057,79.06946201733624,12,0,0,2,Medium,Low,Low,Low,9.2,Low
Annamalaiyar Temple (Base),12.22662330491312,79.06713339469613,23,0,0,1,Low,High,Medium,Low,28.2,Low
Annamalaiyar Temple (Base),12.227120071921206,79.0688829433564,19,1,0,1,Low,Low,Medium,Low,9.6,Low
Annamalaiyar Temple (Base),12.224733003317747,79.06630279822976,22,0,0,1,Low,Low,Medium,Low,10.2,Low
Annamalaiyar Temple (Base),12.227213971533105,79.06697090158997,14,0,0,0,Medium,Low,High,Low,7.0,Low
Annamalaiyar Temple (Base),12.226140668381833,79.06597257336541,4,0,0,2,Low,High,Medium,Low,43.8,Medium
Annamalaiyar Temple (Base),12.224268510196202,79.06926303848621,9,0,0,2,Low,Low,Low,Low,16.4,Low
Annamalaiyar Temple (Base),12.22782101134195,79.06806584452117,10,0,0,2,Low,Low,Low,Low,15.9,Low
Annamalaiyar Temple (Base),12.224879987550219,79.06908642408342,23,0,0,1,Medium,Low,Medium,Low,22.0,Low
Annamalaiyar Temple (Base),12.226812944187055,79.06617849922164,22,0,0,0,Medium,Low,Medium,Low,3.5,Low
Annamalaiyar Temple (Base),12.227982190395327,79.06972760131939,19,1,0,0,Low,Low,High,Low,1.0,Low
Annamalaiyar Temple (Base),12.227793352202369,79.06802248135514,0,0,0,0,Low,Low,Low,Low,11.4,Low
Annamalaiyar Temple (Base),12.224241867301394,79.0660193463468,8,0,0,0,Medium,Medium,Low,Low,0.7,Low
Annamalaiyar Temple (Base),12.22652621988208,79.0659049022524,22,0,0,0,Medium,Low,High,Low,17.9,Low
Annamalaiyar Temple (Base),12.227452785988215,79.06700356921806,15,0,0,1,Medium,Low,Medium,Low,8.4,Low
Annamalaiyar Temple (Base),12.225231215064595,79.0689816695788,6,0,0,2,Low,Medium,Medium,Low,27.5,Low
Annamalaiyar Temple (Base),12.2256242116418,79.06837382924277,21,0,0,2,Medium,Low,Medium,Low,13.6,Low
Annamalaiyar Temple (Base),12.224519341267428,79.06916418972392,8,0,0,0,High,Medium,High,Low,14.8,Low
Annamalaiyar Temple (Base),12.226633073232241,79.06611041293785,10,0,1,1,Medium,Low,High,Low,10.9,Low
Annamalaiyar Temple (Base),12.227768662243546,79.06772255885718,10,0,0,0,Low,Medium,Low,Low,10.1,Low
Annamalaiyar Temple (Base),12.22725734978289,79.06662163624947,14,0,0,1,High,Low,Medium,Low,10.1,Low
Annamalaiyar Temple (Base),12.227824085101648,79.06649895312704,15,0,0,0,High,Medium,Low,Low,6.6,Low
Annamalaiyar Temple (Base),12.22434751576252,79.06828829574374,4,0,0,0,High,Low,High,Low,13.0,Low
Annamalaiyar Temple (Base),12.224227542339396,79.0667779465204,7,0,1,1,Medium,Medium,High,Low,16.3,Low
Annamalaiyar Temple (Base),12.226944060983529,79.06879502305338,1,0,0,2,High,Medium,High,Low,36.2,Medium
Annamalaiyar Temple (Base),12.224071549443801,79.06929561545564,21,0,0,0,High,Low,High,Low,4.3,Low
Annamalaiyar Temple (Base),12.226303931354222,79.06845585515994,7,0,1,0,High,Medium,High,Low,6.2,Low
Annamalaiyar Temple (Base),12.225976696559902,79.06586736749577,14,0,0,2,Medium,Medium,Low,Low,16.3,Low
Annamalaiyar Temple (Base),12.227536125177725,79.06750547036631,21,1,0,0,Low,High,Medium,Low,27.3,Low
Annamalaiyar Temple (Base),12.22416511897027,79.0671753254465,15,0,0,0,High,Low,Medium,Low,0.4,Low
Annamalaiyar Temple (Base),12.227451924801688,79.06973867343999,19,0,0,1,Low,Medium,Low,Low,8.6,Low
Annamalaiyar Temple (Base),12.224115436312667,79.06925375943814,18,0,0,1,Low,Low,High,Low,15.0,Low
Annamalaiyar Temple (Base),12.225761527055083,79.06733715852353,2,0,1,0,Medium,High,Low,Low,20.4,Low
Annamalaiyar Temple (Base),12.226173034774156,79.06693342706295,5,0,0,1,High,High,Medium,Low,29.3,Low
Annamalaiyar Temple (Base),12.225566656046276,79.06889972241845,5,0,0,0,Low,Low,Low,Low,0.0,Low
Annamalaiyar Temple (Base),12.225458918810784,79.06814492519388,14,0,0,1,Medium,Low,High,Low,21.0,Low
Annamalaiyar Temple (Base),12.226577133138429,79.06936909027961,23,0,0,1,High,High,Low,Low,35.6,Medium
Annamalaiyar Temple (Base),12.225533437706014,79.06697718065757,1,0,0,1,Medium,Low,Medium,Low,13.1,Low
Annamalaiyar Temple (Base),12.226173242160957,79.06957428213943,11,0,0,1,Medium,Low,High,Low,16.2,Low
Annamalaiyar Temple (Base),12.227950782189897,79.06638730305322,10,0,0,0,Medium,Medium,Medium,Low,12.6,Low
Annamalaiyar Temple (Base),12.224712846075064,79.06599698447296,18,0,0,0,Low,High,High,Low,33.7,Medium
Annamalaiyar Temple (Base),12.224057757505953,79.0687441725694,18,0,0,1,Low,High,Low,Low,23.4,Low
Annamalaiyar Temple (Base),12.225284820924792,79.06703135669493,0,0,0,1,High,Medium,Medium,Low,18.2,Low
Annamalaiyar Temple (Base),12.224558150818691,79.0674954298718,3,0,1,1,High,Low,High,Low,21.9,Low
Annamalaiyar Temple (Base),12.225061565283495,79.0664404696192,14,0,0,0,High,Medium,High,Low,7.6,Low
Annamalaiyar Temple (Base),12.22746496342181,79.0693359497588,16,0,0,1,High,Low,Medium,Low,0.0,Low
Annamalaiyar Temple (Base),12.226330600762246,79.0690156673818,16,0,0,0,High,Medium,Medium,Low,4.6,Low
Annamalaiyar Temple (Base),12.22436203525083,79.06665411743087,18,0,0,1,Low,Low,Medium,Low,13.6,Low
Annamalaiyar Temple (Base),12.22604914820925,79.06748289773684,14,1,0,0,Medium,Medium,Medium,Low,10.8,Low
Annamalaiyar Temple (Base),12.22495686066057,79.06875042156138,12,0,0,2,Medium,Medium,Low,Low,21.8,Low
Annamalaiyar Temple (Base),12.226072115866025,79.06781873370159,12,0,0,3,High,Medium,Medium,Low,21.4,Low
Annamalaiyar Temple (Base),12.224664388099663,79.06677907600316,16,0,0,0,Low,Medium,Medium,Low,6.7,Low
Annamalaiyar Temple (Base),12.225811530716511,79.06671224138617,10,0,0,1,Low,High,High,Low,30.6,Medium
Annamalaiyar Temple (Base),12.22513091204686,79.06745344014925,15,0,1,2,High,Medium,High,Low,19.5,Low
Annamalaiyar Temple (Base),12.22433484592988,79.06951023374978,8,0,0,1,High,Low,Low,Low,6.0,Low
Annamalaiyar Temple (Base),12.226282768339406,79.06593348570213,14,0,0,1,Medium,Medium,Medium,Low,19.4,Low
Annamalaiyar Temple (Base),12.227951523897714,79.06588944806398,11,0,0,2,High,Medium,High,Low,22.8,Low
Annamalaiyar Temple (Base),12.227986041863145,79.06936851175769,12,0,0,1,High,Medium,Medium,Low,23.5,Low
Annamalaiyar Temple (Base),12.227020844461402,79.06656477074006,10,0,0,0,Medium,Low,Medium,Low,6.0,Low
Annamalaiyar Temple (Base),12.2243307865396,79.06675881835531,22,0,0,0,Low,Low,High,Low,10.7,Low
Annamalaiyar Temple (Base),12.225655407230665,79.0692725868687,4,0,0,1,Medium,Low,High,Low,17.2,Low
Annamalaiyar Temple (Base),12.227877426768552,79.06710675386094,3,0,1,3,Low,Low,Medium,Low,29.3,Low
Annamalaiyar Temple (Base),12.227417834484433,79.06781946209378,2,0,1,0,Medium,Low,Low,Low,4.9,Low
Annamalaiyar Temple (Base),12.226934761775825,79.0687607197522,6,0,0,2,Low,Low,High,Low,14.8,Low
Annamalaiyar Temple (Base),12.226137421759782,79.06908721694401,23,0,0,1,Medium,High,High,Low,32.9,Medium
Annamalaiyar Temple (Base),12.225897721088621,79.06890053672011,6,0,0,1,High,Low,Medium,Low,1.4,Low
Annamalaiyar Temple (Base),12.227900884306608,79.06863139950656,17,0,0,1,Medium,Medium,Medium,Low,22.6,Low
Annamalaiyar Temple (Base),12.224293644226046,79.06801607937611,21,0,0,1,Medium,Low,High,Low,15.2,Low
Annamalaiyar Temple (Base),12.22739540983499,79.0696908365487,13,0,0,0,Medium,Low,Medium,Low,4.5,Low
Annamalaiyar Temple (Base),12.22622222338802,79.06830671584129,0,0,0,0,Low,High,High,Low,28.5,Low
Annamalaiyar Temple (Base),12.22410645570773,79.06651295467118,16,0,0,1,Low,Low,Low,Low,11.3,Low
Annamalaiyar Temple (Base),12.226105056511507,79.06894293878541,21,0,0,1,Low,Medium,Low,Low,15.5,Low
Annamalaiyar Temple (Base),12.225523322564726,79.06652450364155,18,0,0,2,Medium,Low,Low,Low,16.1,Low
Annamalaiyar Temple (Base),12.226269865645602,79.06736227144029,16,0,0,1,Medium,High,Medium,Low,28.9,Low
Annamalaiyar Temple (Base),12.224747276097107,79.06746968293005,2,0,0,0,Low,High,Low,Low,23.4,Low
Annamalaiyar Temple (Base),12.22431823098297,79.06718102055937,21,0,0,3,High,High,Medium,Low,30.6,Medium
Annamalaiyar Temple (Base),12.226054670856042,79.06902197912004,22,0,0,1,High,Medium,Low,Low,21.8,Low
Annamalaiyar Temple (Base),12.227703460610925,79.06936481412629,19,0,0,0,Low,Medium,Low,Low,3.6,Low
Annamalaiyar Temple (Base),12.22589207297301,79.06886239510509,16,0,0,1,Low,Low,Low,Low,12.6,Low
Annamalaiyar Temple (Base),12.22578839802584,79.06892029172747,2,0,0,1,Medium,Medium,High,Low,31.5,Medium
Annamalaiyar Temple (Base),12.227466728702224,79.06776671041081,3,0,0,1,High,Low,Low,Low,14.8,Low
Annamalaiyar Temple (Base),12.227652535380741,79.06971197926971,21,0,0,0,Low,Medium,Medium,Low,5.3,Low
Annamalaiyar Temple (Base),12.224433925533626,79.06798557013732,5,0,0,3,High,Low,High,Low,18.3,Low
Annamalaiyar Temple (Base),12.225286268627576,79.06919839130244,17,0,0,0,Low,Low,High,Low,12.3,Low
Annamalaiyar Temple (Base),12.224285911281404,79.06695291294479,21,0,0,1,Medium,Low,Medium,Low,20.5,Low
Annamalaiyar Temple (Base),12.227079815201698,79.06689201957123,6,0,0,0,Medium,Low,High,Low,8.8,Low
Annamalaiyar Temple (Base),12.225644642785102,79.0667209064763,11,0,0,1,Medium,Medium,Medium,Low,20.5,Low
Annamalaiyar Temple (Base),12.22784841349607,79.06948901915294,17,0,0,1,Low,Medium,Medium,Low,21.0,Low
Annamalaiyar Temple (Base),12.224490733039143,79.06735421573607,12,0,0,1,High,Medium,Medium,Low,17.6,Low
Annamalaiyar Temple (Base),12.225068187603949,79.06912716076111,16,0,0,0,Medium,Medium,Medium,Low,13.3,Low
Annamalaiyar Temple (Base),12.226021638643722,79.0677667740931,3,0,0,3,High,Low,Low,Low,25.7,Low
Annamalaiyar Temple (Base),12.226462599783574,79.0679780514397,13,1,0,0,High,Low,High,Low,0.0,Low
Annamalaiyar Temple (Base),12.226752378718002,79.06874517730444,10,0,0,3,Medium,Low,Medium,Low,13.4,Low
Annamalaiyar Temple (Base),12.225114441419775,79.06781064318425,3,0,0,0,High,Low,High,Low,6.1,Low
Annamalaiyar Temple (Base),12.227142189747418,79.06694945924967,2,0,0,2,Low,Low,Medium,Low,29.5,Low
Annamalaiyar Temple (Base),12.226860040132555,79.06652603042559,12,0,0,2,Medium,Low,Low,Low,6.9,Low
Annamalaiyar Temple (Base),12.226747943354482,79.06705754663194,9,0,0,1,Low,Low,Medium,Low,10.6,Low
Annamalaiyar Temple (Base),12.224087072633465,79.06699454610438,10,0,0,1,Medium,High,High,Low,37.0,Medium
Annamalaiyar Temple (Base),12.225027222147085,79.06911136964223,14,0,0,0,Low,Low,High,Low,8.6,Low
Annamalaiyar Temple (Base),12.226655646006428,79.06938528568368,15,0,0,0,Medium,Medium,Medium,Low,13.8,Low
Annamalaiyar Temple (Base),12.224880758048444,79.06947348481535,13,0,0,3,Low,Low,High,Low,28.6,Low
Annamalaiyar Temple (Base),12.226871606720474,79.06630169661875,0,0,1,0,High,High,High,Low,26.2,Low
Annamalaiyar Temple (Base),12.224282111628389,79.0680370229118,0,0,0,3,High,Low,Medium,Low,33.0,Medium
Annamalaiyar Temple (Base),12.226859703755482,79.06905736257022,14,0,0,1,Low,Low,High,Low,11.3,Low
Annamalaiyar Temple (Base),12.224154428050813,79.06849369237258,21,0,0,1,High,High,Medium,Low,22.9,Low
Annamalaiyar Temple (Base),12.227209586435169,79.0693445501672,18,0,0,0,Medium,Low,High,Low,1.7,Low
Annamalaiyar Temple (Base),12.225606874838254,79.06762559278387,19,0,0,2,Low,Low,Medium,Low,18.2,Low
Annamalaiyar Temple (Base),12.22718447176682,79.06909306798617,7,0,0,1,Low,Low,Medium,Low,18.0,Low
Annamalaiyar Temple (Base),12.22524276216466,79.06910202103903,11,0,0,1,Medium,Low,High,Low,15.5,Low
Annamalaiyar Temple (Base),12.22606232323485,79.06652958763317,12,0,0,2,Medium,Low,High,Low,26.3,Low
Annamalaiyar Temple (Base),12.226013604552476,79.06708195653088,11,0,1,0,High,Low,Medium,Low,1.6,Low
Annamalaiyar Temple (Base),12.225764710376048,79.06605439863252,10,0,0,0,Medium,High,Low,Low,10.1,Low
Annamalaiyar Temple (Base),12.224752766583437,79.06849971543042,0,0,0,1,Medium,High,High,Low,34.9,Medium
Annamalaiyar Temple (Base),12.224501451359199,79.06669663003187,4,0,0,0,Medium,Low,Medium,Low,15.1,Low
Annamalaiyar Temple (Base),12.226381163939863,79.06871883789398,23,0,0,0,Low,Low,Low,Low,11.0,Low
Annamalaiyar Temple (Base),12.225811711550561,79.06588001751301,0,0,0,0,Low,High,High,Low,31.2,Medium
Annamalaiyar Temple (Base),12.227988164881586,79.06785508355563,18,0,0,0,Medium,Medium,Medium,Low,7.1,Low
Annamalaiyar Temple (Base),12.225502397587993,79.06877111086918,4,0,0,0,Medium,Medium,Low,Low,24.6,Low
Annamalaiyar Temple (Base),12.224565278443352,79.06683006551896,7,0,0,2,Low,High,High,Low,36.7,Medium
Annamalaiyar Temple (Base),12.22571665357104,79.06613755943027,5,0,0,2,High,Low,High,Low,13.6,Low
Annamalaiyar Temple (Base),12.22401078949603,79.06754803328772,16,0,0,0,Medium,Low,High,Low,10.1,Low
Annamalaiyar Temple (Base),12.2272507342427,79.06582889094483,14,0,0,0,High,Medium,Low,Low,1.5,Low
Annamalaiyar Temple (Base),12.22565606800956,79.06836694354267,18,0,0,1,Low,Low,Low,Low,2.9,Low
Annamalaiyar Temple (Base),12.227424496049931,79.0679679789466,7,0,0,1,High,Low,Medium,Low,3.2,Low
Annamalaiyar Temple (Base),12.224102761175327,79.06692934954181,8,0,0,1,Low,Low,Low,Low,14.6,Low
Annamalaiyar Temple (Base),12.227062771447725,79.06815789736115,13,0,0,1,Low,High,High,Low,31.2,Medium
Annamalaiyar Temple (Base),12.2246658261046,79.06850808442661,13,0,0,0,Low,Medium,Low,Low,7.1,Low
Annamalaiyar Temple (Base),12.225850516123415,79.06964534342943,23,0,0,0,Low,Medium,Medium,Low,23.3,Low
Annamalaiyar Temple (Base),12.226335655911969,79.06698799702986,19,0,0,2,Medium,High,Low,Low,35.2,Medium
Annamalaiyar Temple (Base),12.225675304354573,79.0658584999941,17,0,0,1,Low,Medium,Low,Low,10.7,Low
Annamalaiyar Temple (Base),12.225079474187673,79.06927117202615,14,0,0,0,Medium,Low,Medium,Low,0.0,Low
Annamalaiyar Temple (Base),12.225735597226917,79.06580441082718,17,0,0,2,Low,Low,High,Low,15.9,Low
Annamalaiyar Temple (Base),12.226496813764257,79.06685780596189,18,0,0,0,High,Low,Medium,Low,5.2,Low
Annamalaiyar Temple (Base),12.226067362774335,79.06734592299586,22,0,0,0,High,Low,Low,Low,1.3,Low
Annamalaiyar Temple (Base),12.224437956861324,79.06791714426362,23,0,0,1,Low,Low,Medium,Low,21.6,Low
Annamalaiyar Temple (Base),12.226451996550587,79.06868214084561,9,0,0,0,Low,Medium,Low,Low,5.1,Low
Annamalaiyar Temple (Base),12.22730030036909,79.06734050029586,5,0,0,0,High,Medium,Medium,Low,0.0,Low
Annamalaiyar Temple (Base),12.227445693374065,79.06705711024577,21,0,1,1,Medium,Low,Low,Low,6.1,Low
Annamalaiyar Temple (Base),12.224358916621291,79.06630455995224,6,0,0,1,Medium,High,Medium,Low,21.7,Low
Annamalaiyar Temple (Base),12.22596637973281,79.067034778621,9,0,0,0,High,Low,Low,Low,0.0,Low
Annamalaiyar Temple (Base),12.225389672690797,79.06953758264024,19,0,1,1,Medium,High,High,Low,35.1,Medium
Annamalaiyar Temple (Base),12.224935117484593,79.06664411974117,20,0,0,0,Low,Medium,Medium,Low,8.8,Low
Annamalaiyar Temple (Base),12.224563570013354,79.0686472586773,0,0,0,0,High,Low,Medium,Low,9.2,Low
Annamalaiyar Temple (Base),12.227102860186903,79.06952877900363,0,0,0,1,Medium,Low,High,Low,27.5,Low
Annamalaiyar Temple (Base),12.227159120199278,79.06712031605365,0,0,0,0,High,Low,Medium,Low,2.4,Low
Annamalaiyar Temple (Base),12.225244426605444,79.0661174529923,12,0,0,1,High,Low,Medium,Low,11.3,Low
Annamalaiyar Temple (Base),12.227734369372287,79.06874153191048,18,0,0,1,High,High,Medium,Low,24.2,Low
Annamalaiyar Temple (Base),12.226083897889723,79.06766644086592,20,0,0,2,High,Medium,High,Low,24.5,Low
Annamalaiyar Temple (Base),12.226036936463272,79.06979167761844,17,0,0,0,Low,Low,Medium,Low,7.7,Low
Annamalaiyar Temple (Base),12.22668112446012,79.06619601744787,14,0,1,1,Low,Low,Medium,Low,13.7,Low
Annamalaiyar Temple (Base),12.226857854879846,79.0678844736303,9,0,0,1,Low,Medium,High,Low,23.9,Low
Annamalaiyar Temple (Base),12.224566897875803,79.06629019685342,14,1,0,3,Medium,Low,Medium,Low,19.3,Low
Annamalaiyar Temple (Base),12.22690703708603,79.06690880168864,15,0,0,3,High,High,Low,Low,33.4,Medium
Annamalaiyar Temple (Base),12.227007250698737,79.06938097980361,23,0,0,0,Medium,Medium,Low,Low,10.1,Low
Annamalaiyar Temple (Base),12.225371020924989,79.0690253335472,9,0,0,0,Low,Low,High,Low,4.9,Low
Annamalaiyar Temple (Base),12.227937446795595,79.0670984901084,3,0,0,2,Medium,High,High,Low,41.8,Medium
Annamalaiyar Temple (Base),12.224827069155229,79.06762124131842,9,0,0,1,High,Low,Low,Low,0.0,Low
Annamalaiyar Temple (Base),12.22644142393206,79.06684768331122,9,1,0,0,Medium,High,High,Low,22.4,Low
Annamalaiyar Temple (Base),12.224258900332812,79.06835019598624,15,0,0,0,Low,Low,High,Low,3.3,Low
Annamalaiyar Temple (Base),12.22738729782038,79.06656178592095,20,0,1,1,High,Low,Medium,Low,5.4,Low
Annamalaiyar Temple (Base),12.227184196702613,79.06779185465203,15,0,1,1,High,Low,Medium,Low,9.6,Low
Annamalaiyar Temple (Base),12.227421854726515,79.06636293827101,4,0,0,0,Medium,Medium,Medium,Low,15.2,Low
Annamalaiyar Temple (Base),12.224576127472936,79.06694865381436,17,0,0,2,Low,Low,High,Low,20.5,Low
Annamalaiyar Temple (Base),12.226346265340984,79.06717114717527,23,0,0,0,Low,Medium,Medium,Low,20.9,Low
Annamalaiyar Temple (Base),12.224518627387944,79.06928314808953,16,0,0,0,Low,Low,Medium,Low,4.9,Low
Annamalaiyar Temple (Base),12.224930174437837,79.06665397601972,18,0,0,1,High,Medium,Low,Low,10.5,Low
Annamalaiyar Temple (Base),12.226010825292194,79.06739940446036,8,0,0,2,Medium,Low,Medium,Low,8.8,Low
Annamalaiyar Temple (Base),12.225689144835204,79.06826746258388,7,0,0,0,Medium,Medium,Medium,Low,13.7,Low
Annamalaiyar Temple (Base),12.22707902206094,79.06847747467502,13,0,0,1,High,Medium,Low,Low,9.5,Low
Annamalaiyar Temple (Base),12.224409372024585,79.06776696907257,5,0,1,0,Medium,High,High,Low,20.8,Low
Annamalaiyar Temple (Base),12.224020818924162,79.06861570845417,13,0,0,1,Low,Low,Low,Low,11.9,Low
Annamalaiyar Temple (Base),12.22734351181439,79.06703581712925,13,0,0,0,Low,Medium,Medium,Low,14.3,Low
Annamalaiyar Temple (Base),12.224586675177527,79.067107091512,17,0,0,0,Low,Low,High,Low,0.5,Low
Annamalaiyar Temple (Base),12.224194814660029,79.06596680593407,12,0,0,0,Medium,High,Medium,Low,21.2,Low
Annamalaiyar Temple (Base),12.227707237775506,79.06707369399065,14,0,0,1,High,Low,High,Low,6.5,Low
Annamalaiyar Temple (Base),12.225204925049104,79.06751010591718,12,0,0,1,Low,Medium,High,Low,20.0,Low
Annamalaiyar Temple (Base),12.225587175371889,79.06594889935346,8,0,0,1,Medium,Low,High,Low,14.1,Low
Annamalaiyar Temple (Base),12.2268161353992,79.06580855638138,1,0,0,1,Low,Low,Medium,Low,21.1,Low
Annamalaiyar Temple (Base),12.224393728500345,79.06618068247104,9,0,0,2,Medium,High,Medium,Low,27.7,Low
Annamalaiyar Temple (Base),12.227487572897951,79.06799235640072,21,0,0,1,Low,Low,Low,Low,4.3,Low
Annamalaiyar Temple (Base),12.225934277245994,79.06758612927457,0,0,0,0,Medium,Medium,Low,Low,5.2,Low
Annamalaiyar Temple (Base),12.226360299066853,79.0675472950229,16,0,0,0,Medium,Low,Medium,Low,3.9,Low
Annamalaiyar Temple (Base),12.225221976208301,79.06918704558856,18,0,0,0,Low,Medium,High,Low,9.1,Low
Annamalaiyar Temple (Base),12.226295049439699,79.06654144924586,17,0,1,0,Low,Low,Low,Low,0.0,Low
Annamalaiyar Temple (Base),12.225809920846109,79.06672608181958,17,0,0,0,High,Medium,Medium,Low,11.0,Low
Annamalaiyar Temple (Base),12.22554532982387,79.06881483457771,7,0,0,0,Medium,Low,Low,Low,0.0,Low
Annamalaiyar Temple (Base),12.22473246366903,79.06607595912091,10,0,0,0,High,Medium,High,Low,12.9,Low
Annamalaiyar Temple (Base),12.226335942938357,79.06594490512943,23,1,0,1,High,Low,Low,Low,0.6,Low
Annamalaiyar Temple (Base),12.227106105601143,79.06592610455736,21,0,0,0,Medium,Low,High,Low,12.6,Low
Annamalaiyar Temple (Base),12.224658406593006,79.06958257288183,7,0,0,2,Low,Low,Medium,Low,18.2,Low
Girivalam Path - Outer Loop,12.219268731921716,79.07847952606743,16,0,0,1,Medium,Low,Medium,Medium,32.8,Medium
Girivalam Path - Outer Loop,12.218895604264675,79.07870635188715,0,1,0,3,Medium,Medium,Medium,Medium,68.9,Medium
Girivalam Path - Outer Loop,12.21888069839676,79.07901365485802,21,1,1,2,High,Medium,Medium,Medium,39.0,Medium
Girivalam Path - Outer Loop,12.218212790962511,79.08149087752264,6,0,0,0,Medium,Low,High,Medium,21.9,Low
Girivalam Path - Outer Loop,12.218512873628402,79.07943567579589,20,1,0,4,High,Low,Medium,Medium,41.3,Medium
Girivalam Path - Outer Loop,12.221606914525607,79.08138364806449,19,0,0,1,Medium,Low,Low,Medium,22.8,Low
Girivalam Path - Outer Loop,12.218573744594666,79.07907714195044,3,0,0,1,Low,High,High,Medium,75.9,High
Girivalam Path - Outer Loop,12.218373906203336,79.08131008349206,3,0,0,0,Low,Low,Medium,Medium,56.3,Medium
Girivalam Path - Outer Loop,12.219185662930315,79.07866711711563,14,0,0,1,Low,Low,Medium,Medium,39.2,Medium
Girivalam Path - Outer Loop,12.220546022022136,79.0807299075368,9,0,0,1,Medium,High,Medium,Medium,44.5,Medium
Girivalam Path - Outer Loop,12.220061365949444,79.08143203221236,8,0,0,1,Medium,Medium,Low,Medium,34.0,Medium
Girivalam Path - Outer Loop,12.22146706119859,79.07915894376188,1,0,1,2,High,Low,High,Medium,50.1,Medium
Girivalam Path - Outer Loop,12.221796935471206,79.07865192875062,17,0,0,4,Low,Low,Medium,Medium,56.1,Medium
Girivalam Path - Outer Loop,12.220116200878612,79.08123182723699,3,0,0,1,Low,Medium,Medium,Medium,61.9,Medium
Girivalam Path - Outer Loop,12.219245640853869,79.08111084652732,1,0,1,5,Medium,High,High,Medium,94.6,High
Girivalam Path - Outer Loop,12.218355195733242,79.07872964570143,12,0,0,3,High,Medium,Low,Medium,32.2,Medium
Girivalam Path - Outer Loop,12.219280352808292,79.0792109734886,3,0,0,1,Low,High,Low,Medium,83.5,High
Girivalam Path - Outer Loop,12.221846182127871,79.0789766166304,22,0,0,0,High,Medium,Low,Medium,44.7,Medium
Girivalam Path - Outer Loop,12.220494442264126,79.07822634220952,8,0,0,5,Low,Medium,Medium,Medium,68.1,Medium
Girivalam Path - Outer Loop,12.219943510131655,79.07845223311604,22,0,1,5,Low,Low,High,Medium,89.4,High
Girivalam Path - Outer Loop,12.22157148381409,79.08010462264207,4,0,0,2,High,Medium,Low,Medium,47.4,Medium
Girivalam Path - Outer Loop,12.220164978871033,79.0816504638495,2,0,1,3,Low,Medium,High,Medium,80.2,High
Girivalam Path - Outer Loop,12.218490141642325,79.07945637051597,21,0,0,2,Medium,Low,Medium,Medium,33.1,Medium
Girivalam Path - Outer Loop,12.218107127156374,79.08159926353852,1,0,0,1,Low,High,High,Medium,74.5,High
Girivalam Path - Outer Loop,12.218938300281758,79.07955375464245,7,0,1,2,Low,Low,High,Medium,49.5,Medium
Girivalam Path - Outer Loop,12.219661161895944,79.0796185926681,10,0,0,3,Medium,Low,High,Medium,31.6,Medium
Girivalam Path - Outer Loop,12.219977114620576,79.07925522611322,7,0,0,2,Medium,Medium,Medium,Medium,42.1,Medium
Girivalam Path - Outer Loop,12.21995604462494,79.07890963687235,9,0,0,3,Low,Low,Low,Medium,52.8,Medium
Girivalam Path - Outer Loop,12.218688097941248,79.0818505636714,19,0,0,1,Low,Low,Low,Medium,33.5,Medium
Girivalam Path - Outer Loop,12.221085113730311,79.07877525372388,12,0,0,2,Medium,Low,Low,Medium,22.6,Low
Girivalam Path - Outer Loop,12.219740339697285,79.0799819550148,23,0,0,0,High,Low,Medium,Medium,40.7,Medium
Girivalam Path - Outer Loop,12.219320823438103,79.07951386006329,6,0,0,3,High,Low,High,Medium,48.7,Medium
Girivalam Path - Outer Loop,12.218096295374659,79.08134200690915,4,0,1,4,Medium,High,High,Medium,83.3,High
Girivalam Path - Outer Loop,12.220128937039046,79.07975261905808,16,0,1,0,High,Medium,Medium,Medium,21.6,Low
Girivalam Path - Outer Loop,12.221232578189518,79.08157381844315,1,0,1,2,High,Low,High,Medium,60.4,Medium
Girivalam Path - Outer Loop,12.221380043104508,79.07804914064108,19,0,0,2,Low,Medium,Low,Medium,41.4,Medium
Girivalam Path - Outer Loop,12.221542590127724,79.07822760677315,0,0,0,3,High,Low,Medium,Medium,60.5,Medium
Girivalam Path - Outer Loop,12.2215575163961,79.0789622850593,12,0,0,2,High,Medium,Low,Medium,29.0,Low
Girivalam Path - Outer Loop,12.219377308998327,79.08057593369091,14,1,1,2,Low,Low,High,Medium,49.5,Medium
Girivalam Path - Outer Loop,12.221523391802211,79.07817094849675,10,0,0,2,High,Low,Low,Medium,18.6,Low
Girivalam Path - Outer Loop,12.219238841428304,79.07884346458508,6,1,0,2,Medium,Low,Medium,Medium,30.7,Medium
Girivalam Path - Outer Loop,12.22062119980899,79.07902148875813,20,0,0,3,Medium,Low,Medium,Medium,42.9,Medium
Girivalam Path - Outer Loop,12.218245095733522,79.07864352833253,22,0,0,1,High,Low,Medium,Medium,36.7,Medium
Girivalam Path - Outer Loop,12.218716447455625,79.07949854527193,14,0,0,3,Medium,Medium,High,Medium,46.2,Medium
Girivalam Path - Outer Loop,12.219018484714713,79.0787217446048,11,0,0,4,Low,Low,Low,Medium,48.6,Medium
Girivalam Path - Outer Loop,12.219238460635724,79.08154944350855,3,0,0,0,High,High,Medium,Medium,58.9,Medium
Girivalam Path - Outer Loop,12.221986696181528,79.07985084242334,3,0,0,0,Medium,Low,Medium,Medium,38.3,Medium
Girivalam Path - Outer Loop,12.219274822159306,79.0804991888731,3,0,1,3,Medium,Medium,High,Medium,69.4,Medium
Girivalam Path - Outer Loop,12.220750352939165,79.08154470520908,10,0,1,1,Medium,Low,Medium,Medium,19.6,Low
Girivalam Path - Outer Loop,12.219344103858722,79.07860332231176,11,0,1,1,Low,Low,Low,Medium,31.1,Medium
Girivalam Path - Outer Loop,12.219881753942708,79.08050060264691,18,1,1,5,Medium,Low,Medium,Medium,49.3,Medium
Girivalam Path - Outer Loop,12.221426037488166,79.08084605620724,7,0,0,3,Medium,Low,Medium,Medium,33.1,Medium
Girivalam Path - Outer Loop,12.219158579926413,79.07851008593545,21,0,0,1,Low,Low,High,Medium,43.3,Medium
Girivalam Path - Outer Loop,12.220201055694663,79.07833070616877,4,0,0,3,High,Low,High,Medium,64.2,Medium
Girivalam Path - Outer Loop,12.219172645379624,79.0797033953106,4,0,1,4,Low,High,Low,Medium,77.6,High
Girivalam Path - Outer Loop,12.22125194267872,79.08141319687805,14,0,0,4,Medium,Low,Medium,Medium,44.2,Medium
Girivalam Path - Outer Loop,12.219938784024375,79.07976037342553,0,0,1,2,Medium,Low,Low,Medium,60.6,Medium
Girivalam Path - Outer Loop,12.218010147408412,79.07834714293911,10,0,1,0,Low,Low,Low,Medium,30.1,Medium
Girivalam Path - Outer Loop,12.21809751379434,79.08021659058971,8,0,0,1,Low,High,Low,Medium,43.2,Medium
Girivalam Path - Outer Loop,12.221806013939698,79.08015824952565,10,0,0,1,Medium,Medium,High,Medium,35.7,Medium
Girivalam Path - Outer Loop,12.219885274082847,79.08124220463085,12,0,0,4,Medium,Low,High,Medium,55.9,Medium
Girivalam Path - Outer Loop,12.221942052770961,79.07865763186786,7,0,0,0,High,Medium,High,Medium,23.7,Low
Girivalam Path - Outer Loop,12.22087794170929,79.08047061820675,7,0,0,1,High,Low,Medium,Medium,17.0,Low
Girivalam Path - Outer Loop,12.219235200302785,79.08181916912253,18,0,0,4,Low,Low,Low,Medium,46.0,Medium
Girivalam Path - Outer Loop,12.221979869244109,79.08042981953932,11,0,0,3,Medium,Low,High,Medium,46.6,Medium
Girivalam Path - Outer Loop,12.221740202829212,79.07894493324991,17,0,0,3,Medium,Low,Medium,Medium,47.7,Medium
Girivalam Path - Outer Loop,12.221760468066936,79.07900691140806,19,0,0,0,Medium,Low,Low,Medium,16.4,Low
Girivalam Path - Outer Loop,12.218776947769921,79.07883972862388,1,0,0,3,High,High,High,Medium,81.2,High
Girivalam Path - Outer Loop,12.218241497635187,79.079925007989,18,0,0,2,Medium,High,High,Medium,56.8,Medium
Girivalam Path - Outer Loop,12.218298686911265,79.08102993301848,19,0,1,1,High,Low,Low,Medium,19.6,Low
Girivalam Path - Outer Loop,12.219097034314315,79.08158061995869,1,0,0,2,Medium,High,Low,Medium,65.5,Medium
Girivalam Path - Outer Loop,12.219706523769485,79.08154418108788,21,0,0,2,High,Low,Low,Medium,18.8,Low
Girivalam Path - Outer Loop,12.22194149629828,79.07852514776363,10,0,0,1,Low,High,Low,Medium,49.1,Medium
Girivalam Path - Outer Loop,12.220346091823751,79.08031922891719,12,0,0,2,High,Low,Low,Medium,27.8,Low
Girivalam Path - Outer Loop,12.220867617769908,79.07922016527056,17,0,0,1,Low,Medium,Medium,Medium,41.0,Medium
Girivalam Path - Outer Loop,12.22103413055079,79.07910159613361,14,0,0,1,Medium,Medium,Medium,Medium,31.8,Medium
Girivalam Path - Outer Loop,12.220559520698814,79.07972919739764,3,0,0,1,Low,Medium,Medium,Medium,63.3,Medium
Girivalam Path - Outer Loop,12.22157973922702,79.08040679312332,21,0,0,0,Low,Low,Low,Medium,32.3,Medium
Girivalam Path - Outer Loop,12.221550644455679,79.0784034157,20,0,0,3,Low,Medium,Low,Medium,50.3,Medium
Girivalam Path - Outer Loop,12.21959980516652,79.07819177287548,10,0,0,2,Medium,High,Medium,Medium,38.7,Medium
Girivalam Path - Outer Loop,12.221339655139362,79.07961795494734,4,0,0,4,Low,Medium,Low,Medium,82.8,High
Girivalam Path - Outer Loop,12.218838789467247,79.07975744843542,0,0,0,1,Medium,Medium,High,Medium,57.2,Medium
Girivalam Path - Outer Loop,12.220347443937674,79.08109162666156,8,0,0,3,Low,Medium,High,Medium,62.6,Medium
Girivalam Path - Outer Loop,12.220203112887287,79.08075331807318,5,0,0,4,High,Medium,High,Medium,57.6,Medium
Girivalam Path - Outer Loop,12.21812596186213,79.07930238777055,14,0,0,3,Low,Low,High,Medium,56.4,Medium
Girivalam Path - Outer Loop,12.221130016912413,79.0794911916923,19,0,1,3,High,Low,Medium,Medium,29.9,Low
Girivalam Path - Outer Loop,12.218358097679637,79.07917243834774,19,0,0,2,Low,Medium,Medium,Medium,59.2,Medium
Girivalam Path - Outer Loop,12.218454521534962,79.07980253923428,10,0,0,3,Medium,Medium,High,Medium,49.1,Medium
Girivalam Path - Outer Loop,12.218109366727166,79.08047532284658,17,0,0,0,Low,High,High,Medium,46.6,Medium
Girivalam Path - Outer Loop,12.21891305286982,79.08066232320651,2,0,1,1,High,Low,Low,Medium,37.3,Medium
Girivalam Path - Outer Loop,12.221312606207109,79.08037107930978,16,0,0,2,Low,Low,Medium,Medium,46.0,Medium
Girivalam Path - Outer Loop,12.219848179067183,79.07848660584119,11,0,0,0,High,Low,Medium,Medium,27.3,Low
Girivalam Path - Outer Loop,12.218369296592384,79.08009311780549,6,0,0,5,Medium,Medium,Medium,Medium,62.8,Medium
Girivalam Path - Outer Loop,12.219272191854046,79.07859055199013,11,0,1,1,High,Low,Medium,Medium,19.7,Low
Girivalam Path - Outer Loop,12.218095083459142,79.0799823248525,22,0,0,3,Low,Low,Low,Medium,56.2,Medium
Girivalam Path - Outer Loop,12.221511103935203,79.08008647114546,8,0,0,2,High,Low,Low,Medium,28.0,Low
Girivalam Path - Outer Loop,12.220924404121702,79.08125629581073,21,0,1,0,Medium,Low,Medium,Medium,18.5,Low
Girivalam Path - Outer Loop,12.21901728768442,79.08091202404472,8,0,0,1,Low,Medium,Medium,Medium,45.1,Medium
Girivalam Path - Outer Loop,12.218194261252947,79.07845465918761,14,0,0,2,Medium,Medium,High,Medium,42.7,Medium
Girivalam Path - Outer Loop,12.220747347533942,79.07898958316161,12,0,1,3,Low,Low,High,Medium,39.1,Medium
Girivalam Path - Outer Loop,12.221687525000068,79.08171507454746,7,0,0,1,Low,High,Low,Medium,45.1,Medium
Girivalam Path - Outer Loop,12.22040471664449,79.07807385404186,8,0,1,2,High,Medium,Low,Medium,36.8,Medium
Girivalam Path - Outer Loop,12.221812802215988,79.07937732703064,9,0,0,0,Medium,Low,Medium,Medium,23.5,Low
Girivalam Path - Outer Loop,12.220663249254496,79.07865176737135,7,1,0,3,Low,Low,Medium,Medium,46.9,Medium
Girivalam Path - Outer Loop,12.219806934759598,79.08062463816951,21,0,0,1,Low,Low,Medium,Medium,31.2,Medium
Girivalam Path - Outer Loop,12.219632156410967,79.07987894095756,17,0,0,5,High,Medium,Medium,Medium,48.3,Medium
Girivalam Path - Outer Loop,12.221755279915458,79.07993810530027,11,0,0,0,Low,High,Low,Medium,36.6,Medium
Girivalam Path - Outer Loop,12.218374717900918,79.08128302345105,20,0,0,1,High,Low,Low,Medium,18.4,Low
Girivalam Path - Outer Loop,12.220691996047837,79.08191152354419,15,0,0,0,Low,Low,High,Medium,29.4,Low
Girivalam Path - Outer Loop,12.218150828340033,79.07912325755889,3,0,1,1,High,Medium,High,Medium,49.4,Medium
Girivalam Path - Outer Loop,12.218926666502936,79.08096989295674,7,0,0,4,High,Low,High,Medium,50.0,Medium
Girivalam Path - Outer Loop,12.21988530849681,79.081023667666,23,0,0,2,Low,Medium,Medium,Medium,63.5,Medium
Girivalam Path - Outer Loop,12.220633509531385,79.08011477536519,14,0,0,2,High,Low,Low,Medium,26.8,Low
Girivalam Path - Outer Loop,12.220978052351109,79.07935860664638,14,0,0,1,Medium,Low,Medium,Medium,28.2,Low
Girivalam Path - Outer Loop,12.221766548786183,79.07985870289295,23,1,0,1,High,Low,Medium,Medium,41.0,Medium
Girivalam Path - Outer Loop,12.220128108144573,79.08149818919154,7,0,0,2,High,Low,Medium,Medium,31.4,Medium
Girivalam Path - Outer Loop,12.221325059617362,79.07819864245222,20,0,0,3,High,Low,Low,Medium,31.6,Medium
Girivalam Path - Outer Loop,12.219196712346674,79.08048305348629,6,0,0,1,Medium,Low,Low,Medium,16.1,Low
Girivalam Path - Outer Loop,12.221898398745942,79.07933334399904,3,1,0,0,Medium,Low,Low,Medium,36.9,Medium
Girivalam Path - Outer Loop,12.22093256701508,79.08035175207576,2,0,0,1,High,Medium,High,Medium,58.2,Medium
Girivalam Path - Outer Loop,12.218443164945938,79.08138599676663,7,0,1,1,Medium,Low,High,Medium,32.9,Medium
Girivalam Path - Outer Loop,12.220764972747554,79.0816551965624,22,0,0,2,High,Low,Low,Medium,41.7,Medium
Girivalam Path - Outer Loop,12.221282814293232,79.08014040657314,14,0,0,2,Low,Medium,High,Medium,64.4,Medium
Girivalam Path - Outer Loop,12.220614771757646,79.08131253745205,19,0,0,1,High,Low,High,Medium,29.5,Low
Girivalam Path - Outer Loop,12.219425691222819,79.08194992646668,6,0,0,2,Low,Medium,High,Medium,49.2,Medium
Girivalam Path - Outer Loop,12.218403961782576,79.07947006765144,15,0,0,3,Medium,Low,Medium,Medium,37.1,Medium
Girivalam Path - Outer Loop,12.22129221885361,79.07990137268982,20,0,0,0,Low,Low,High,Medium,27.6,Low
Girivalam Path - Outer Loop,12.219902212177267,79.08066196806752,3,0,0,0,Low,Medium,High,Medium,59.7,Medium
Girivalam Path - Outer Loop,12.219956160555927,79.07980786419594,8,0,1,1,Medium,Medium,High,Medium,37.7,Medium
Girivalam Path - Outer Loop,12.218264076595718,79.08135382687266,1,0,0,4,Low,High,Low,Medium,86.3,High
Girivalam Path - Outer Loop,12.218846302471093,79.08076029610946,6,0,0,1,Medium,Medium,High,Medium,39.4,Medium
Girivalam Path - Outer Loop,12.221260808712534,79.0787788249516,5,0,0,2,Low,Low,Low,Medium,40.2,Medium
Girivalam Path - Outer Loop,12.220916722050776,79.07801536575384,6,0,0,3,Medium,Medium,Medium,Medium,41.2,Medium
Girivalam Path - Outer Loop,12.220174831945096,79.07979276205276,12,0,0,4,Low,Low,Medium,Medium,54.1,Medium
Girivalam Path - Outer Loop,12.220173016037036,79.0790328214865,19,0,0,1,High,Medium,High,Medium,31.3,Medium
Girivalam Path - Outer Loop,12.221570896260912,79.078618634821,14,0,0,2,Medium,High,High,Medium,46.9,Medium
Girivalam Path - Outer Loop,12.22083079945187,79.08103626424801,17,0,0,1,Medium,Low,Low,Medium,17.1,Low
Girivalam Path - Outer Loop,12.219590541853865,79.0811899536172,8,0,0,3,Medium,Low,Low,Medium,30.5,Medium
Girivalam Path - Outer Loop,12.221482129967548,79.08067606737309,15,0,0,1,High,Medium,High,Medium,42.7,Medium
Girivalam Path - Outer Loop,12.218049335381595,79.07827395048662,12,0,0,2,Medium,Medium,Medium,Medium,49.6,Medium
Girivalam Path - Outer Loop,12.218985320771159,79.08122541175976,23,1,0,3,Low,Low,Low,Medium,67.2,Medium
Girivalam Path - Outer Loop,12.21923993825483,79.08143991694556,16,0,0,2,Low,High,High,Medium,67.9,Medium
Girivalam Path - Outer Loop,12.221537531971356,79.08038866459573,1,0,0,0,Medium,Low,Medium,Medium,45.1,Medium
Girivalam Path - Outer Loop,12.219662723173617,79.08147070301949,23,0,1,2,Low,Low,Medium,Medium,64.1,Medium
Girivalam Path - Outer Loop,12.219658914658455,79.08160205777459,7,0,1,6,Medium,High,Low,Medium,67.3,Medium
Girivalam Path - Outer Loop,12.219787679668789,79.08172344791674,4,0,0,1,Medium,Low,Low,Medium,48.5,Medium
Girivalam Path - Outer Loop,12.221227193253343,79.08162695560627,0,0,0,1,Medium,Low,Low,Medium,40.3,Medium
Girivalam Path - Outer Loop,12.220473185303264,79.08097382560463,11,0,0,1,Medium,Medium,Medium,Medium,35.4,Medium
Girivalam Path - Outer Loop,12.220128906949252,79.07944811784834,4,0,0,2,Medium,Medium,High,Medium,63.3,Medium
Girivalam Path - Outer Loop,12.218760713174277,79.08077390673634,5,0,0,2,Low,Medium,Medium,Medium,51.1,Medium
Girivalam Path - Outer Loop,12.220573753219616,79.08108781451664,9,0,0,1,High,Low,Low,Medium,14.6,Low
Girivalam Path - Outer Loop,12.219239027410106,79.08133434062094,7,0,0,2,High,Low,Low,Medium,27.7,Low
Girivalam Path - Outer Loop,12.221010698524326,79.07826279806461,5,0,0,2,Medium,Low,Medium,Medium,23.3,Low
Girivalam Path - Outer Loop,12.221694343603115,79.08019968129705,8,0,0,2,Medium,Medium,Medium,Medium,35.5,Medium
Girivalam Path - Outer Loop,12.220265494618392,79.07851882959518,16,0,0,3,Low,Medium,Low,Medium,50.8,Medium
Girivalam Path - Outer Loop,12.221161311166293,79.07889863376442,17,0,0,2,Low,High,Medium,Medium,51.7,Medium
Girivalam Path - Outer Loop,12.218507115069574,79.08034704813019,11,0,0,1,Low,Low,High,Medium,42.2,Medium
Girivalam Path - Outer Loop,12.22148589656774,79.08089121630802,22,0,0,2,High,Low,Medium,Medium,51.2,Medium
Girivalam Path - Outer Loop,12.219970052650773,79.07818325055993,9,0,0,1,Medium,Medium,Medium,Medium,32.1,Medium
Girivalam Path - Outer Loop,12.221293305180453,79.08184385759427,8,0,1,1,Low,Low,Low,Medium,21.7,Low
Girivalam Path - Outer Loop,12.219281268977921,79.08114806937942,13,0,0,2,Low,High,Medium,Medium,63.8,Medium
Girivalam Path - Outer Loop,12.22141818528662,79.0793595343432,6,0,0,6,Medium,Medium,Medium,Medium,56.9,Medium
Girivalam Path - Outer Loop,12.21969668758899,79.08074869140286,4,0,0,1,High,Low,High,Medium,48.5,Medium
Girivalam Path - Outer Loop,12.221609965655981,79.08179572157418,21,0,1,4,High,Low,High,Medium,43.0,Medium
Girivalam Path - Outer Loop,12.219461205247923,79.07889343261532,17,0,0,4,Medium,High,Medium,Medium,67.2,Medium
Girivalam Path - Outer Loop,12.220435126949383,79.07993089767851,8,0,0,3,Low,Low,Low,Medium,48.2,Medium
Girivalam Path - Outer Loop,12.220144031069,79.07939665584715,0,0,0,4,Medium,Low,Medium,Medium,57.4,Medium
Girivalam Path - Outer Loop,12.220639677092612,79.08150688596288,9,0,0,2,High,Medium,High,Medium,43.3,Medium
Girivalam Path - Outer Loop,12.220261836255697,79.07975734097192,7,0,0,2,Medium,Medium,Low,Medium,33.8,Medium
Girivalam Path - Outer Loop,12.221953572367203,79.07892851947236,5,0,0,2,Medium,Low,Medium,Medium,39.5,Medium
Girivalam Path - Outer Loop,12.220284604154383,79.07913025391295,5,0,0,0,Low,Low,Low,Medium,30.6,Medium
Girivalam Path - Outer Loop,12.221360002370169,79.0800530504832,22,0,0,1,Medium,Low,High,Medium,45.8,Medium
Girivalam Path - Outer Loop,12.220854509826363,79.0799186459824,1,0,0,3,High,Low,Medium,Medium,55.6,Medium
Girivalam Path - Outer Loop,12.221766282686987,79.0798700168801,18,0,0,3,Low,Medium,Medium,Medium,53.2,Medium
Girivalam Path - Outer Loop,12.21845013265596,79.07861638388454,21,0,0,0,Medium,Low,High,Medium,23.3,Low
Girivalam Path - Outer Loop,12.22128044642606,79.07924770577914,0,0,0,2,Low,High,Medium,Medium,90.0,High
Girivalam Path - Outer Loop,12.219455345719737,79.08139584312829,2,0,0,1,Medium,Medium,Low,Medium,45.5,Medium
Girivalam Path - Outer Loop,12.220233827274807,79.08107947249023,18,0,0,3,Low,Low,Low,Medium,38.2,Medium
Girivalam Path - Outer Loop,12.22118150342548,79.07924531884771,2,1,0,0,Medium,Low,Low,Medium,32.4,Medium
Girivalam Path - Outer Loop,12.219262531050779,79.0804736884216,4,0,0,1,Medium,Medium,High,Medium,63.1,Medium
Girivalam Path - Outer Loop,12.221441497836604,79.07898582369013,14,0,1,1,Low,Low,High,Medium,41.9,Medium
Girivalam Path - Outer Loop,12.2204060965703,79.07997403424521,4,0,0,2,Low,Low,Medium,Medium,65.1,Medium
Girivalam Path - Outer Loop,12.21888714428361,79.07995678644659,7,0,0,2,Medium,Medium,High,Medium,38.3,Medium
Girivalam Path - Outer Loop,12.218601100597803,79.07857603277175,10,0,0,1,Low,Medium,Medium,Medium,42.5,Medium
Girivalam Path - Outer Loop,12.221066439790661,79.07961906991436,18,1,0,5,High,Low,Low,Medium,39.7,Medium
Girivalam Path - Outer Loop,12.221068077333534,79.08043368507208,2,0,0,0,Low,Low,High,Medium,52.3,Medium
Girivalam Path - Outer Loop,12.218331067101454,79.08113923146611,6,0,0,1,High,Low,High,Medium,30.7,Medium
Girivalam Path - Outer Loop,12.221429765788818,79.08175262364263,16,0,1,1,Low,Low,Low,Medium,23.9,Low
Girivalam Path - Outer Loop,12.221927580180777,79.07917323965083,4,0,0,3,Medium,High,High,Medium,74.9,High
Girivalam Path - Outer Loop,12.22033872119414,79.07806923428012,14,0,0,0,Low,Low,High,Medium,37.7,Medium
Girivalam Path - Outer Loop,12.221506278704856,79.07957331728547,6,0,1,5,Medium,High,Medium,Medium,62.1,Medium
Girivalam Path - Outer Loop,12.219284937636562,79.07900170172185,10,0,0,2,High,Medium,Medium,Medium,29.1,Low
Girivalam Path - Outer Loop,12.220981425046666,79.08172833020812,4,0,1,1,Low,High,Medium,Medium,70.5,High
Girivalam Path - Outer Loop,12.22139171723345,79.08021232750102,12,0,1,2,High,Low,Medium,Medium,24.3,Low
Girivalam Path - Outer Loop,12.220559546496423,79.07828623309955,8,0,1,4,High,Low,Low,Medium,51.0,Medium
Girivalam Path - Outer Loop,12.219916468626678,79.0817726100906,10,0,0,3,Medium,Low,Low,Medium,36.5,Medium
Girivalam Path - Outer Loop,12.22171057133951,79.07859420141686,11,0,0,1,Low,Low,High,Medium,38.6,Medium
Girivalam Path - Outer Loop,12.221301168039757,79.08195639168977,6,0,0,2,Medium,Low,Low,Medium,26.5,Low
Girivalam Path - Outer Loop,12.220983463655879,79.07810765869439,20,0,0,1,High,Low,High,Medium,24.7,Low
Girivalam Path - Outer Loop,12.219470979063438,79.07856419616338,11,0,0,0,Low,High,High,Medium,41.8,Medium
Girivalam Path - Outer Loop,12.221872653939734,79.08090340309003,16,0,0,3,High,Medium,High,Medium,51.4,Medium
Girivalam Path - Outer Loop,12.219290520456255,79.07823018252921,19,0,0,2,Low,Low,High,Medium,46.5,Medium
Girivalam Path - Outer Loop,12.21974524339048,79.08046145413071,4,0,0,2,Low,Low,Medium,Medium,53.4,Medium
Girivalam Path - Outer Loop,12.218685668429542,79.07941612012945,8,0,0,6,High,High,Low,Medium,61.3,Medium
Girivalam Path - Outer Loop,12.220761547280667,79.0798481705662,13,0,0,2,Low,Low,Medium,Medium,49.2,Medium
Girivalam Path - Outer Loop,12.220141484626158,79.08048942423606,19,0,0,1,Low,High,Medium,Medium,59.9,Medium
Girivalam Path - Outer Loop,12.221440290047086,79.08131291716788,9,0,0,3,Low,Medium,Low,Medium,56.4,Medium
Girivalam Path - Outer Loop,12.21917469803703,79.08016634132797,6,0,1,4,High,Low,Medium,Medium,44.8,Medium
Girivalam Path - Outer Loop,12.220305749548613,79.07802285232809,19,0,0,2,High,Low,High,Medium,33.9,Medium
Girivalam Path - Outer Loop,12.220606875903638,79.07907432651959,21,0,0,1,Medium,Medium,Medium,Medium,33.9,Medium
Girivalam Path - Outer Loop,12.219842356008385,79.08028390576536,4,0,0,1,Medium,High,High,Medium,74.0,High
Girivalam Path - Outer Loop,12.219703818857155,79.08167021553935,4,0,0,1,Low,High,Medium,Medium,71.0,High
Girivalam Path - Outer Loop,12.220878690185602,79.07894194182391,16,0,0,0,Low,Medium,High,Medium,44.5,Medium
Girivalam Path - Outer Loop,12.221597689965636,79.07959108403269,11,0,0,2,Low,Low,High,Medium,44.4,Medium
Girivalam Path - Outer Loop,12.220473356566064,79.07985365096404,22,0,0,0,High,Medium,High,Medium,48.6,Medium
Girivalam Path - Outer Loop,12.220709401363672,79.08128869541618,7,0,0,2,High,Low,High,Medium,32.1,Medium
Girivalam Path - Outer Loop,12.221927184707251,79.07959800797397,14,0,0,2,Low,Low,High,Medium,46.5,Medium
Girivalam Path - Outer Loop,12.218885230344817,79.08029656439085,8,0,0,3,Medium,Medium,High,Medium,50.1,Medium
Girivalam Path - Outer Loop,12.220566692269495,79.08084329881096,12,0,1,2,Low,Low,High,Medium,45.5,Medium
Girivalam Path - Outer Loop,12.218869051682388,79.08073644776532,11,0,0,2,Medium,Medium,Medium,Medium,33.8,Medium
Girivalam Path - Outer Loop,12.220949219988473,79.0788137132386,18,0,0,4,High,Medium,Medium,Medium,45.2,Medium
Girivalam Path - Outer Loop,12.221715726350565,79.08197714376116,13,0,0,3,Medium,Low,Low,Medium,34.8,Medium
Girivalam Path - Outer Loop,12.220796711756611,79.07897472275485,17,1,1,2,High,Low,Medium,Medium,32.2,Medium
Girivalam Path - Outer Loop,12.221683725560643,79.08116276060207,14,0,0,1,Low,Low,Medium,Medium,35.2,Medium
Girivalam Path - Outer Loop,12.220173955887,79.0791526075603,9,0,0,0,Low,Low,Medium,Medium,24.3,Low
Girivalam Path - Outer Loop,12.221699278124497,79.08071220106002,16,0,1,0,High,High,High,Medium,44.4,Medium
Girivalam Path - Outer Loop,12.218794730574466,79.08097495155407,18,0,1,1,Low,Low,Medium,Medium,34.0,Medium
Girivalam Path - Outer Loop,12.22107767948245,79.08102337496646,14,0,0,3,Medium,Low,High,Medium,40.7,Medium
Girivalam Path - Outer Loop,12.221358746654602,79.07804554144487,9,0,1,4,Low,Medium,High,Medium,58.1,Medium
Girivalam Path - Outer Loop,12.218585866776735,79.07949419866965,11,0,0,3,Medium,Low,Low,Medium,38.9,Medium
Girivalam Path - Outer Loop,12.221639221165017,79.08110295301667,2,0,0,2,Low,Medium,High,Medium,73.2,High
Girivalam Path - Outer Loop,12.218805243034865,79.08199462321747,18,0,0,2,High,Low,Medium,Medium,31.9,Medium
Girivalam Path - Outer Loop,12.221495506626654,79.07927705717914,14,0,0,2,Medium,Medium,High,Medium,45.1,Medium
Girivalam Path - Outer Loop,12.219900002546435,79.08039341530423,17,0,0,1,Medium,Medium,Low,Medium,24.9,Low
Girivalam Path - Outer Loop,12.219027881493387,79.07804674003826,13,0,0,1,Medium,Medium,Low,Medium,24.0,Low
Girivalam Path - Outer Loop,12.221813223928248,79.079283846936,0,0,0,1,Low,Low,High,Medium,61.3,Medium
Girivalam Path - Outer Loop,12.218285448553793,79.0785520388552,20,0,0,4,High,Low,High,Medium,54.5,Medium
Girivalam Path - Outer Loop,12.219939192500012,79.08031717731737,21,1,0,0,Medium,Medium,Medium,Medium,29.8,Low
Girivalam Path - Outer Loop,12.221160481999638,79.07895349480123,9,0,0,2,Low,Low,Medium,Medium,39.3,Medium
Girivalam Path - Outer Loop,12.221248205788532,79.07937658768769,2,0,0,2,Low,Low,Medium,Medium,71.9,High
Girivalam Path - Outer Loop,12.221312774070189,79.0783110270749,8,0,0,1,High,Low,High,Medium,23.8,Low
Girivalam Path - Outer Loop,12.221289557931392,79.08045060495525,5,0,0,4,Medium,Medium,Medium,Medium,45.9,Medium
Girivalam Path - Outer Loop,12.221372531236062,79.08151241280477,1,0,0,1,Low,Medium,Low,Medium,58.2,Medium
Girivalam Path - Outer Loop,12.221895322690955,79.07946300326353,6,0,0,5,Low,Medium,Low,Medium,68.5,Medium
Girivalam Path - Outer Loop,12.218762735525317,79.0813383666939,1,0,0,0,Medium,Medium,High,Medium,58.3,Medium
Girivalam Path - Outer Loop,12.218446424782961,79.07929697472083,2,0,1,2,Medium,Medium,High,Medium,67.5,Medium
Girivalam Path - Outer Loop,12.219848608788666,79.08160577915591,5,0,0,2,High,Medium,High,Medium,36.7,Medium
Girivalam Path - Outer Loop,12.218459093447644,79.08189534547535,3,0,0,3,Low,Low,High,Medium,73.5,High
Girivalam Path - Outer Loop,12.220753659711939,79.080677629638,0,0,0,2,Medium,Low,Medium,Medium,59.1,Medium
Girivalam Path - Outer Loop,12.220437261152801,79.07850856861405,14,0,0,0,Low,High,Low,Medium,44.0,Medium
Girivalam Path - Outer Loop,12.219616252012285,79.07953918930053,22,1,1,3,Low,Low,Medium,Medium,69.8,Medium
Girivalam Path - Outer Loop,12.219685266425124,79.07811246064392,21,0,0,2,Low,Medium,Medium,Medium,46.5,Medium
Girivalam Path - Outer Loop,12.221827211040178,79.08065171361503,0,0,0,1,Medium,Medium,Low,Medium,52.2,Medium
Girivalam Path - Outer Loop,12.219344430211763,79.08160215202179,9,0,0,1,Medium,Low,Medium,Medium,23.5,Low
Girivalam Path - Outer Loop,12.220197557675728,79.07969746337693,6,0,0,1,Medium,High,Medium,Medium,44.6,Medium
Girivalam Path - Outer Loop,12.218822290286173,79.08145324748875,18,0,0,2,High,Medium,High,Medium,38.3,Medium
Girivalam Path - Outer Loop,12.221541231108977,79.07885420234521,15,0,0,2,Medium,Low,High,Medium,40.5,Medium
Girivalam Path - Outer Loop,12.21957003221192,79.07806821583074,4,0,1,0,Low,High,Low,Medium,60.6,Medium
Girivalam Path - Outer Loop,12.21980139118642,79.07818996855141,20,0,1,3,Medium,Low,High,Medium,43.8,Medium
Girivalam Path - Outer Loop,12.221836389654996,79.07864437712243,3,0,0,1,Low,High,High,Medium,80.1,High
Girivalam Path - Outer Loop,12.221112496865093,79.08039151134427,4,0,1,1,Low,Low,Low,Medium,58.1,Medium
Girivalam Path - Outer Loop,12.219238352560467,79.07928076822657,18,0,0,3,Medium,Low,High,Medium,40.4,Medium
Girivalam Path - Outer Loop,12.218361842923498,79.08109121639578,13,0,1,2,Low,Medium,Low,Medium,52.4,Medium
Girivalam Path - Outer Loop,12.221169003689699,79.08089246253408,11,0,0,4,Low,High,Medium,Medium,61.5,Medium
Girivalam Path - Outer Loop,12.219626915558647,79.07906229741825,5,0,0,1,Medium,High,High,Medium,52.4,Medium
Girivalam Path - Outer Loop,12.218630327997147,79.07812968769565,6,0,0,2,High,Medium,Medium,Medium,36.7,Medium
Girivalam Path - Outer Loop,12.22048334927077,79.08169270728796,16,0,0,0,Low,Low,Low,Medium,26.6,Low
Girivalam Path - Outer Loop,12.220867711078679,79.07937310432598,11,0,0,2,Medium,Low,Medium,Medium,30.8,Medium
Girivalam Path - Outer Loop,12.220183989057936,79.08134618604448,12,0,0,2,Low,Low,Medium,Medium,35.7,Medium
Girivalam Path - Outer Loop,12.218455146933094,79.08005489839935,21,0,0,5,High,Low,Medium,Medium,52.0,Medium
Girivalam Path - Outer Loop,12.220989608163599,79.08124583207145,5,0,0,0,Medium,High,Medium,Medium,35.7,Medium
Girivalam Path - Outer Loop,12.221489048926575,79.07837810436288,2,0,1,1,Medium,Low,Medium,Medium,51.1,Medium
Girivalam Path - Outer Loop,12.221794809299407,79.08118168788822,18,0,1,2,Low,Medium,Low,Medium,56.6,Medium
Girivalam Path - Outer Loop,12.220815670660736,79.08192883225738,1,0,0,0,Low,High,Medium,Medium,69.2,Medium
Girivalam Path - Outer Loop,12.219860019607811,79.07884994192354,23,0,0,2,Medium,Low,Medium,Medium,65.7,Medium
Girivalam Path - Outer Loop,12.221121805134564,79.08191579636538,23,0,0,2,Low,Low,Low,Medium,60.7,Medium
Girivalam Path - Outer Loop,12.218639158405773,79.08128339662137,9,0,0,2,Medium,Medium,Medium,Medium,38.5,Medium
Girivalam Path - Outer Loop,12.218645676298967,79.07947890222664,4,0,0,2,Low,High,Low,Medium,79.2,High
Girivalam Path - Outer Loop,12.221203298491448,79.0818783095148,21,0,0,2,Low,Medium,Medium,Medium,45.1,Medium
Girivalam Path - Outer Loop,12.21930190874202,79.08112826899452,20,0,0,2,Low,Low,Medium,Medium,46.9,Medium
Girivalam Path - Outer Loop,12.219492261789703,79.07885734571636,19,0,0,2,Medium,Low,Low,Medium,32.7,Medium
Girivalam Path - Outer Loop,12.219023025940833,79.08188102753368,22,1,0,3,High,Medium,Low,Medium,63.6,Medium
Girivalam Path - Outer Loop,12.220836636739982,79.08079174918113,10,0,0,1,Medium,High,Low,Medium,41.4,Medium
Girivalam Path - Outer Loop,12.220648411329172,79.08028697758941,21,0,0,4,Medium,Low,Medium,Medium,45.6,Medium
Girivalam Path - Outer Loop,12.218359898793453,79.08173583844814,17,0,0,1,Medium,High,Low,Medium,39.0,Medium
Girivalam Path - Outer Loop,12.218364198648855,79.07814706729494,16,0,0,1,High,Low,High,Medium,29.3,Low
Girivalam Path - Outer Loop,12.220117781366923,79.08022366419192,19,0,1,1,Low,Low,High,Medium,37.2,Medium
Girivalam Path - Outer Loop,12.22140763770107,79.07870599034504,8,0,0,2,High,High,Medium,Medium,47.7,Medium
Girivalam Path - Outer Loop,12.221700912065382,79.07997700332736,0,0,0,4,Medium,Medium,Medium,Medium,78.7,High
Girivalam Path - Outer Loop,12.218903419212447,79.07821285932604,6,0,1,1,Low,Low,Medium,Medium,25.7,Low
Girivalam Path - Outer Loop,12.219894063245446,79.078102129517,5,0,0,0,High,Low,High,Medium,26.5,Low
Girivalam Path - Outer Loop,12.218820189163852,79.08111478503035,21,0,1,3,Medium,Low,High,Medium,37.9,Medium
Girivalam Path - Outer Loop,12.218054070517647,79.07936681115744,18,0,0,5,Medium,Low,Low,Medium,55.8,Medium
Girivalam Path - Outer Loop,12.220102076746837,79.07990877269039,11,0,0,5,Medium,High,Medium,Medium,66.8,Medium
Girivalam Path - Outer Loop,12.220025432255152,79.07942487537498,12,0,0,0,Medium,Medium,High,Medium,36.7,Medium
Girivalam Path - Outer Loop,12.220597091633733,79.0810254737557,19,0,0,2,Medium,Low,Medium,Medium,36.3,Medium
Girivalam Path - Outer Loop,12.219682928399166,79.07841992392281,12,0,0,1,Low,Low,Medium,Medium,38.2,Medium
Girivalam Path - Outer Loop,12.218804656797131,79.07919719944536,15,0,0,0,High,Low,Low,Medium,13.8,Low
Girivalam Path - Outer Loop,12.21976056604266,79.07800043505368,9,0,0,1,Medium,Medium,Low,Medium,28.8,Low
Girivalam Path - Outer Loop,12.221516085206991,79.08167590322309,7,0,0,2,Low,Low,High,Medium,48.4,Medium
Girivalam Path - Outer Loop,12.218439417035944,79.07963364765786,1,0,1,3,Low,Low,Medium,Medium,61.7,Medium
Girivalam Path - Outer Loop,12.218909319721897,79.0795587589951,5,0,0,0,High,Low,High,Medium,16.4,Low
Girivalam Path - Outer Loop,12.219251190404607,79.08135140074107,14,0,0,1,High,Low,Low,Medium,11.3,Low
Girivalam Path - Outer Loop,12.221991805980247,79.08114579942578,19,0,0,5,Low,Low,High,Medium,65.4,Medium
Girivalam Path - Outer Loop,12.219367142323756,79.07925545475979,0,0,0,2,Medium,Medium,High,Medium,66.4,Medium
Girivalam Path - Outer Loop,12.221604260947261,79.07968025915189,4,0,0,2,Medium,Medium,Low,Medium,65.5,Medium
Girivalam Path - Outer Loop,12.21960462431887,79.08094440444161,23,0,0,1,Medium,Medium,High,Medium,55.3,Medium
Girivalam Path - Outer Loop,12.218914304368726,79.08020881649827,23,0,0,4,High,Medium,Medium,Medium,68.1,Medium
Girivalam Path - Outer Loop,12.22110649676102,79.0802852934957,15,0,0,0,High,Low,Low,Medium,8.2,Low
Girivalam Path - Outer Loop,12.218735007126472,79.07858447170915,10,0,0,4,Medium,Low,Medium,Medium,43.8,Medium
Girivalam Path - Outer Loop,12.219798215503655,79.07907652041334,9,1,1,4,High,Medium,Medium,Medium,48.1,Medium
Girivalam Path - Outer Loop,12.219923217344382,79.08001591055297,1,0,0,2,Medium,High,Medium,Medium,70.0,High
Girivalam Path - Outer Loop,12.220098830770262,79.08043523661209,19,0,0,0,High,High,Low,Medium,25.0,Low
Girivalam Path - Outer Loop,12.220486393608924,79.07884398933265,15,0,0,0,Low,Low,High,Medium,35.0,Medium
Girivalam Path - Outer Loop,12.221053889094568,79.07998368134538,15,0,0,0,High,Low,Medium,Medium,18.7,Low
Girivalam Path - Outer Loop,12.219129917235115,79.08158671980337,4,0,0,7,High,Low,Medium,Medium,70.5,High
Girivalam Path - Outer Loop,12.218401346680068,79.0789130599596,21,0,0,3,Medium,Low,Medium,Medium,52.6,Medium
Girivalam Path - Outer Loop,12.219881149922974,79.0812217294412,17,1,1,2,Low,High,High,Medium,61.4,Medium
Girivalam Path - Outer Loop,12.221691404432226,79.07870576518816,4,0,0,8,Low,Low,Low,Medium,83.1,High
Girivalam Path - Outer Loop,12.220992372187679,79.07952126225199,18,0,0,1,Low,Low,Medium,Medium,29.5,Low
Girivalam Path - Outer Loop,12.220570119138372,79.0800418729303,1,0,0,5,Low,Low,High,Medium,81.0,High
Girivalam Path - Outer Loop,12.220624833003326,79.08194589548769,9,0,0,2,Low,Low,Low,Medium,33.6,Medium
Girivalam Path - Outer Loop,12.219672762434035,79.08090289256748,15,0,0,1,Medium,Low,High,Medium,31.8,Medium
Girivalam Path - Outer Loop,12.221716871479213,79.08068866324018,17,0,1,3,Medium,Low,High,Medium,43.6,Medium
Girivalam Path - Outer Loop,12.218208209447214,79.08062536949421,8,0,0,4,Medium,Low,Low,Medium,35.6,Medium
Girivalam Path - Outer Loop,12.219693107383556,79.08180894815197,12,0,0,1,Low,Low,High,Medium,35.6,Medium
Girivalam Path - Outer Loop,12.221530636848966,79.0808068655365,3,0,0,2,Medium,Low,Medium,Medium,58.0,Medium
Girivalam Path - Outer Loop,12.219326997093072,79.07856258847825,18,0,0,2,Medium,Medium,High,Medium,45.5,Medium
Girivalam Path - Outer Loop,12.22008507810687,79.08103675907888,0,0,1,0,Low,Low,Medium,Medium,49.0,Medium
Girivalam Path - Outer Loop,12.218024536726663,79.07820779396138,0,0,0,3,Low,Low,High,Medium,71.2,High
Girivalam Path - Outer Loop,12.221321513989103,79.08117898472658,14,0,0,2,High,Medium,Medium,Medium,36.0,Medium
Girivalam Path - Outer Loop,12.21952957234638,79.08045452508101,9,0,0,3,Medium,Low,High,Medium,41.9,Medium
Girivalam Path - Outer Loop,12.220292171541654,79.08058284726972,18,0,1,0,Medium,Medium,Low,Medium,18.7,Low
Girivalam Path - Outer Loop,12.22046628940435,79.07850786419523,0,0,0,2,High,Low,High,Medium,54.9,Medium
Girivalam Path - Outer Loop,12.22167023469832,79.08142361411801,7,1,1,0,Medium,Medium,Medium,Medium,33.2,Medium
Girivalam Path - Outer Loop,12.22075931997101,79.08002886209702,6,0,0,2,Low,Medium,High,Medium,50.1,Medium
Girivalam Path - Outer Loop,12.218464245595479,79.08153892968802,19,1,0,2,Low,Low,Medium,Medium,55.7,Medium
Girivalam Path - Outer Loop,12.221107074209964,79.08174231144314,20,0,1,2,Low,Low,High,Medium,49.9,Medium
Girivalam Path - Outer Loop,12.22085403265743,79.08083747063203,12,0,1,2,High,Low,High,Medium,37.4,Medium
Girivalam Path - Outer Loop,12.220660750818315,79.08000697391604,14,0,0,1,Medium,High,Medium,Medium,45.9,Medium
Girivalam Path - Outer Loop,12.218117808180416,79.08003731267505,11,0,0,2,High,Medium,Low,Medium,34.1,Medium
Girivalam Path - Outer Loop,12.219942919042996,79.0811901459413,0,0,0,2,Low,Low,High,Medium,75.4,High
Girivalam Path - Outer Loop,12.218883458909955,79.08127874655169,0,0,0,2,High,Low,Medium,Medium,55.9,Medium
Girivalam Path - Outer Loop,12.21868855206458,79.07936487187415,16,0,1,4,Low,Low,Medium,Medium,55.6,Medium
Girivalam Path - Outer Loop,12.221141595253133,79.07902233090107,6,0,0,0,Low,Low,High,Medium,45.0,Medium
Girivalam Path - Outer Loop,12.220753454053916,79.07846452025169,0,0,0,2,Medium,Low,Low,Medium,51.5,Medium
Girivalam Path - Outer Loop,12.220562796026531,79.08073556306545,7,0,0,2,Low,Medium,Medium,Medium,52.8,Medium
Girivalam Path - Outer Loop,12.218778785406524,79.07965124573731,9,0,0,2,Medium,Low,Low,Medium,26.9,Low
Girivalam Path - Outer Loop,12.220475183991024,79.08060388426915,9,0,1,4,Medium,Low,High,Medium,52.0,Medium
Girivalam Path - Outer Loop,12.219045475498516,79.08192412315209,14,0,1,2,High,High,Medium,Medium,39.6,Medium
Girivalam Path - Outer Loop,12.220622469343244,79.07906140818032,23,0,0,5,Medium,Low,Low,Medium,72.2,High
Girivalam Path - Outer Loop,12.218868487521815,79.07962286055745,23,0,0,1,High,High,Medium,Medium,66.5,Medium
Girivalam Path - Outer Loop,12.218296673802607,79.07989279627411,8,0,1,2,Medium,High,Medium,Medium,53.6,Medium
Girivalam Path - Outer Loop,12.219298810446704,79.08072886521084,4,0,1,2,Low,Medium,Medium,Medium,71.5,High
Girivalam Path - Outer Loop,12.219550773475488,79.0783101013509,22,0,0,0,High,Medium,Medium,Medium,45.4,Medium
Girivalam Path - Outer Loop,12.221901933836993,79.07890928340152,7,0,0,0,Medium,Low,Medium,Medium,25.0,Low
Girivalam Path - Outer Loop,12.218481328181559,79.07978655592127,22,1,0,2,Low,Low,High,Medium,63.3,Medium
Girivalam Path - Outer Loop,12.220440273855862,79.07846797656538,22,0,0,0,Medium,Low,Medium,Medium,45.2,Medium
Girivalam Path - Outer Loop,12.218806930418618,79.07993190602124,1,0,0,0,High,Low,High,Medium,38.1,Medium
Girivalam Path - Outer Loop,12.221942460809144,79.08051183562236,0,0,0,2,High,Low,Low,Medium,40.0,Medium
Girivalam Path - Outer Loop,12.221152415281368,79.0815321446858,10,0,0,0,High,Low,Medium,Medium,20.6,Low
Girivalam Path - Outer Loop,12.22019689748598,79.08041715337035,0,0,0,1,Medium,Low,Low,Medium,47.3,Medium
Girivalam Path - Outer Loop,12.218564049327696,79.08050714195875,20,0,0,2,Medium,Low,High,Medium,31.7,Medium
Girivalam Path - Outer Loop,12.219935358491563,79.07850809073776,13,0,0,1,Low,Low,Low,Medium,27.8,Low
Girivalam Path - Outer Loop,12.220716520337593,79.08090009675469,15,0,1,2,High,High,Medium,Medium,40.8,Medium
Girivalam Path - Outer Loop,12.2190162890151,79.0807467582125,8,0,0,3,Low,Low,Low,Medium,40.1,Medium
Girivalam Path - Outer Loop,12.218419934158138,79.07917603110067,17,0,0,1,Medium,High,High,Medium,47.0,Medium
Girivalam Path - Outer Loop,12.218828205628109,79.07966253515993,14,0,0,4,High,High,High,Medium,60.3,Medium
Girivalam Path - Outer Loop,12.218494252798378,79.08056502427837,9,0,0,3,Medium,Medium,Low,Medium,34.7,Medium
Girivalam Path - Outer Loop,12.220641892341837,79.08076352480353,14,0,0,2,Low,Medium,Medium,Medium,46.4,Medium
Girivalam Path - Outer Loop,12.219541255848968,79.08111531448235,16,0,0,1,High,Low,High,Medium,30.6,Medium
Girivalam Path - Outer Loop,12.21854997724455,79.08038330881297,14,0,1,1,Medium,Low,Low,Medium,18.2,Low
Girivalam Path - Outer Loop,12.2193142730626,79.07912205678305,5,0,1,1,Medium,High,Medium,Medium,41.5,Medium
Girivalam Path - Outer Loop,12.22169958960942,79.07870519538179,8,1,0,3,Low,Medium,Medium,Medium,59.7,Medium
Girivalam Path - Outer Loop,12.219456890993298,79.08112077219945,10,0,0,3,Medium,Low,Medium,Medium,38.6,Medium
Girivalam Path - Outer Loop,12.218228208037337,79.07822698796934,8,0,0,2,High,Low,Low,Medium,26.3,Low
Girivalam Path - Outer Loop,12.220269905860329,79.07838198276407,15,0,0,3,Medium,High,Medium,Medium,53.6,Medium
Girivalam Path - Outer Loop,12.21828102168587,79.0818563601152,12,1,0,3,Medium,Medium,High,Medium,54.0,Medium
Girivalam Path - Outer Loop,12.221630558795724,79.07967830656106,2,0,0,0,High,Low,Low,Medium,27.1,Low
Girivalam Path - Outer Loop,12.218177898794968,79.08175199222165,9,0,0,4,High,Low,Low,Medium,33.1,Medium
Girivalam Path - Outer Loop,12.220385553074703,79.08039937476742,1,0,0,0,Low,Medium,Low,Medium,55.3,Medium
Girivalam Path - Outer Loop,12.220922415226992,79.07893182072134,7,0,0,3,Medium,Low,Medium,Medium,37.6,Medium
Girivalam Path - Outer Loop,12.218594879333311,79.07873190881548,12,0,0,1,Medium,Medium,Medium,Medium,38.5,Medium
Girivalam Path - Outer Loop,12.221456485679555,79.08161865454201,22,0,0,2,Low,Low,Low,Medium,72.6,High
Girivalam Path - Outer Loop,12.219569340007865,79.0817908912123,21,0,0,2,Medium,Low,Low,Medium,26.8,Low
Girivalam Path - Outer Loop,12.21827361047993,79.07805645053897,16,0,0,3,High,Medium,Medium,Medium,48.2,Medium
Girivalam Path - Outer Loop,12.219224751413648,79.07844633017179,6,0,1,1,Medium,Low,High,Medium,44.5,Medium
Girivalam Path - Outer Loop,12.220663932185056,79.08141414638156,7,0,0,3,Low,Medium,Low,Medium,54.6,Medium
Girivalam Path - Outer Loop,12.218673017677059,79.0816635361498,8,0,0,0,Low,Low,High,Medium,39.8,Medium
Girivalam Path - Outer Loop,12.221460686964686,79.0809260937783,16,0,0,1,High,Medium,Low,Medium,31.0,Medium
Girivalam Path - Outer Loop,12.221472518679505,79.08151733257183,19,0,0,3,High,Low,High,Medium,36.8,Medium
Girivalam Path - Outer Loop,12.219399674390242,79.07916757588033,14,0,0,2,High,Low,Low,Medium,25.3,Low
Girivalam Path - Outer Loop,12.220505302325122,79.08072098161149,6,0,0,3,Low,Low,Low,Medium,44.8,Medium
Girivalam Path - Outer Loop,12.221885647849003,79.07868552017057,4,0,1,2,Medium,Low,High,Medium,52.0,Medium
Girivalam Path - Outer Loop,12.221569138579977,79.08170164935724,16,1,0,1,High,Medium,High,Medium,34.2,Medium
Girivalam Path - Outer Loop,12.218445544731374,79.08067493433032,6,0,1,3,Medium,Low,High,Medium,34.8,Medium
Girivalam Path - Outer Loop,12.221574530108484,79.08059692077592,22,0,0,8,Medium,Low,Low,Medium,63.2,Medium
Girivalam Path - Outer Loop,12.22175000498619,79.07841301001085,15,1,0,3,Medium,Medium,Low,Medium,46.7,Medium
Girivalam Path - Outer Loop,12.22090734545368,79.08093427086584,1,0,1,4,High,Low,Medium,Medium,69.1,Medium
Girivalam Path - Outer Loop,12.220348382167172,79.07825327713073,9,0,0,0,Low,Low,Low,Medium,28.7,Low
Girivalam Path - Outer Loop,12.218288145533991,79.07963871466978,21,0,1,0,High,Low,Low,Medium,12.8,Low
Girivalam Path - Outer Loop,12.22090906104849,79.079666778642,0,0,0,4,Medium,Low,Medium,Medium,65.2,Medium
Girivalam Path - Outer Loop,12.22124043389813,79.07886791672189,6,0,0,1,High,Low,Low,Medium,22.3,Low
Girivalam Path - Outer Loop,12.218398960162686,79.08082142670845,16,0,0,2,Medium,Low,High,Medium,35.4,Medium
Girivalam Path - Outer Loop,12.218353288013802,79.07856601009404,19,1,0,3,Low,High,Low,Medium,55.9,Medium
Girivalam Path - Outer Loop,12.220360885858115,79.07953190409489,0,1,0,2,High,Medium,Low,Medium,59.8,Medium
Girivalam Path - Outer Loop,12.219756564121644,79.08138563892857,23,0,0,0,High,Medium,Low,Medium,46.9,Medium
Girivalam Path - Outer Loop,12.221918097459575,79.08041829525101,13,0,1,6,Low,Low,High,Medium,66.8,Medium
Girivalam Path - Outer Loop,12.22054124128597,79.07882050665823,1,0,0,1,High,Low,High,Medium,41.2,Medium
Girivalam Path - Outer Loop,12.220205285905049,79.07824778983887,14,0,1,2,Medium,Low,Medium,Medium,22.8,Low
Girivalam Path - Outer Loop,12.219573789470816,79.08081965612729,10,1,0,1,Low,Medium,High,Medium,47.5,Medium
Girivalam Path - Outer Loop,12.218565098897429,79.08012770871557,0,0,0,0,Low,Low,Low,Medium,46.7,Medium
Girivalam Path - Outer Loop,12.220863753147434,79.07847797960319,13,0,0,4,High,Low,Medium,Medium,39.7,Medium
Girivalam Path - Outer Loop,12.219243722392234,79.07921159839489,5,0,0,1,Low,Low,Medium,Medium,30.3,Medium
Girivalam Path - Outer Loop,12.21828195706705,79.07812065586234,9,0,0,1,Low,Medium,Medium,Medium,49.1,Medium
Girivalam Path - Outer Loop,12.220068075908934,79.07891145706606,22,0,0,2,Medium,High,Low,Medium,71.7,High
Girivalam Path - Outer Loop,12.220836683807882,79.08040868032455,19,0,0,3,High,Low,Low,Medium,22.5,Low
Girivalam Path - Outer Loop,12.218836766301045,79.07868093089587,14,0,0,4,Medium,Low,High,Medium,50.5,Medium
Girivalam Path - Outer Loop,12.221344161818369,79.08060030439736,23,0,1,1,Medium,Low,Low,Medium,48.1,Medium
Girivalam Path - Outer Loop,12.219722772175647,79.07823407467608,18,0,0,5,High,Low,Medium,Medium,43.9,Medium
Girivalam Path - Outer Loop,12.218384004425502,79.07946857374134,5,0,0,2,High,Low,High,Medium,31.7,Medium
Girivalam Path - Outer Loop,12.219067810341103,79.07997690070052,11,0,0,1,High,High,High,Medium,41.1,Medium
Girivalam Path - Outer Loop,12.219009908820293,79.0782120083106,21,0,1,0,High,Low,Medium,Medium,17.7,Low
Girivalam Path - Outer Loop,12.22150544871823,79.07940165950197,23,0,0,3,Medium,High,Medium,Medium,76.9,High
Girivalam Path - Outer Loop,12.221274237128531,79.07850419923976,17,0,0,2,Medium,High,Low,Medium,48.2,Medium
Girivalam Path - Outer Loop,12.221779700908126,79.07924025657886,7,0,0,0,Low,Low,High,Medium,34.9,Medium
Girivalam Path - Outer Loop,12.218959070885969,79.07871501914404,15,0,1,1,Medium,Medium,Low,Medium,20.8,Low
Girivalam Path - Outer Loop,12.2216858929678,79.08020160705739,13,0,1,1,High,Medium,Medium,Medium,26.9,Low
Girivalam Path - Outer Loop,12.21869663924373,79.08056253095816,13,0,0,3,Medium,Medium,Medium,Medium,47.4,Medium
Girivalam Path - Outer Loop,12.22147821873164,79.0800926965738,12,0,0,1,High,Medium,High,Medium,39.3,Medium
Girivalam Path - Outer Loop,12.219750915387678,79.08152030610287,22,0,0,3,Medium,Medium,High,Medium,70.1,High
Girivalam Path - Outer Loop,12.219257983606965,79.08131694345313,6,0,0,1,Medium,Medium,Medium,Medium,34.2,Medium
Girivalam Path - Outer Loop,12.22086043966765,79.0816062718196,9,0,0,4,High,Low,High,Medium,45.2,Medium
Girivalam Path - Outer Loop,12.220173302209293,79.08179032136886,22,0,0,6,High,High,Low,Medium,81.8,High
Girivalam Path - Outer Loop,12.220185183115557,79.07882498275401,21,1,0,4,High,Medium,Low,Medium,42.9,Medium
Girivalam Path - Outer Loop,12.220601191621677,79.07953560519803,0,0,0,4,Low,Low,High,Medium,77.9,High
Girivalam Path - Outer Loop,12.219812315410131,79.08097606247351,7,0,0,5,High,Low,High,Medium,48.6,Medium
Girivalam Path - Outer Loop,12.22176173405312,79.08102411756816,15,0,0,2,Low,Low,Medium,Medium,36.4,Medium
Girivalam Path - Outer Loop,12.221143950102794,79.07800232880889,9,0,0,1,Low,Low,Low,Medium,26.2,Low
Girivalam Path - Outer Loop,12.219165390999104,79.08027208506132,5,0,1,1,High,Low,Low,Medium,32.5,Medium
Girivalam Path - Outer Loop,12.218468339453992,79.0793294969893,22,0,0,2,High,Medium,Low,Medium,44.7,Medium
Girivalam Path - Outer Loop,12.219135246329014,79.08068378324099,2,0,0,5,Low,Low,Low,Medium,81.0,High
Girivalam Path - Outer Loop,12.221313554469006,79.07975708301466,13,0,0,1,Low,Low,Low,Medium,28.4,Low
Girivalam Path - Outer Loop,12.22070485401428,79.08199527918453,11,0,0,0,Low,Low,Low,Medium,33.1,Medium
Girivalam Path - Outer Loop,12.218747085253096,79.0797183905499,13,0,0,4,Low,Medium,High,Medium,61.6,Medium
Girivalam Path - Outer Loop,12.219505314861411,79.079579279329,4,0,0,1,Medium,High,Medium,Medium,64.7,Medium
Girivalam Path - Outer Loop,12.219829215621175,79.0817696809938,19,0,1,0,Medium,Medium,High,Medium,30.0,Medium
Girivalam Path - Outer Loop,12.218908197440006,79.07850560010631,22,0,0,1,Low,Medium,Low,Medium,58.0,Medium
Girivalam Path - Outer Loop,12.219708727208456,79.07985404835898,7,0,1,4,Low,Medium,Low,Medium,61.3,Medium
Girivalam Path - Outer Loop,12.218784644320724,79.08062496856934,16,0,0,1,High,Medium,High,Medium,33.9,Medium
Girivalam Path - Outer Loop,12.22108520986605,79.08022702177392,10,1,0,3,Medium,Medium,Low,Medium,44.1,Medium
Girivalam Path - Outer Loop,12.218204099085371,79.08185126167449,18,0,0,1,Medium,Medium,Low,Medium,26.5,Low
Girivalam Path - Outer Loop,12.219658025164893,79.07867367179298,2,0,0,2,Low,Low,Low,Medium,58.3,Medium
Girivalam Path - Outer Loop,12.221976334078867,79.07911908233324,16,0,0,3,High,Low,Medium,Medium,37.4,Medium
Girivalam Path - Outer Loop,12.220620370535755,79.08031355170213,19,0,0,1,Medium,Low,Medium,Medium,22.4,Low
Girivalam Path - Outer Loop,12.21899050510649,79.08150116448401,7,0,0,2,Low,Medium,Low,Medium,49.1,Medium
Girivalam Path - Outer Loop,12.218766226829095,79.079050402575,13,0,1,1,Low,Low,Low,Medium,38.9,Medium
Girivalam Path - Outer Loop,12.218043273999132,79.08075770717274,19,0,0,1,High,Low,Low,Medium,26.3,Low
Girivalam Path - Outer Loop,12.221785576154591,79.08169946759317,2,0,0,1,Medium,Low,Medium,Medium,50.3,Medium
Girivalam Path - Outer Loop,12.221695253378009,79.07865211869995,3,0,0,1,High,Low,Low,Medium,34.3,Medium
Girivalam Path - Outer Loop,12.219028353640004,79.08085772223814,11,0,0,2,High,Low,Low,Medium,21.0,Low
Girivalam Path - Outer Loop,12.221645559898914,79.08049814618485,4,0,1,1,Medium,Low,Medium,Medium,50.9,Medium
Girivalam Path - Outer Loop,12.2197170891298,79.07829415917146,23,0,0,1,Low,Low,Low,Medium,61.8,Medium
Girivalam Path - Outer Loop,12.218254931379015,79.08187696322594,15,0,0,4,Medium,Low,High,Medium,50.9,Medium
Girivalam Path - Outer Loop,12.220148887937757,79.07816665849813,2,0,0,2,Medium,Low,Low,Medium,51.2,Medium
Girivalam Path - Outer Loop,12.21890559809296,79.07840878179748,16,0,0,1,Low,High,Medium,Medium,44.9,Medium
Girivalam Path - Outer Loop,12.220714636912728,79.08066460479172,20,0,0,0,Medium,Medium,Low,Medium,27.5,Low
Girivalam Path - Outer Loop,12.219159344823218,79.08093899450867,22,0,1,0,Low,High,High,Medium,72.7,High
Girivalam Path - Outer Loop,12.218231109895173,79.07913439911087,0,0,0,0,Low,Low,Low,Medium,54.3,Medium
Girivalam Path - Outer Loop,12.221987276990305,79.0780645645908,22,0,1,2,High,Low,Medium,Medium,42.2,Medium
Girivalam Path - Outer Loop,12.219972745449182,79.0796910188484,18,0,0,3,Medium,Medium,Medium,Medium,42.9,Medium
Girivalam Path - Outer Loop,12.220302400725105,79.07985334426665,20,0,0,0,Low,Low,High,Medium,19.4,Low
Girivalam Path - Outer Loop,12.219725444681572,79.08013923879287,16,0,0,3,High,Low,High,Medium,43.1,Medium
Girivalam Path - Outer Loop,12.220305747977427,79.07987899064297,13,0,0,2,Low,Low,Medium,Medium,40.5,Medium
Girivalam Path - Outer Loop,12.218566313036463,79.0788026923009,3,0,0,1,Medium,Low,High,Medium,49.1,Medium
Girivalam Path - Outer Loop,12.21827169209333,79.07906913331666,4,0,0,2,High,Low,High,Medium,50.6,Medium
Girivalam Path - Outer Loop,12.220127771962131,79.07860942170485,9,0,0,1,High,Medium,High,Medium,36.7,Medium
Girivalam Path - Outer Loop,12.219021343306348,79.0785550593491,0,1,0,5,Medium,High,Medium,Medium,83.6,High
Girivalam Path - Outer Loop,12.219451595727477,79.07888931733675,17,0,1,4,Medium,Medium,Medium,Medium,47.3,Medium
Girivalam Path - Outer Loop,12.219959679714627,79.08056344374064,12,0,0,1,High,Low,High,Medium,22.7,Low
Girivalam Path - Outer Loop,12.221354444380399,79.08056040804566,17,0,0,2,Medium,High,Medium,Medium,44.8,Medium
Girivalam Path - Outer Loop,12.218501262208639,79.07880935983691,7,0,0,1,High,Low,High,Medium,31.7,Medium
Girivalam Path - Outer Loop,12.221527376228869,79.08087447479545,11,0,0,2,High,Medium,Low,Medium,39.5,Medium
Girivalam Path - Outer Loop,12.219625208670463,79.0817251177443,1,0,0,3,High,Medium,Medium,Medium,59.3,Medium
Girivalam Path - Outer Loop,12.221749996818769,79.0802440538976,1,0,0,5,Medium,Low,High,Medium,68.3,Medium
Girivalam Path - Outer Loop,12.220441846381608,79.08175925780095,5,0,0,4,Medium,Low,High,Medium,49.5,Medium
Girivalam Path - Outer Loop,12.218938717913607,79.08134511975753,3,0,0,1,Low,High,High,Medium,80.1,High
Girivalam Path - Outer Loop,12.218571115237012,79.08001889979676,5,0,0,0,High,Medium,High,Medium,19.1,Low
Girivalam Path - Outer Loop,12.218456744959886,79.07993527440965,6,0,1,3,High,Medium,Medium,Medium,43.3,Medium
Girivalam Path - Outer Loop,12.221576675714871,79.07926958327896,10,0,0,3,Medium,Low,Low,Medium,40.4,Medium
Girivalam Path - Outer Loop,12.221723559076283,79.0780891246309,10,0,0,0,Low,Low,Medium,Medium,25.1,Low
Girivalam Path - Outer Loop,12.219707469943357,79.07858590767347,1,0,0,3,Low,Low,Low,Medium,63.8,Medium
Girivalam Path - Outer Loop,12.218206220046076,79.07915065457067,7,0,0,3,Low,Medium,High,Medium,60.7,Medium
Girivalam Path - Outer Loop,12.221992986865788,79.07941182253714,22,0,0,1,Low,Medium,High,Medium,68.7,Medium
Girivalam Path - Outer Loop,12.221155754516765,79.08131677897734,0,0,0,0,High,Low,Low,Medium,31.7,Medium
Girivalam Path - Outer Loop,12.221262525242038,79.08069096925803,5,0,0,2,Low,Low,High,Medium,46.7,Medium
Girivalam Path - Outer Loop,12.220847231498183,79.07835004171562,15,0,0,0,Medium,Low,Medium,Medium,31.3,Medium
Girivalam Path - Outer Loop,12.22087328742336,79.07857450418717,8,0,1,2,High,Medium,Medium,Medium,36.8,Medium
Girivalam Path - Outer Loop,12.220676460041291,79.07956612490251,1,0,0,2,High,Low,Medium,Medium,49.6,Medium
Girivalam Path - Outer Loop,12.218021451774419,79.07966045634588,14,0,0,2,Low,Medium,Medium,Medium,52.0,Medium
Sri Ramana Ashram,12.230144943937562,79.06735496135929,13,0,0,0,Low,Medium,Medium,Low,13.6,Low
Sri Ramana Ashram,12.230248120778564,79.06676053244821,18,0,0,0,High,Low,Low,Low,8.3,Low
Sri Ramana Ashram,12.232525640653092,79.06682785691547,3,0,0,1,Low,Low,Low,Low,15.1,Low
Sri Ramana Ashram,12.233049262781766,79.06680571211854,11,0,0,2,High,High,Low,Low,23.9,Low
Sri Ramana Ashram,12.23184212399226,79.06825460086061,0,0,0,2,Medium,Medium,Low,Low,42.3,Medium
Sri Ramana Ashram,12.231102354178889,79.0674892531298,3,0,0,3,Medium,Low,Medium,Low,37.6,Medium
Sri Ramana Ashram,12.232999712323698,79.06648919099182,22,0,0,0,Medium,Low,Medium,Low,5.0,Low
Sri Ramana Ashram,12.2325942766078,79.0654784170458,14,0,1,1,Medium,Low,Low,Low,5.7,Low
Sri Ramana Ashram,12.232752036604275,79.06724878439778,11,0,0,1,Low,Medium,Medium,Low,26.7,Low
Sri Ramana Ashram,12.231497403185383,79.06570976582002,14,0,0,0,Low,Low,High,Low,8.7,Low
Sri Ramana Ashram,12.231028405853445,79.06555197499887,2,0,0,0,Low,Medium,Low,Low,26.7,Low
Sri Ramana Ashram,12.2309561477498,79.06854044434853,13,0,1,0,Medium,Low,Low,Low,5.5,Low
Sri Ramana Ashram,12.23338835906244,79.06788090098118,19,0,0,1,High,High,Low,Low,12.8,Low
Sri Ramana Ashram,12.230865278891667,79.06533173122531,14,0,1,0,High,Low,Medium,Low,8.4,Low
Sri Ramana Ashram,12.23360486176481,79.06769226407388,14,0,0,2,Medium,High,Low,Low,39.2,Medium
Sri Ramana Ashram,12.230201697012062,79.06576351063755,5,0,1,0,Medium,Low,Low,Low,1.5,Low
Sri Ramana Ashram,12.231757940511802,79.06789004195196,10,0,0,0,Medium,Medium,Medium,Low,17.8,Low
Sri Ramana Ashram,12.231970373110197,79.06757894333236,22,0,0,0,High,Low,High,Low,0.0,Low
Sri Ramana Ashram,12.230693527857145,79.06779383934924,8,0,0,0,High,Low,Medium,Low,0.0,Low
Sri Ramana Ashram,12.2320252660022,79.06637026569182,0,0,0,1,Medium,Low,Medium,Low,15.9,Low
Sri Ramana Ashram,12.231477047445244,79.06710187453699,0,0,0,0,High,Low,High,Low,15.4,Low
Sri Ramana Ashram,12.230198083919248,79.06690418588875,1,0,0,1,Low,Medium,High,Low,28.6,Low
Sri Ramana Ashram,12.23217670714758,79.06682838781924,8,0,0,2,Medium,Low,Medium,Low,17.8,Low
Sri Ramana Ashram,12.231072757291086,79.0670477836483,0,0,0,1,Medium,Medium,High,Low,34.3,Medium
Sri Ramana Ashram,12.230993277558316,79.0666133317397,22,0,0,1,High,Medium,High,Low,21.1,Low
Sri Ramana Ashram,12.230643643151591,79.068068631086,4,0,0,0,High,Low,Low,Low,4.7,Low
Sri Ramana Ashram,12.233436385875365,79.06556497496334,19,0,0,0,Low,Low,Low,Low,4.0,Low
Sri Ramana Ashram,12.232029371216163,79.06798992904592,12,1,0,0,High,Medium,Medium,Low,3.6,Low
Sri Ramana Ashram,12.232726797641273,79.06615242415471,4,0,0,1,Medium,Low,Medium,Low,15.4,Low
Sri Ramana Ashram,12.23206505412468,79.06716656941813,11,0,0,0,Low,Low,Low,Low,0.0,Low
Sri Ramana Ashram,12.232366865842874,79.0670810103542,23,0,0,3,Medium,High,High,Low,55.2,Medium
Sri Ramana Ashram,12.230458960932499,79.06524506700619,16,1,0,1,High,Low,Low,Low,0.0,Low
Sri Ramana Ashram,12.23340862358385,79.06869502456422,1,0,0,1,Medium,High,High,Low,43.7,Medium
Sri Ramana Ashram,12.23081780546376,79.06736787964532,16,0,0,0,Low,Medium,Medium,Low,6.3,Low
Sri Ramana Ashram,12.232944709818875,79.06545146379794,12,0,0,0,High,Medium,High,Low,20.2,Low
Sri Ramana Ashram,12.233482729475785,79.06743930161286,7,0,0,1,Medium,Low,Low,Low,10.7,Low
Sri Ramana Ashram,12.2302617674383,79.06556302511655,2,0,1,0,Low,High,Medium,Low,27.6,Low
Sri Ramana Ashram,12.23099412837411,79.06604655103223,10,0,0,0,High,Medium,Medium,Low,14.7,Low
Sri Ramana Ashram,12.231976117381311,79.06775041515307,23,0,0,0,Low,Medium,Medium,Low,15.2,Low
Sri Ramana Ashram,12.231582836582662,79.06591680176545,3,0,0,0,Medium,High,High,Low,34.4,Medium
Sri Ramana Ashram,12.231411033613174,79.06895160562053,23,0,0,1,High,Medium,Low,Low,12.6,Low
Sri Ramana Ashram,12.229990454077406,79.06611153823009,4,0,1,0,Low,High,Low,Low,19.2,Low
Sri Ramana Ashram,12.229977554676964,79.06708733599265,11,0,0,2,Medium,Low,High,Low,23.3,Low
Sri Ramana Ashram,12.231759126506251,79.06860291256338,9,0,0,1,Low,Low,Low,Low,18.2,Low
Sri Ramana Ashram,12.230059083666884,79.06691415185628,12,0,0,1,Medium,Low,Low,Low,11.7,Low
Sri Ramana Ashram,12.230955862634014,79.06736668466141,14,0,0,1,Medium,Low,Medium,Low,3.1,Low
Sri Ramana Ashram,12.232659200050643,79.06914185899664,22,0,0,2,Low,Medium,Low,Low,34.1,Medium
Sri Ramana Ashram,12.232329629188838,79.06630884960244,0,0,0,0,High,High,Low,Low,20.6,Low
Sri Ramana Ashram,12.230220504738549,79.0655651898828,12,0,0,1,Low,Medium,Low,Low,21.3,Low
Sri Ramana Ashram,12.233580936684332,79.06691685326956,15,0,0,2,Low,Low,Medium,Low,17.8,Low
Sri Ramana Ashram,12.229895188000086,79.06537345769978,5,0,0,3,Medium,Medium,Low,Low,19.3,Low
Sri Ramana Ashram,12.230158022891455,79.06818653779008,3,0,0,2,Low,Low,High,Low,36.2,Medium
Sri Ramana Ashram,12.230024598795403,79.06690123611735,1,0,1,1,Low,Low,Medium,Low,21.5,Low
Sri Ramana Ashram,12.230011885946425,79.06628730546666,9,0,0,0,Low,Low,Medium,Low,4.0,Low
Sri Ramana Ashram,12.231675013413714,79.06840398211625,9,0,0,1,High,Medium,Medium,Low,24.0,Low
Sri Ramana Ashram,12.231078177328692,79.06911277291616,1,0,0,0,Medium,Medium,Medium,Low,17.9,Low
Sri Ramana Ashram,12.232468982762374,79.0666785717858,15,0,0,0,Medium,High,Medium,Low,24.7,Low
Sri Ramana Ashram,12.23197323505723,79.06620753552662,12,0,0,1,Medium,Medium,High,Low,16.1,Low
Sri Ramana Ashram,12.231211108259684,79.06660349866591,21,0,0,2,High,Medium,High,Low,27.0,Low
Sri Ramana Ashram,12.232317938135404,79.06846992427236,9,0,1,1,High,Low,Medium,Low,2.7,Low
Sri Ramana Ashram,12.230520209184236,79.06592001866248,19,0,0,1,Low,Medium,Medium,Low,20.3,Low
Sri Ramana Ashram,12.232279135415816,79.06912144832309,23,0,0,0,Medium,Low,High,Low,12.2,Low
Sri Ramana Ashram,12.232801758909265,79.06883842489637,8,0,0,1,Medium,Medium,High,Low,31.2,Medium
Sri Ramana Ashram,12.233654093454874,79.06777391206937,8,0,0,1,High,Medium,Medium,Low,14.2,Low
Sri Ramana Ashram,12.232895159474422,79.06713754596703,11,0,0,0,High,Medium,High,Low,17.6,Low
Sri Ramana Ashram,12.231116378135594,79.0654082199737,12,0,1,0,Medium,Low,Medium,Low,0.0,Low
Sri Ramana Ashram,12.23166184202162,79.06589445887464,11,0,0,2,Low,Low,Low,Low,4.2,Low
Sri Ramana Ashram,12.231953255398611,79.06661414693679,23,0,0,1,High,Low,High,Low,19.3,Low
Sri Ramana Ashram,12.232951736051849,79.06863383465728,12,0,0,1,Medium,Low,Medium,Low,7.3,Low
Sri Ramana Ashram,12.230176413847456,79.06874702554805,15,0,0,1,Low,Low,Medium,Low,8.0,Low
Sri Ramana Ashram,12.230938203452892,79.0677536523043,15,0,0,3,Medium,Low,Medium,Low,33.9,Medium
Sri Ramana Ashram,12.232615767140496,79.06635733081986,17,0,0,0,Low,Medium,Medium,Low,12.9,Low
Sri Ramana Ashram,12.230764324048232,79.06885066035382,6,0,0,0,Medium,Low,Low,Low,2.8,Low
Sri Ramana Ashram,12.233217982154654,79.06684426841345,15,0,0,0,High,Low,High,Low,6.1,Low
Sri Ramana Ashram,12.23316181980249,79.06551042711426,11,0,1,3,Medium,Medium,Medium,Low,29.6,Low
Sri Ramana Ashram,12.23322148837374,79.0662406625187,15,1,0,0,Medium,Medium,Medium,Low,9.3,Low
Sri Ramana Ashram,12.232977227695587,79.06733120368219,10,0,0,2,Medium,Low,Medium,Low,14.8,Low
Sri Ramana Ashram,12.233722026366415,79.06795632573014,7,0,1,0,Medium,Medium,Medium,Low,4.4,Low
Sri Ramana Ashram,12.231372410788905,79.0673928265766,4,0,0,0,Medium,Low,Low,Low,2.5,Low
Sri Ramana Ashram,12.231702915881815,79.0677870586041,4,0,0,0,Low,Low,Low,Low,7.5,Low
Sri Ramana Ashram,12.23223349109245,79.06881582190032,8,0,0,1,Medium,Low,Medium,Low,8.2,Low
Sri Ramana Ashram,12.231976249402067,79.0678050288401,14,0,0,2,High,High,Low,Low,31.1,Medium
Sri Ramana Ashram,12.231712003049777,79.06626323731246,19,0,1,3,Medium,Low,Medium,Low,27.5,Low
Sri Ramana Ashram,12.232482857768597,79.06843167586742,16,0,1,0,Medium,Low,Low,Low,0.0,Low
Sri Ramana Ashram,12.22986073274164,79.06915824187271,14,1,0,2,Medium,Low,Medium,Low,12.9,Low
Sri Ramana Ashram,12.23133800035992,79.06631968424907,16,0,0,0,Medium,Low,High,Low,6.1,Low
Sri Ramana Ashram,12.231488569243668,79.06618033965175,5,0,0,0,Low,Medium,High,Low,15.4,Low
Sri Ramana Ashram,12.230416598380096,79.06743657973524,17,0,0,0,Low,Medium,Low,Low,9.6,Low
Sri Ramana Ashram,12.233703021929323,79.06742103560713,13,1,0,2,Low,High,Low,Low,29.3,Low
Sri Ramana Ashram,12.229820726925569,79.06838065596105,6,0,0,1,Medium,Low,High,Low,18.7,Low
Sri Ramana Ashram,12.231767781445864,79.0665398318407,12,0,0,0,Medium,Low,Low,Low,0.0,Low
Sri Ramana Ashram,12.2329348364835,79.06579274913815,15,0,0,0,High,Low,Medium,Low,2.5,Low
Sri Ramana Ashram,12.231138570514,79.06759612181355,20,0,0,1,Low,Medium,Medium,Low,8.6,Low
Sri Ramana Ashram,12.232889101439614,79.06839118967417,10,0,0,1,High,Medium,Medium,Low,16.7,Low
Sri Ramana Ashram,12.230688095745716,79.06524521724731,14,0,0,1,High,High,High,Low,19.7,Low
Sri Ramana Ashram,12.230449770375888,79.06561345284507,15,0,0,1,Low,High,High,Low,31.5,Medium
Sri Ramana Ashram,12.230072911524491,79.06619587440596,6,0,0,2,Medium,Low,Low,Low,8.2,Low
Sri Ramana Ashram,12.23066384715315,79.06618779512424,2,0,1,0,High,Medium,High,Low,11.3,Low
Sri Ramana Ashram,12.231308832093815,79.0682554979328,7,0,0,0,Medium,Low,Low,Low,1.3,Low
Sri Ramana Ashram,12.230490704010625,79.06722592143247,11,0,0,2,Low,Low,Low,Low,19.1,Low
Sri Ramana Ashram,12.230509726380726,79.06890993513669,5,0,0,0,Medium,High,High,Low,26.3,Low
Sri Ramana Ashram,12.23130714664503,79.06844398964664,3,0,0,0,Low,Medium,Medium,Low,29.4,Low
Sri Ramana Ashram,12.231120056117131,79.06872058625696,1,0,0,1,Low,Medium,Medium,Low,21.6,Low
Sri Ramana Ashram,12.232561625721743,79.0688932075415,11,1,0,1,Low,Low,Low,Low,2.4,Low
Sri Ramana Ashram,12.231728053023158,79.06569224341081,8,1,1,2,Low,Medium,Medium,Low,27.2,Low
Sri Ramana Ashram,12.23149709285332,79.0691449680363,12,1,0,1,Medium,High,Low,Low,19.7,Low
Sri Ramana Ashram,12.23282041579737,79.06865627657547,18,0,0,1,Medium,Low,Medium,Low,3.9,Low
Sri Ramana Ashram,12.233283056366218,79.06679763977195,5,0,0,0,High,High,High,Low,14.5,Low
Sri Ramana Ashram,12.231776593728595,79.06787711818339,19,0,0,0,High,Low,Low,Low,0.0,Low
Sri Ramana Ashram,12.232991574728777,79.06619287674587,12,0,1,2,Low,Low,Low,Low,12.5,Low
Sri Ramana Ashram,12.232775079822058,79.06533223031629,0,0,0,1,High,Medium,High,Low,20.9,Low
Sri Ramana Ashram,12.233259076252569,79.06867829958244,13,0,0,0,Medium,Low,Medium,Low,0.0,Low
Sri Ramana Ashram,12.233468617994447,79.06774365643201,0,0,0,0,Medium,Low,Medium,Low,21.0,Low
Sri Ramana Ashram,12.23003546746511,79.06703756496398,23,0,0,0,Low,Low,Medium,Low,7.3,Low
Sri Ramana Ashram,12.231501377716896,79.06907401826497,6,0,0,1,Medium,Low,Medium,Low,9.7,Low
Sri Ramana Ashram,12.229803992696173,79.06548512709033,21,0,0,2,Medium,Medium,High,Low,37.2,Medium
Sri Ramana Ashram,12.23159927120651,79.06623833439829,4,0,1,1,Medium,Low,High,Low,30.7,Medium
Sri Ramana Ashram,12.232992377003178,79.06864464742145,11,0,0,0,Low,Low,Low,Low,0.0,Low
Sri Ramana Ashram,12.23048575912686,79.06701646583011,4,0,0,2,High,High,High,Low,42.3,Medium
Sri Ramana Ashram,12.232875384736058,79.06653259453684,1,0,1,1,High,Low,Low,Low,10.5,Low
Sri Ramana Ashram,12.232058794007791,79.0671557303946,1,0,0,2,Medium,High,High,Low,36.8,Medium
Sri Ramana Ashram,12.231577613347259,79.06883189044919,1,0,0,0,High,High,High,Low,25.2,Low
Sri Ramana Ashram,12.232902752950672,79.06862849763485,15,0,0,0,Low,Low,High,Low,17.8,Low
Sri Ramana Ashram,12.231933664159367,79.06907658671341,4,0,1,0,Medium,Low,Medium,Low,21.7,Low
Sri Ramana Ashram,12.233566565561961,79.06539748725216,19,0,0,1,Low,Low,Low,Low,4.6,Low
Sri Ramana Ashram,12.230387992242772,79.0678443339544,0,1,0,1,High,High,High,Low,37.2,Medium
Sri Ramana Ashram,12.231881579837165,79.06720635523828,23,0,1,1,Low,Low,Medium,Low,22.0,Low
Sri Ramana Ashram,12.230822687506462,79.06844344254506,20,0,0,2,High,High,High,Low,39.0,Medium
Sri Ramana Ashram,12.232754563725965,79.06634644707776,17,0,0,1,High,Medium,Low,Low,9.3,Low
Sri Ramana Ashram,12.231071794589427,79.0657825003645,13,0,0,0,Medium,Medium,High,Low,15.5,Low
Sri Ramana Ashram,12.22980294086155,79.06677033665123,13,0,0,0,High,Low,Low,Low,0.0,Low
Sri Ramana Ashram,12.232140961936272,79.06565588796586,11,0,0,1,Medium,Low,Medium,Low,14.1,Low
Sri Ramana Ashram,12.232234155144678,79.0652994860084,5,0,0,0,Medium,Low,High,Low,3.4,Low
Sri Ramana Ashram,12.233728392510484,79.06864983726445,18,0,1,0,Medium,Medium,Low,Low,6.9,Low
Sri Ramana Ashram,12.232461233687793,79.06638160323993,4,0,0,0,Medium,Low,High,Low,16.8,Low
Sri Ramana Ashram,12.23034231450485,79.06527907657238,6,0,0,0,High,Medium,Low,Low,1.2,Low
Sri Ramana Ashram,12.232539741196769,79.06573648569638,14,0,0,0,Low,Medium,Medium,Low,1.6,Low
Sri Ramana Ashram,12.231211647702056,79.06816561722795,2,0,0,2,High,Medium,Low,Low,13.3,Low
Sri Ramana Ashram,12.23195147829192,79.06766789951325,13,0,0,2,Medium,Low,Medium,Low,12.0,Low
Sri Ramana Ashram,12.23090313513674,79.06666182041371,18,0,0,1,Medium,Low,Low,Low,21.2,Low
Sri Ramana Ashram,12.230464120088762,79.065734184187,21,0,0,2,High,Medium,Low,Low,13.3,Low
Sri Ramana Ashram,12.232313678355949,79.06559590156454,15,0,0,0,High,Low,Medium,Low,6.1,Low
Sri Ramana Ashram,12.232776991777799,79.066408130078,22,0,0,0,High,Low,Medium,Low,10.8,Low
Sri Ramana Ashram,12.232734560499846,79.06585241739454,12,0,0,0,High,Low,Medium,Low,0.5,Low
Sri Ramana Ashram,12.233378552691802,79.0681510004462,2,0,1,1,Medium,High,Low,Low,27.8,Low
Sri Ramana Ashram,12.233418208457232,79.06784780009635,19,0,0,1,Medium,Low,Low,Low,9.6,Low
Sri Ramana Ashram,12.230018440365367,79.06577406586236,16,0,0,1,High,Medium,Low,Low,12.1,Low
Sri Ramana Ashram,12.230779219574305,79.06823990411948,23,0,0,0,Medium,Low,Medium,Low,14.5,Low
Sri Ramana Ashram,12.231822538364156,79.06793322609575,19,0,0,1,Medium,Medium,Low,Low,13.0,Low
Sri Ramana Ashram,12.229841651169462,79.0677895257893,20,0,0,1,High,Medium,High,Low,24.8,Low
Sri Ramana Ashram,12.230419519796559,79.06839572658379,10,0,0,1,Low,Medium,Medium,Low,23.2,Low
Sri Ramana Ashram,12.230232431896068,79.0676056916147,11,0,0,0,Medium,Low,Low,Low,2.5,Low
Sri Ramana Ashram,12.230335664643667,79.06573941919953,23,0,0,0,Medium,High,High,Low,31.5,Medium
Sri Ramana Ashram,12.233521137793872,79.06558996242185,17,1,0,1,Low,High,Medium,Low,28.1,Low
Sri Ramana Ashram,12.231502249422334,79.06679276705142,8,0,0,1,High,Low,High,Low,11.8,Low
Sri Ramana Ashram,12.230075426128696,79.06646097790404,9,0,1,2,High,Low,Medium,Low,12.0,Low
Sri Ramana Ashram,12.233538978209909,79.06585758884466,1,0,0,0,High,Medium,High,Low,14.1,Low
Sri Ramana Ashram,12.23102157996559,79.0666879712898,13,0,0,1,Low,Low,Medium,Low,9.0,Low
Sri Ramana Ashram,12.230833224926142,79.06575642141621,14,0,0,1,High,Low,Low,Low,0.0,Low
Sri Ramana Ashram,12.2324430168188,79.06854300901765,4,0,0,1,Medium,Medium,High,Low,31.0,Medium
Sri Ramana Ashram,12.229907569809676,79.06644965069763,10,0,0,0,Medium,Low,Low,Low,3.4,Low
Sri Ramana Ashram,12.233036741733912,79.06762003854418,8,0,0,1,Low,High,Medium,Low,26.3,Low
Sri Ramana Ashram,12.231095597172384,79.0652419325226,0,0,0,1,Medium,Low,Medium,Low,16.1,Low
Sri Ramana Ashram,12.233750660282295,79.06802049668295,21,0,0,0,High,Low,Low,Low,0.0,Low
Sri Ramana Ashram,12.229920360576376,79.0665100072754,7,0,0,0,Low,Low,Low,Low,0.0,Low
Sri Ramana Ashram,12.232551044036123,79.06886231982958,3,0,0,0,Medium,Low,Medium,Low,13.1,Low
Sri Ramana Ashram,12.229835060366364,79.0653511071222,10,0,0,0,Low,High,Low,Low,15.0,Low
Sri Ramana Ashram,12.232695307946294,79.06657502160203,3,0,1,0,Low,Low,Low,Low,7.5,Low
Sri Ramana Ashram,12.230366690982711,79.06703962637629,23,0,0,0,Medium,Medium,Medium,Low,21.4,Low
Sri Ramana Ashram,12.23194099846329,79.06640584147918,8,0,0,1,Medium,Low,Medium,Low,5.2,Low
Sri Ramana Ashram,12.231409715142643,79.06659572886014,13,0,0,1,Medium,Low,Low,Low,4.5,Low
Sri Ramana Ashram,12.230409080616496,79.06792776022728,13,0,0,1,Medium,High,Medium,Low,29.3,Low
Sri Ramana Ashram,12.230840487861421,79.06792847191878,8,0,0,1,Low,High,Medium,Low,27.5,Low
Sri Ramana Ashram,12.23336285420334,79.06845983966483,9,0,1,0,Medium,High,High,Low,29.8,Low
Sri Ramana Ashram,12.230692096124013,79.06827248595006,16,0,0,0,Low,High,High,Low,21.3,Low
Sri Ramana Ashram,12.232539389879319,79.06869880797647,20,0,0,1,Medium,Low,Low,Low,11.5,Low
Sri Ramana Ashram,12.233565218930261,79.06609120633476,11,0,0,2,Medium,High,High,Low,36.5,Medium
Sri Ramana Ashram,12.230214805223516,79.0680585588433,22,0,1,1,Medium,Medium,Low,Low,17.1,Low
Sri Ramana Ashram,12.23319467953754,79.06696065877442,0,0,0,0,Medium,Low,Medium,Low,12.7,Low
Sri Ramana Ashram,12.231403087052913,79.06533586451664,15,0,0,1,Low,Low,Medium,Low,11.0,Low
Sri Ramana Ashram,12.22985887014386,79.0662808582408,9,0,0,1,High,Low,Medium,Low,13.7,Low
Sri Ramana Ashram,12.229839376984005,79.06722754112327,6,0,0,0,Low,Medium,High,Low,12.8,Low
Sri Ramana Ashram,12.230049388432992,79.06916938752508,18,0,0,0,Low,Low,Low,Low,1.2,Low
Sri Ramana Ashram,12.230510574476282,79.06912859664587,10,0,1,0,Low,Medium,Medium,Low,3.5,Low
Sri Ramana Ashram,12.230552006000213,79.06736760969719,7,0,0,1,Medium,Low,High,Low,18.7,Low
Sri Ramana Ashram,12.230046680931878,79.06711828037004,19,0,0,2,Medium,Medium,Low,Low,20.5,Low
Sri Ramana Ashram,12.23371661967791,79.06647022124487,17,0,0,4,Medium,Low,Low,Low,16.8,Low
Sri Ramana Ashram,12.23075648186815,79.06746120698807,6,0,0,0,High,Low,Medium,Low,0.0,Low
Sri Ramana Ashram,12.233066296782718,79.06710821382595,6,0,1,1,Low,Medium,High,Low,22.1,Low
Sri Ramana Ashram,12.229802870900105,79.06625548483633,2,0,0,0,High,Low,High,Low,9.5,Low
Sri Ramana Ashram,12.231475191787641,79.06568116167712,17,0,0,1,Medium,Medium,Medium,Low,12.7,Low
Sri Ramana Ashram,12.231555965027207,79.06599719743015,12,0,0,0,Medium,Medium,High,Low,13.6,Low
Sri Ramana Ashram,12.232909885807237,79.06679568664113,3,0,0,1,Low,Low,Medium,Low,18.1,Low
Sri Ramana Ashram,12.23329500395637,79.06732834389845,13,0,0,0,Low,Low,Low,Low,0.0,Low
Sri Ramana Ashram,12.23104487861433,79.06804970557775,13,0,0,1,Low,Low,High,Low,11.0,Low
Sri Ramana Ashram,12.2305880292847,79.06760909992327,8,0,0,1,Low,Low,Low,Low,0.0,Low
Sri Ramana Ashram,12.233250188604378,79.06825013502196,23,0,0,0,Medium,Medium,Medium,Low,27.2,Low
Sri Ramana Ashram,12.23068514124476,79.06833252749243,5,0,0,1,High,Low,Low,Low,7.1,Low
Sri Ramana Ashram,12.232583420357077,79.06809779582717,0,0,0,0,Medium,Low,Medium,Low,16.2,Low
Sri Ramana Ashram,12.230044892612211,79.06732373061554,15,0,0,1,Medium,Low,Medium,Low,13.5,Low
Sri Ramana Ashram,12.23215234814715,79.06690571965358,5,0,0,3,High,Low,Low,Low,25.7,Low
Sri Ramana Ashram,12.230562162218012,79.06838462082148,16,0,0,0,Medium,High,Low,Low,17.0,Low
Sri Ramana Ashram,12.232063234882448,79.0676812132639,9,1,0,2,Low,High,High,Low,39.6,Medium
Sri Ramana Ashram,12.232999662274151,79.06604124115594,14,0,0,1,High,Low,High,Low,13.1,Low
Sri Ramana Ashram,12.233464311624758,79.06906868766346,11,0,0,1,Medium,Low,Medium,Low,12.5,Low
Sri Ramana Ashram,12.233732067262906,79.0669289902382,10,0,0,1,High,Low,High,Low,12.6,Low
Sri Ramana Ashram,12.23056605220528,79.06606677783851,21,0,0,2,High,Low,Low,Low,1.3,Low
Sri Ramana Ashram,12.233289085513984,79.06523123279335,19,0,1,0,Low,Medium,Low,Low,7.3,Low
Sri Ramana Ashram,12.230474552393314,79.06756071057038,21,0,0,4,Low,Medium,Low,Low,26.2,Low
Sri Ramana Ashram,12.229939908145536,79.0660337403755,11,0,0,0,Medium,Low,High,Low,3.4,Low
Sri Ramana Ashram,12.23149460462951,79.06627738435448,23,0,0,0,High,Low,Medium,Low,11.5,Low
Sri Ramana Ashram,12.23206351645239,79.06578004296301,16,0,0,2,Medium,Low,Low,Low,17.9,Low
Sri Ramana Ashram,12.230331639769062,79.06627646881275,23,0,1,1,High,Medium,Medium,Low,23.2,Low
Sri Ramana Ashram,12.230750922782248,79.06652619924354,20,0,0,0,Low,High,Medium,Low,17.2,Low
Sri Ramana Ashram,12.231161953308497,79.06877799278472,6,0,0,1,Medium,High,High,Low,31.1,Medium
Sri Ramana Ashram,12.232796574141311,79.06807834932518,11,0,0,0,Low,Medium,Medium,Low,14.1,Low
Sri Ramana Ashram,12.231339555727967,79.06770191834967,20,0,1,1,High,Medium,Low,Low,7.4,Low
Sri Ramana Ashram,12.232120827135526,79.06675878227398,7,0,1,0,High,Low,Low,Low,0.0,Low
Sri Ramana Ashram,12.233366877200062,79.06816095534803,21,0,0,0,Low,Medium,Medium,Low,10.5,Low
Sri Ramana Ashram,12.230849902330588,79.06570387880483,10,0,0,1,Low,Medium,Low,Low,23.7,Low
Sri Ramana Ashram,12.232304467930863,79.06846110274888,4,0,0,1,Medium,High,Medium,Low,41.9,Medium
Sri Ramana Ashram,12.233796212235504,79.06728409803954,13,0,0,2,Low,Low,High,Low,13.3,Low
Sri Ramana Ashram,12.232792536308033,79.06556489779183,4,0,0,0,High,High,High,Low,28.8,Low
Sri Ramana Ashram,12.229908802081354,79.0666352700067,8,0,0,2,Medium,Low,Low,Low,0.0,Low
Sri Ramana Ashram,12.232638127580886,79.06623394291012,19,0,0,1,Medium,Low,Low,Low,5.1,Low
Sri Ramana Ashram,12.232489390023455,79.06772520122347,6,0,0,1,High,Low,High,Low,11.2,Low
Sri Ramana Ashram,12.232040894259523,79.06622953472711,8,0,0,1,Medium,Low,High,Low,6.1,Low
Sri Ramana Ashram,12.232653127219702,79.06578111749052,8,0,0,2,Low,Medium,Low,Low,8.4,Low
Sri Ramana Ashram,12.231028602875075,79.06588365280518,15,0,0,2,Medium,Low,High,Low,19.2,Low
Sri Ramana Ashram,12.231990283652559,79.06570053717968,17,1,0,1,High,Low,Medium,Low,17.2,Low
Sri Ramana Ashram,12.232107462748735,79.0669485323638,23,0,0,2,Low,Medium,Low,Low,25.6,Low
Sri Ramana Ashram,12.231211116907069,79.0656879189221,21,0,0,1,High,Low,Medium,Low,1.4,Low
Sri Ramana Ashram,12.231217546957652,79.06755547499745,5,0,0,0,Medium,Low,Medium,Low,4.0,Low
Sri Ramana Ashram,12.232112309118888,79.06901666192643,18,0,0,0,Low,Low,High,Low,12.7,Low
Sri Ramana Ashram,12.230129963404563,79.0689103903388,13,0,1,1,Low,Medium,High,Low,32.6,Medium
Sri Ramana Ashram,12.230058185717791,79.0684427912724,4,0,0,0,Medium,Low,High,Low,22.9,Low
Sri Ramana Ashram,12.2317817654884,79.06894361653758,8,0,0,0,High,Low,Medium,Low,0.0,Low
Sri Ramana Ashram,12.233026467403313,79.0672839388937,6,0,0,1,Medium,Medium,Medium,Low,15.2,Low
Sri Ramana Ashram,12.232912534744544,79.06726692388186,15,0,0,0,Medium,Low,High,Low,0.0,Low
Sri Ramana Ashram,12.229977002086423,79.06868921161005,1,0,0,0,Medium,Low,High,Low,14.1,Low
Sri Ramana Ashram,12.231401413560176,79.06602344246951,18,0,0,0,Medium,Low,High,Low,9.3,Low
Sri Ramana Ashram,12.23178517358727,79.06717862502944,23,0,0,0,Medium,Low,Low,Low,11.0,Low
Sri Ramana Ashram,12.231900859889302,79.06855810346903,3,0,0,2,Low,Low,High,Low,27.0,Low
Sri Ramana Ashram,12.231425522791067,79.06777100711442,8,0,0,1,High,Low,Low,Low,0.0,Low
Sri Ramana Ashram,12.232002415894565,79.06645764221584,15,0,0,2,Medium,Low,Medium,Low,25.7,Low
Sri Ramana Ashram,12.231244824423634,79.06546699344297,5,1,0,1,Medium,Low,High,Low,13.4,Low
Sri Ramana Ashram,12.233026125095764,79.06917667581503,21,0,1,0,Medium,Low,High,Low,4.2,Low
Sri Ramana Ashram,12.233251996220869,79.06525064793148,10,0,0,1,Low,Medium,High,Low,24.8,Low
Sri Ramana Ashram,12.230147728477826,79.0674160085622,16,0,0,2,Medium,High,Low,Low,35.1,Medium
Sri Ramana Ashram,12.230185879446635,79.06591772707732,6,0,1,0,High,Medium,Medium,Low,2.6,Low
Sri Ramana Ashram,12.23042372054009,79.06850569330935,3,0,0,2,Low,Medium,Medium,Low,33.8,Medium
Sri Ramana Ashram,12.23018402564475,79.06814329028383,4,0,1,3,Low,Low,High,Low,31.9,Medium
Sri Ramana Ashram,12.23148213667349,79.06715020644748,21,0,0,1,Low,Low,High,Low,18.9,Low
Sri Ramana Ashram,12.232564899099764,79.0679211385145,21,0,0,1,High,Low,Low,Low,0.0,Low
Sri Ramana Ashram,12.230826758565685,79.06552605823339,17,0,1,0,Low,Medium,Low,Low,19.2,Low
Sri Ramana Ashram,12.232854963049157,79.06785062102011,20,0,0,0,Medium,Low,Medium,Low,2.1,Low
Sri Ramana Ashram,12.230947517167975,79.06819853827554,6,0,1,0,High,Medium,Medium,Low,6.4,Low
Sri Ramana Ashram,12.23243187422196,79.06661001995322,9,0,0,3,Medium,Medium,Low,Low,28.2,Low
Sri Ramana Ashram,12.233082799828873,79.06613474634925,2,0,0,3,Low,High,High,Low,46.0,Medium
Sri Ramana Ashram,12.230893624986168,79.06550842243108,4,0,0,0,High,Low,Medium,Low,11.5,Low
Sri Ramana Ashram,12.233076200632311,79.06742609519449,23,0,0,1,Low,High,Low,Low,28.4,Low
Sri Ramana Ashram,12.231085128367878,79.0665307457775,6,0,0,1,Medium,Medium,Medium,Low,19.4,Low
Sri Ramana Ashram,12.233359141630329,79.06824352279268,23,0,0,1,High,Low,Low,Low,11.3,Low
Sri Ramana Ashram,12.230893215863928,79.06898402789425,3,0,0,0,Low,High,Medium,Low,24.9,Low
Sri Ramana Ashram,12.23259527017019,79.06698707172627,19,0,0,1,Medium,High,Medium,Low,26.3,Low
Sri Ramana Ashram,12.23125629397563,79.06590864265188,23,0,0,1,Medium,Low,Medium,Low,12.3,Low
Sri Ramana Ashram,12.232618719405556,79.06825580652902,2,0,0,1,Medium,Low,Medium,Low,29.2,Low
Sri Ramana Ashram,12.229861506650613,79.06854356754583,2,0,0,0,Low,Medium,Low,Low,28.1,Low
Sri Ramana Ashram,12.231525341659744,79.06522640719191,4,0,0,0,High,Low,Low,Low,8.3,Low
Sri Ramana Ashram,12.231929750736143,79.06749876836435,22,0,0,1,Low,Low,Low,Low,16.4,Low
Sri Ramana Ashram,12.23222798768139,79.06548485198223,1,0,1,0,Medium,Low,High,Low,9.4,Low
Sri Ramana Ashram,12.230825698877615,79.06893852788826,9,0,0,0,Medium,Low,Low,Low,0.0,Low
Sri Ramana Ashram,12.231622870516926,79.06904727116302,10,0,0,0,High,High,Low,Low,17.0,Low
Sri Ramana Ashram,12.23202642260733,79.0689928461153,17,0,1,0,Low,Medium,Low,Low,6.6,Low
Sri Ramana Ashram,12.232567682469542,79.0685681731607,21,0,0,1,Low,Low,High,Low,12.5,Low
Sri Ramana Ashram,12.230478440356459,79.06615522416215,16,0,0,2,Low,Low,Low,Low,2.0,Low
Sri Ramana Ashram,12.233044834023277,79.06675706103958,15,0,1,0,Medium,Low,High,Low,14.3,Low
Sri Ramana Ashram,12.230174873887089,79.06787920668195,1,0,0,0,Medium,High,Medium,Low,27.4,Low
Sri Ramana Ashram,12.230811268345967,79.06829886705329,6,0,1,0,Medium,Medium,High,Low,21.4,Low
Sri Ramana Ashram,12.230756837097148,79.06765095909901,17,0,1,1,High,High,Low,Low,22.9,Low
Sri Ramana Ashram,12.231715401233174,79.06599135607946,13,0,0,2,Medium,Low,High,Low,17.3,Low
Sri Ramana Ashram,12.231699628614273,79.06826681196402,2,0,1,0,Low,Low,Medium,Low,17.8,Low
Sri Ramana Ashram,12.2333739524447,79.06559766590829,13,0,0,2,Medium,Low,Low,Low,19.1,Low
Sri Ramana Ashram,12.232210753252845,79.06793482123544,5,1,0,0,Low,Medium,Medium,Low,10.9,Low
Sri Ramana Ashram,12.233449814437051,79.06887893561877,10,0,0,1,Low,High,High,Low,37.3,Medium
Sri Ramana Ashram,12.232885102238573,79.06583961820597,18,0,0,0,Low,Low,Medium,Low,3.0,Low
Sri Ramana Ashram,12.233511657411112,79.0670746777291,16,0,0,1,High,Medium,High,Low,17.1,Low
Sri Ramana Ashram,12.230781943726942,79.06626985205371,2,0,1,1,High,Medium,Medium,Low,17.1,Low
Sri Ramana Ashram,12.233221096839252,79.06727538987239,6,0,0,1,Medium,Low,Low,Low,6.6,Low
Sri Ramana Ashram,12.230448783385627,79.06651834847914,5,0,0,1,Medium,High,Medium,Low,20.1,Low
Sri Ramana Ashram,12.232944877437252,79.0657323043615,21,0,0,0,High,Medium,Low,Low,0.0,Low
Sri Ramana Ashram,12.231320573225425,79.0674849821453,9,0,0,3,High,Medium,Medium,Low,23.2,Low
Sri Ramana Ashram,12.231458149048878,79.06766730413656,7,1,0,0,Medium,Medium,Medium,Low,4.5,Low
Sri Ramana Ashram,12.231819861464164,79.06568650075425,17,0,1,2,Medium,Medium,High,Low,30.9,Medium
Sri Ramana Ashram,12.23319274508182,79.06850290048591,18,0,1,0,Low,Low,Medium,Low,6.7,Low
Sri Ramana Ashram,12.232702846448834,79.06783125152965,22,0,1,0,Medium,Low,Medium,Low,11.1,Low
Sri Ramana Ashram,12.233153998422505,79.0663275815441,12,1,0,0,Medium,Low,Medium,Low,3.4,Low
Sri Ramana Ashram,12.233754989948013,79.06850184532904,0,0,0,1,Low,Medium,Medium,Low,22.0,Low
Sri Ramana Ashram,12.23012903085996,79.06673449959871,21,1,1,0,Medium,Low,Medium,Low,9.6,Low
Sri Ramana Ashram,12.232359692089567,79.06791130137832,10,0,0,3,Medium,Low,High,Low,27.2,Low
Sri Ramana Ashram,12.230236338874997,79.06917005223559,12,0,0,2,Low,Medium,Low,Low,30.9,Medium
Sri Ramana Ashram,12.230741628563703,79.0686980880473,11,0,1,1,Medium,Low,Low,Low,0.7,Low
Sri Ramana Ashram,12.233172508277566,79.06720604997463,0,0,0,1,Medium,Low,Low,Low,20.5,Low
Sri Ramana Ashram,12.232286772695453,79.06555748716144,18,0,0,1,Medium,Low,Medium,Low,11.2,Low
Sri Ramana Ashram,12.232348495875437,79.06589934610301,16,0,0,1,Medium,Low,High,Low,17.5,Low
Sri Ramana Ashram,12.231957833223621,79.06663625638994,16,0,0,0,Medium,High,High,Low,28.1,Low
Sri Ramana Ashram,12.232730257251525,79.06813626036264,10,0,0,0,Medium,Low,Low,Low,4.9,Low
Sri Ramana Ashram,12.23087195494157,79.06746795755232,10,0,0,2,Medium,Medium,Medium,Low,23.2,Low
Sri Ramana Ashram,12.232427305456458,79.06598243548977,21,0,0,2,Low,Medium,Medium,Low,25.4,Low
Sri Ramana Ashram,12.230552747271403,79.06887992997402,4,0,0,1,High,Low,Low,Low,7.8,Low
Sri Ramana Ashram,12.230276160416624,79.06641315155592,12,0,0,1,Low,High,Medium,Low,28.2,Low
Sri Ramana Ashram,12.232371529669361,79.06552086895012,20,0,0,0,Low,Low,Medium,Low,8.5,Low
Sri Ramana Ashram,12.230496555178208,79.06852558196431,16,0,0,1,High,High,High,Low,26.3,Low
Sri Ramana Ashram,12.229845960604314,79.06686978117139,2,0,1,1,Low,Medium,High,Low,29.9,Low
Sri Ramana Ashram,12.23173609498612,79.06784046857092,19,0,1,1,High,Medium,Low,Low,13.6,Low
Sri Ramana Ashram,12.230878352048673,79.06775149671189,0,0,1,4,Low,High,High,Low,63.7,Medium
Sri Ramana Ashram,12.232301485246545,79.06882304959204,11,0,0,1,Medium,Low,High,Low,15.9,Low
Sri Ramana Ashram,12.232222909123568,79.06732237234897,18,0,1,1,High,Medium,High,Low,24.4,Low
Sri Ramana Ashram,12.23129065471978,79.06572361172765,1,0,0,0,High,Low,Low,Low,5.6,Low
Sri Ramana Ashram,12.230627071738631,79.06822659811738,16,0,0,0,High,Low,Low,Low,0.0,Low
Sri Ramana Ashram,12.232783441966701,79.06763911875446,5,0,0,1,Medium,Low,High,Low,17.9,Low
Sri Ramana Ashram,12.23225101321031,79.06772228551546,0,0,1,0,Medium,High,Medium,Low,22.6,Low
Sri Ramana Ashram,12.232956419714098,79.06527849488238,6,0,0,0,High,Low,Medium,Low,2.9,Low
Sri Ramana Ashram,12.233710614125956,79.06832287917143,3,0,0,0,Low,Low,Low,Low,6.7,Low
Sri Ramana Ashram,12.23117433939381,79.0669449265767,1,0,0,1,Medium,Low,High,Low,26.9,Low
Sri Ramana Ashram,12.230170609050012,79.067572900128,8,0,0,2,Low,Low,High,Low,19.3,Low
Sri Ramana Ashram,12.232781116564894,79.06528038907932,7,0,0,0,Medium,Medium,Low,Low,9.2,Low
Sri Ramana Ashram,12.233597854167735,79.06545540244409,21,0,0,0,Medium,Low,Medium,Low,6.2,Low
Sri Ramana Ashram,12.232734322978109,79.06688716572052,22,0,0,0,Low,Low,Low,Low,14.0,Low
Sri Ramana Ashram,12.229950220087996,79.06860244349699,14,0,0,1,Medium,Medium,High,Low,25.9,Low
Sri Ramana Ashram,12.23017657015013,79.06906639243859,8,0,0,2,Low,Medium,Low,Low,23.8,Low
Sri Ramana Ashram,12.231093196496504,79.06784154377164,7,0,1,2,Medium,Low,Medium,Low,6.3,Low
Sri Ramana Ashram,12.233468692292448,79.06878601594194,17,0,0,0,Medium,Medium,Low,Low,9.6,Low
Sri Ramana Ashram,12.230535902557659,79.06857567390001,19,0,0,1,Medium,Medium,Medium,Low,24.9,Low
Sri Ramana Ashram,12.232118035166543,79.06855250620556,18,0,0,0,Medium,Medium,Medium,Low,11.5,Low
Sri Ramana Ashram,12.230995342640723,79.06904061278743,16,0,0,1,High,Medium,High,Low,13.3,Low
Sri Ramana Ashram,12.230921789935463,79.06613964987042,11,0,0,0,Medium,Low,Medium,Low,0.2,Low
Sri Ramana Ashram,12.23343665454027,79.06683745709746,23,1,0,0,High,Low,Medium,Low,0.9,Low
Sri Ramana Ashram,12.233015260331072,79.06853708920055,6,0,0,2,Low,Low,High,Low,20.1,Low
Sri Ramana Ashram,12.231884063475748,79.0688844033083,23,0,1,2,High,Low,Medium,Low,17.1,Low
Sri Ramana Ashram,12.23012917646142,79.06657285236938,1,0,0,1,High,Low,Medium,Low,5.5,Low
Sri Ramana Ashram,12.231421831327701,79.06711348880665,10,0,1,0,Medium,Low,Low,Low,0.0,Low
Sri Ramana Ashram,12.231404558324018,79.06912237239045,2,0,0,0,Medium,Low,Low,Low,9.6,Low
Sri Ramana Ashram,12.23054798722277,79.0670976248343,8,0,0,1,High,Low,High,Low,12.7,Low
Sri Ramana Ashram,12.231847211645128,79.0676851471321,16,0,0,1,Medium,Medium,Medium,Low,17.1,Low
Sri Ramana Ashram,12.23235462252019,79.06778049805817,3,0,0,3,High,Low,Low,Low,23.9,Low
Sri Ramana Ashram,12.232501743091973,79.06791130998407,0,0,0,0,Low,Medium,High,Low,23.9,Low
Sri Ramana Ashram,12.232402545637731,79.06911832951043,15,0,0,3,High,Medium,High,Low,39.7,Medium
Sri Ramana Ashram,12.232896178926895,79.06577573915267,8,1,0,1,Low,Medium,Low,Low,15.7,Low
Sri Ramana Ashram,12.230062950000729,79.06599892188794,7,0,0,0,Medium,Medium,Medium,Low,15.8,Low
Sri Ramana Ashram,12.23209052772796,79.06786732747803,18,0,0,0,Low,Low,High,Low,12.6,Low
Sri Ramana Ashram,12.230156933782101,79.06546003912774,2,0,0,0,High,Low,Medium,Low,0.0,Low
Sri Ramana Ashram,12.230589380342321,79.06597212567672,7,0,0,1,High,Low,High,Low,7.8,Low
Sri Ramana Ashram,12.232582153239502,79.06707726182265,13,0,0,1,High,Low,Low,Low,0.0,Low
Sri Ramana Ashram,12.231430514427645,79.06525935072504,16,0,1,3,High,Low,High,Low,18.5,Low
Sri Ramana Ashram,12.22984900256407,79.0653120874882,3,0,0,1,High,Low,Low,Low,0.0,Low
Sri Ramana Ashram,12.22982553727729,79.06660201045437,8,0,0,1,Low,Low,Medium,Low,10.8,Low
Sri Ramana Ashram,12.23001766890789,79.06701280786858,16,0,0,1,High,Low,Low,Low,4.4,Low
Sri Ramana Ashram,12.23160928852891,79.06577960287493,3,0,0,0,Low,Low,Medium,Low,18.5,Low
Sri Ramana Ashram,12.230977990353155,79.06562574441215,6,0,0,0,Medium,Medium,Medium,Low,9.5,Low
Sri Ramana Ashram,12.233316507607041,79.06870419588145,1,0,0,1,Medium,Low,Low,Low,11.1,Low
Sri Ramana Ashram,12.230828616735424,79.06764689117252,8,0,0,1,Medium,Medium,Medium,Low,7.2,Low
Sri Ramana Ashram,12.232514021381864,79.06608737869763,8,0,0,0,Low,Medium,Low,Low,5.3,Low
Sri Ramana Ashram,12.233584808027247,79.06844846843968,4,0,0,0,Low,Low,High,Low,18.5,Low
Sri Ramana Ashram,12.23053434305513,79.06573895243436,0,0,0,1,High,Low,High,Low,19.5,Low
Sri Ramana Ashram,12.230208454811883,79.06558361717946,21,0,0,0,Medium,Low,High,Low,2.1,Low
Sri Ramana Ashram,12.231917471270716,79.06776027002988,7,0,0,3,Low,Medium,Medium,Low,29.8,Low
Sri Ramana Ashram,12.232145893185177,79.06829789777713,4,0,0,0,Low,Low,High,Low,8.0,Low
Sri Ramana Ashram,12.231862825018267,79.0662334294304,19,0,0,1,Medium,Low,High,Low,11.7,Low
Sri Ramana Ashram,12.231002618056577,79.06790557336666,22,0,0,0,Medium,Medium,High,Low,34.1,Medium
Sri Ramana Ashram,12.2302506841516,79.06801144576177,23,0,1,0,Medium,Medium,Medium,Low,28.1,Low
Sri Ramana Ashram,12.23219888928849,79.0689854264786,6,0,0,0,Low,Medium,High,Low,21.4,Low
Sri Ramana Ashram,12.232214893457149,79.06845967658893,13,0,0,1,Medium,Medium,Medium,Low,18.4,Low
Sri Ramana Ashram,12.231582555594224,79.06742696467143,11,1,0,1,Medium,Medium,Low,Low,15.2,Low
Sri Ramana Ashram,12.232607816368997,79.065782398537,12,0,0,0,Medium,Medium,Medium,Low,3.4,Low
Sri Ramana Ashram,12.231617806929389,79.06774095649337,7,0,1,1,Medium,Low,Medium,Low,16.4,Low
Sri Ramana Ashram,12.230634466051528,79.06637994790488,7,0,0,1,Medium,Low,Low,Low,12.8,Low
Sri Ramana Ashram,12.231848270870172,79.06850442707784,10,0,0,0,High,Low,High,Low,3.1,Low
Sri Ramana Ashram,12.232967868745469,79.06550472942209,8,0,0,1,Low,Low,High,Low,13.8,Low
Sri Ramana Ashram,12.23257582310887,79.06892982966697,21,0,0,0,Medium,Medium,Medium,Low,10.8,Low
Sri Ramana Ashram,12.231458734088923,79.0676675634771,17,0,0,1,Low,High,Low,Low,23.1,Low
Sri Ramana Ashram,12.230152269004614,79.0657815087725,11,0,0,1,High,Low,High,Low,6.9,Low
Sri Ramana Ashram,12.232360465977507,79.0661818687617,19,0,0,1,Medium,Low,High,Low,9.7,Low
Sri Ramana Ashram,12.230943329313117,79.06683196180077,1,0,0,1,Medium,Medium,Low,Low,22.2,Low
Sri Ramana Ashram,12.233076221697004,79.06794904446716,1,0,0,2,Medium,Low,Medium,Low,21.4,Low
Sri Ramana Ashram,12.230240695433073,79.065607662213,6,0,0,0,Low,Low,High,Low,5.1,Low
Sri Ramana Ashram,12.23013592830441,79.06919190024574,6,1,1,0,Low,Low,Medium,Low,7.4,Low
Sri Ramana Ashram,12.22988077089747,79.06734311830084,4,0,0,1,Medium,Low,Medium,Low,11.1,Low
Sri Ramana Ashram,12.229856213719103,79.06796248692136,16,0,0,1,High,Low,Low,Low,3.4,Low
Sri Ramana Ashram,12.230235194966113,79.0684534939937,7,1,0,0,Low,High,High,Low,32.0,Medium
Sri Ramana Ashram,12.230830314263457,79.06538903471171,4,0,0,0,High,Medium,High,Low,26.9,Low
Sri Ramana Ashram,12.231644524026757,79.06887288783875,14,0,0,0,Medium,Low,Low,Low,0.0,Low
Sri Ramana Ashram,12.230716478641018,79.06668471163901,5,0,0,0,Low,Low,Medium,Low,7.1,Low
Sri Ramana Ashram,12.230266340228944,79.06874710165988,13,0,0,5,Medium,Medium,Medium,Low,52.1,Medium
Sri Ramana Ashram,12.23057081413674,79.06752766478493,0,0,0,2,Low,Low,Medium,Low,17.2,Low
Sri Ramana Ashram,12.233075251414935,79.06664863437824,20,0,0,2,Low,Low,High,Low,10.7,Low
Sri Ramana Ashram,12.231121118128685,79.06778045224178,16,0,0,0,Medium,Medium,Medium,Low,17.6,Low
Sri Ramana Ashram,12.230222740586855,79.06561795770844,3,0,0,1,Medium,Low,Low,Low,10.5,Low
Sri Ramana Ashram,12.230777104610452,79.0652801755549,14,0,0,1,Low,Low,High,Low,11.3,Low
Sri Ramana Ashram,12.230303131658092,79.06745865689608,20,0,0,0,Low,Low,Low,Low,1.5,Low
Sri Ramana Ashram,12.231009759827716,79.06535625519139,2,0,0,3,Low,Medium,High,Low,36.5,Medium
Sri Ramana Ashram,12.230328722364618,79.06862151847477,22,0,0,0,High,Low,High,Low,11.1,Low
Sri Ramana Ashram,12.231160126452615,79.06826732573765,16,0,0,0,High,Medium,Low,Low,3.3,Low
Sri Ramana Ashram,12.23138828100207,79.06596781553122,22,1,0,0,Medium,Low,Medium,Low,10.2,Low
Sri Ramana Ashram,12.231226919652208,79.0681376117886,16,0,0,1,Low,Low,Medium,Low,0.0,Low
Sri Ramana Ashram,12.232425180222982,79.06837920388654,23,0,0,4,Low,Low,Medium,Low,41.2,Medium
Sri Ramana Ashram,12.231348965994364,79.06908562191344,11,0,0,0,Low,Low,Low,Low,4.1,Low
Sri Ramana Ashram,12.230964579556638,79.06556477660494,10,0,0,0,High,Low,Low,Low,0.0,Low
Sri Ramana Ashram,12.230234001077392,79.06703921916004,2,0,1,0,High,Low,Low,Low,0.0,Low
Sri Ramana Ashram,12.233208147900937,79.06892665588163,17,0,0,1,Medium,Medium,Medium,Low,17.3,Low
Sri Ramana Ashram,12.23123445395996,79.065374782623,18,0,0,1,High,Medium,Medium,Low,16.8,Low
Sri Ramana Ashram,12.231126091829585,79.0658944577765,18,0,0,1,Low,Low,Medium,Low,13.9,Low
Sri Ramana Ashram,12.232762242961854,79.06892654364117,13,0,0,2,Low,High,Medium,Low,30.7,Medium
Sri Ramana Ashram,12.233088844983126,79.0652883112641,17,0,0,0,High,Medium,Low,Low,0.0,Low
Sri Ramana Ashram,12.233671003224197,79.06732213688899,22,0,1,0,Medium,Low,High,Low,18.1,Low
Sri Ramana Ashram,12.233049435892573,79.06599047927226,16,0,0,1,Medium,Low,Medium,Low,24.9,Low
Sri Ramana Ashram,12.229915989623503,79.06694473335662,3,0,1,1,Medium,Medium,Medium,Low,21.6,Low
Sri Ramana Ashram,12.23004203237427,79.0671954518999,19,0,0,2,High,Medium,Medium,Low,16.9,Low
Sri Ramana Ashram,12.23172706531494,79.06701113963986,13,1,0,0,Medium,Low,Medium,Low,2.2,Low
Sri Ramana Ashram,12.230165247498059,79.0653372073579,4,0,0,0,Medium,Medium,Medium,Low,11.8,Low
Sri Ramana Ashram,12.23372957320802,79.06777197207042,11,0,0,2,Low,Low,High,Low,18.3,Low
Sri Ramana Ashram,12.231325562541569,79.06717089350009,10,0,0,0,Medium,Low,Low,Low,0.0,Low
Sri Ramana Ashram,12.232268332248516,79.06711938407044,9,0,0,0,Low,Medium,Low,Low,9.1,Low
Sri Ramana Ashram,12.232878436656254,79.06621178493688,11,0,0,0,Medium,Low,Low,Low,2.7,Low
Sri Ramana Ashram,12.232291751473236,79.06619904043953,6,0,0,0,Low,Low,Low,Low,1.1,Low
Sri Ramana Ashram,12.23045733594059,79.0687878830789,14,0,0,1,Medium,Low,Medium,Low,21.0,Low
Sri Ramana Ashram,12.23068964527876,79.06883404759125,10,0,0,0,High,Low,Medium,Low,0.0,Low
Sri Ramana Ashram,12.230057484755203,79.06714927136977,20,0,0,0,Low,Medium,Low,Low,14.7,Low
Sri Ramana Ashram,12.231759657071866,79.06798248575272,17,0,0,1,High,Low,Medium,Low,5.4,Low
Sri Ramana Ashram,12.232471636889208,79.06596380536492,11,0,0,1,Low,Medium,Low,Low,10.0,Low
Sri Ramana Ashram,12.233445888188227,79.06758059671779,5,1,0,1,Medium,Medium,Low,Low,15.2,Low
Sri Ramana Ashram,12.233337160050322,79.06894822402697,4,0,0,1,Low,Low,Low,Low,18.1,Low
Sri Ramana Ashram,12.23017575159393,79.06668384325701,20,0,0,0,High,Low,Low,Low,0.0,Low
Sri Ramana Ashram,12.2306824984414,79.0652124053231,15,0,0,0,Medium,Low,Low,Low,6.5,Low
Sri Ramana Ashram,12.232835865239785,79.0690788014523,2,0,1,3,Low,Low,Medium,Low,22.7,Low
Sri Ramana Ashram,12.233129524027197,79.06855257869961,12,0,0,0,High,Medium,Low,Low,1.6,Low
Sri Ramana Ashram,12.233000242393043,79.06606144745139,20,0,1,1,Low,High,Medium,Low,29.4,Low
Sri Ramana Ashram,12.23016320616567,79.0671754340359,13,0,0,1,High,Medium,High,Low,15.5,Low
Sri Ramana Ashram,12.232543491511278,79.0666042817814,7,0,1,0,Low,Low,Low,Low,10.8,Low
Sri Ramana Ashram,12.232924223417408,79.06745661278529,18,0,0,3,Medium,High,Low,Low,35.3,Medium
Sri Ramana Ashram,12.233135431481486,79.06521848637338,8,0,1,2,High,Medium,Medium,Low,24.8,Low
Sri Ramana Ashram,12.232972937355855,79.06711691034647,11,0,0,0,High,Medium,High,Low,8.8,Low
Sri Ramana Ashram,12.232864153160783,79.0652645707116,0,0,0,2,High,Low,Medium,Low,23.1,Low
Sri Ramana Ashram,12.233724915822728,79.06836071927403,0,0,0,0,Medium,Low,Medium,Low,13.2,Low
Sri Ramana Ashram,12.232024975669058,79.0670447124088,7,0,1,1,Medium,Low,Low,Low,9.8,Low
Sri Ramana Ashram,12.233314068877904,79.06595290848904,19,0,0,0,Low,Low,Medium,Low,10.2,Low
Sri Ramana Ashram,12.23060310558908,79.06533240807089,5,0,0,1,Medium,High,Medium,Low,24.3,Low
Sri Ramana Ashram,12.23278108530307,79.06651999864903,7,0,0,0,Low,Low,Low,Low,5.7,Low
Sri Ramana Ashram,12.23233600566971,79.06634903907704,21,0,1,0,Medium,High,High,Low,22.3,Low
Sri Ramana Ashram,12.23199848839064,79.06612495873304,1,0,0,0,Low,Medium,Medium,Low,20.0,Low
Sri Ramana Ashram,12.232128098306333,79.06880272478327,3,0,1,1,Medium,Medium,Medium,Low,24.4,Low
Sri Ramana Ashram,12.230690197462007,79.06813200938923,2,0,0,0,Low,Low,Medium,Low,15.7,Low
Sri Ramana Ashram,12.230563746302217,79.06547063123911,5,0,0,1,Medium,Low,Low,Low,0.0,Low
Sri Ramana Ashram,12.231989375347903,79.0654918842651,1,0,0,2,Low,Medium,Low,Low,26.2,Low
Sri Ramana Ashram,12.231015331106995,79.06648219471388,12,0,0,1,Low,High,Medium,Low,26.1,Low
Sri Ramana Ashram,12.231042651762033,79.06623971376082,5,0,0,0,Low,Low,Low,Low,0.0,Low
Sri Ramana Ashram,12.232835225824305,79.06595228872101,9,0,0,0,Medium,Low,Low,Low,5.4,Low
Sri Ramana Ashram,12.232128906592573,79.06553944327014,1,0,0,1,Low,High,Low,Low,30.3,Medium
Sri Ramana Ashram,12.230949514218675,79.06671921752078,19,0,0,1,Medium,Low,Medium,Low,9.4,Low
Sri Ramana Ashram,12.231195010946694,79.06531671046717,1,0,0,0,High,Low,Medium,Low,5.1,Low
Sri Ramana Ashram,12.230621149411203,79.06687957199874,12,0,0,0,Medium,High,Medium,Low,20.3,Low
Sri Ramana Ashram,12.23248426430661,79.06822216459638,6,0,0,1,Low,High,Medium,Low,25.9,Low
Sri Ramana Ashram,12.232065748743592,79.06546064104887,10,0,0,0,Low,Medium,High,Low,14.6,Low
Sri Ramana Ashram,12.233179454131093,79.0685563703533,13,0,0,1,Low,High,High,Low,27.5,Low
Sri Ramana Ashram,12.233412280186082,79.0686969973163,15,0,0,0,Medium,Low,High,Low,5.5,Low
Sri Ramana Ashram,12.231129639713643,79.06678956707658,17,0,0,0,Low,Low,Medium,Low,5.4,Low
Sri Ramana Ashram,12.2316070878628,79.06623728740144,10,0,0,0,High,Low,Medium,Low,7.4,Low
Sri Ramana Ashram,12.232914534067042,79.0675945101115,10,0,0,1,Low,Medium,High,Low,26.5,Low
Sri Ramana Ashram,12.231420304257824,79.06882353024218,3,0,0,2,High,Low,High,Low,26.1,Low
Sri Ramana Ashram,12.232510749766007,79.06615753472879,6,0,0,0,Medium,Low,High,Low,17.0,Low
Sri Ramana Ashram,12.231228668364606,79.06858291851627,19,0,0,1,Low,Low,Medium,Low,7.7,Low
Sri Ramana Ashram,12.232434500665356,79.06563672876446,15,0,0,1,Medium,High,Medium,Low,23.1,Low
Sri Ramana Ashram,12.232212859871046,79.06531974509583,20,0,0,0,Medium,Medium,Low,Low,7.6,Low
Sri Ramana Ashram,12.233487013293104,79.06847329511218,10,0,0,0,Low,Medium,Medium,Low,10.3,Low
Sri Ramana Ashram,12.232604381128718,79.06734073130997,14,0,0,0,Low,Low,High,Low,19.0,Low
Sri Ramana Ashram,12.232556771571902,79.06676785373145,21,0,0,1,Medium,Medium,Medium,Low,19.7,Low
Sri Ramana Ashram,12.232086342039466,79.06564719320754,21,0,0,2,Low,Low,High,Low,22.4,Low
Sri Ramana Ashram,12.233371146430876,79.06858492775113,16,0,0,0,High,High,High,Low,22.7,Low
Sri Ramana Ashram,12.23327925001089,79.06905186386163,18,1,0,0,Low,Low,Low,Low,2.6,Low
Sri Ramana Ashram,12.230878285522685,79.06835144860214,14,0,0,0,High,Low,Low,Low,0.0,Low
Sri Ramana Ashram,12.230599580805611,79.06812382730645,13,0,0,1,High,Low,Medium,Low,8.2,Low
Sri Ramana Ashram,12.23097657485496,79.06571433630666,19,0,0,1,Low,High,High,Low,27.2,Low
Sri Ramana Ashram,12.230875816510379,79.06556588356966,13,0,1,0,High,Low,Medium,Low,0.4,Low
Sri Ramana Ashram,12.232095459570854,79.06577545982894,12,0,0,0,Medium,Low,Low,Low,1.0,Low
Sri Ramana Ashram,12.232775358147505,79.06891892891255,17,0,0,2,Medium,Low,High,Low,15.6,Low
Sri Ramana Ashram,12.232990493878463,79.06658247345236,3,0,0,0,Low,Low,Medium,Low,7.2,Low
Sri Ramana Ashram,12.231817736158842,79.06848789938235,5,0,0,0,Medium,Low,Medium,Low,7.0,Low
Sri Ramana Ashram,12.230544016183723,79.06636636916275,5,0,0,1,Medium,Medium,Low,Low,11.4,Low
Sri Ramana Ashram,12.230130787786575,79.06570270891203,23,0,0,1,Medium,Low,Medium,Low,9.9,Low
Sri Ramana Ashram,12.232196738663728,79.06561564175772,1,0,0,1,Low,Low,Medium,Low,22.7,Low
Sri Ramana Ashram,12.23372363577774,79.06723110935184,1,0,0,1,Medium,Low,Low,Low,9.3,Low
Sri Ramana Ashram,12.232898041697085,79.06559413574172,18,0,0,0,Low,Medium,High,Low,11.6,Low
Sri Ramana Ashram,12.230755824674095,79.06542941147204,3,0,0,1,Low,Low,Low,Low,30.4,Medium
Sri Ramana Ashram,12.233688936387868,79.06560460761031,20,0,1,0,Medium,Low,Medium,Low,6.6,Low
Sri Ramana Ashram,12.231874015092334,79.06543003283895,23,0,0,0,Low,Low,High,Low,8.6,Low
Sri Ramana Ashram,12.231305706638386,79.06693211645322,13,0,0,1,Medium,Low,Medium,Low,17.3,Low
Sri Ramana Ashram,12.231909181028827,79.0680060468084,21,0,1,1,High,Medium,Low,Low,6.0,Low
Sri Ramana Ashram,12.233667739401199,79.0661063398159,2,0,0,1,Low,High,Medium,Low,34.1,Medium
Sri Ramana Ashram,12.230814057497149,79.06676531820193,12,0,0,2,Low,High,Low,Low,21.4,Low
Sri Ramana Ashram,12.232470451857541,79.06692644175762,11,0,0,3,High,High,Medium,Low,34.4,Medium
Hill Climb Route (via Ramanashram to Skandashram/Virupaksha Cave),12.235843670070508,79.0692645418284,19,0,0,4,Low,Low,Medium,Medium,57.7,Medium
Hill Climb Route (via Ramanashram to Skandashram/Virupaksha Cave),12.23468290786427,79.06964876179164,8,0,0,2,Low,Low,Medium,Medium,37.2,Medium
Hill Climb Route (via Ramanashram to Skandashram/Virupaksha Cave),12.235411813395727,79.06826827660461,19,0,0,4,Medium,Medium,High,Medium,58.9,Medium
Hill Climb Route (via Ramanashram to Skandashram/Virupaksha Cave),12.235968680422806,79.07025140221057,4,0,0,2,Low,Low,Medium,Medium,56.7,Medium
Hill Climb Route (via Ramanashram to Skandashram/Virupaksha Cave),12.233366874387768,79.06932412196872,3,0,0,3,High,Low,Low,Medium,52.6,Medium
Hill Climb Route (via Ramanashram to Skandashram/Virupaksha Cave),12.234836762689977,79.06774784077749,15,0,0,3,Low,Low,High,Medium,53.8,Medium
Hill Climb Route (via Ramanashram to Skandashram/Virupaksha Cave),12.233909215603028,79.0671637596299,8,0,0,1,Low,Low,Low,Medium,31.9,Medium
Hill Climb Route (via Ramanashram to Skandashram/Virupaksha Cave),12.232489057922677,79.07012323113612,10,0,1,2,High,Low,High,Medium,28.1,Low
Hill Climb Route (via Ramanashram to Skandashram/Virupaksha Cave),12.233471464124918,79.06828625458542,12,0,0,0,Low,Low,High,Medium,34.1,Medium
Hill Climb Route (via Ramanashram to Skandashram/Virupaksha Cave),12.235533179661799,79.06789469480462,22,0,0,2,Low,Low,Medium,Medium,58.3,Medium
Hill Climb Route (via Ramanashram to Skandashram/Virupaksha Cave),12.233704107377651,79.06974713530707,19,0,0,1,Low,Medium,High,Medium,40.0,Medium
Hill Climb Route (via Ramanashram to Skandashram/Virupaksha Cave),12.233160164878688,79.06909146564767,14,0,0,1,Low,Low,Medium,Medium,28.4,Low
Hill Climb Route (via Ramanashram to Skandashram/Virupaksha Cave),12.232221624670338,79.0670638723946,23,0,1,2,Low,High,Medium,Medium,76.9,High
Hill Climb Route (via Ramanashram to Skandashram/Virupaksha Cave),12.23462808737868,79.07011784072846,8,0,0,2,Low,Medium,High,Medium,48.8,Medium
Hill Climb Route (via Ramanashram to Skandashram/Virupaksha Cave),12.234293131196544,79.0677173761528,10,0,0,3,High,Medium,Medium,Medium,32.5,Medium
Hill Climb Route (via Ramanashram to Skandashram/Virupaksha Cave),12.232637341578464,79.06729224253712,12,0,0,2,Medium,Medium,Low,Medium,33.7,Medium
Hill Climb Route (via Ramanashram to Skandashram/Virupaksha Cave),12.233208520389873,79.07092972907442,13,0,0,2,Medium,High,Medium,Medium,44.5,Medium
Hill Climb Route (via Ramanashram to Skandashram/Virupaksha Cave),12.233337342110469,79.0688331145318,2,0,0,1,Medium,Medium,Medium,Medium,57.4,Medium
Hill Climb Route (via Ramanashram to Skandashram/Virupaksha Cave),12.233230998496134,79.07023395195775,1,0,0,1,Low,High,Medium,Medium,78.7,High
Hill Climb Route (via Ramanashram to Skandashram/Virupaksha Cave),12.234187053267473,79.06834486210855,14,0,1,0,Low,Medium,Medium,Medium,38.1,Medium
Hill Climb Route (via Ramanashram to Skandashram/Virupaksha Cave),12.234512285262786,79.06774665579712,1,1,0,3,Medium,Low,High,Medium,60.7,Medium
Hill Climb Route (via Ramanashram to Skandashram/Virupaksha Cave),12.232027557487728,79.07090451652073,4,0,0,2,Medium,Medium,Medium,Medium,62.2,Medium
Hill Climb Route (via Ramanashram to Skandashram/Virupaksha Cave),12.232374132001269,79.06757557283706,23,0,1,2,Low,Medium,Low,Medium,70.6,High
Hill Climb Route (via Ramanashram to Skandashram/Virupaksha Cave),12.233543950690317,79.06986847157613,16,0,0,1,Medium,Medium,Low,Medium,29.3,Low
Hill Climb Route (via Ramanashram to Skandashram/Virupaksha Cave),12.235700598069041,79.06827353127896,18,0,1,0,Low,Medium,Low,Medium,26.2,Low
Hill Climb Route (via Ramanashram to Skandashram/Virupaksha Cave),12.23277887289972,79.06758771889848,12,0,0,1,Low,Low,Low,Medium,30.9,Medium
Hill Climb Route (via Ramanashram to Skandashram/Virupaksha Cave),12.235082584801688,79.06992200593642,22,0,0,1,Medium,Low,Medium,Medium,49.4,Medium
Hill Climb Route (via Ramanashram to Skandashram/Virupaksha Cave),12.23361594723831,79.06941386581325,19,0,1,5,Medium,Low,Low,Medium,44.2,Medium
Hill Climb Route (via Ramanashram to Skandashram/Virupaksha Cave),12.23368686762642,79.07030107635963,12,0,0,0,High,Medium,High,Medium,29.7,Low
Hill Climb Route (via Ramanashram to Skandashram/Virupaksha Cave),12.234925451555426,79.06718653928384,2,0,0,2,Low,Low,Low,Medium,65.0,Medium
Hill Climb Route (via Ramanashram to Skandashram/Virupaksha Cave),12.235895326548473,79.07050520992438,11,0,0,2,High,Medium,High,Medium,43.3,Medium
Hill Climb Route (via Ramanashram to Skandashram/Virupaksha Cave),12.235461839531542,79.06907483931327,8,0,1,1,Medium,Medium,Medium,Medium,37.6,Medium
Hill Climb Route (via Ramanashram to Skandashram/Virupaksha Cave),12.234057470138554,79.0690575571858,11,0,1,2,Medium,Medium,Medium,Medium,43.1,Medium
Hill Climb Route (via Ramanashram to Skandashram/Virupaksha Cave),12.235837548704897,79.06701182918854,5,0,0,1,Medium,High,Low,Medium,34.0,Medium
Hill Climb Route (via Ramanashram to Skandashram/Virupaksha Cave),12.23393856052,79.068559576,2,0,0,6,Low,Low,Low,Medium,76.7,High
Hill Climb Route (via Ramanashram to Skandashram/Virupaksha Cave),12.234791507113037,79.06914305982573,18,0,0,1,High,Low,Low,Medium,21.6,Low
Hill Climb Route (via Ramanashram to Skandashram/Virupaksha Cave),12.23271523119829,79.06816140085269,20,0,0,2,Medium,Medium,High,Medium,42.0,Medium
Hill Climb Route (via Ramanashram to Skandashram/Virupaksha Cave),12.233244934348189,79.07006442323718,21,0,0,6,Low,Low,High,Medium,62.1,Medium
Hill Climb Route (via Ramanashram to Skandashram/Virupaksha Cave),12.235316598417048,79.06778534526435,4,0,0,2,Low,Low,Low,Medium,54.8,Medium
Hill Climb Route (via Ramanashram to Skandashram/Virupaksha Cave),12.234211693812666,79.0679304287366,15,0,0,1,Low,Low,Medium,Medium,31.5,Medium
Hill Climb Route (via Ramanashram to Skandashram/Virupaksha Cave),12.235196848968359,79.06800502838085,0,0,0,1,Medium,Low,Low,Medium,43.2,Medium
Hill Climb Route (via Ramanashram to Skandashram/Virupaksha Cave),12.235157679860599,79.06916291405908,11,0,0,0,Low,Medium,High,Medium,44.0,Medium
Hill Climb Route (via Ramanashram to Skandashram/Virupaksha Cave),12.234004851814797,79.07008549165351,0,0,0,2,Low,Medium,Medium,Medium,75.4,High
Hill Climb Route (via Ramanashram to Skandashram/Virupaksha Cave),12.232865106461585,79.07079723247651,16,0,0,3,Medium,Low,High,Medium,40.0,Medium
Hill Climb Route (via Ramanashram to Skandashram/Virupaksha Cave),12.233043743141431,79.06840031879513,20,0,0,3,Low,Low,Medium,Medium,47.8,Medium
Hill Climb Route (via Ramanashram to Skandashram/Virupaksha Cave),12.234114087521903,79.0672297293211,22,0,0,2,High,Low,Medium,Medium,54.5,Medium
Hill Climb Route (via Ramanashram to Skandashram/Virupaksha Cave),12.235759140783886,79.07016408035524,0,0,0,2,Low,Low,Medium,Medium,60.2,Medium
Hill Climb Route (via Ramanashram to Skandashram/Virupaksha Cave),12.235959327016335,79.06963419654893,5,0,0,2,Low,High,Medium,Medium,50.8,Medium
Hill Climb Route (via Ramanashram to Skandashram/Virupaksha Cave),12.235680811007756,79.06775586696993,5,0,0,0,Low,Low,High,Medium,38.4,Medium
Hill Climb Route (via Ramanashram to Skandashram/Virupaksha Cave),12.235980272393663,79.06878282896625,18,0,0,2,Low,Low,High,Medium,45.8,Medium
Hill Climb Route (via Ramanashram to Skandashram/Virupaksha Cave),12.235445713978068,79.0674329356973,7,0,0,1,Low,Medium,High,Medium,48.5,Medium
Hill Climb Route (via Ramanashram to Skandashram/Virupaksha Cave),12.234689790234844,79.0680103557781,12,0,0,3,Low,Low,Low,Medium,42.1,Medium
Hill Climb Route (via Ramanashram to Skandashram/Virupaksha Cave),12.235194235429528,79.068677117535,20,0,0,2,Low,Medium,High,Medium,57.7,Medium
Hill Climb Route (via Ramanashram to Skandashram/Virupaksha Cave),12.232107760722299,79.07032284957924,5,0,0,1,Low,Low,Medium,Medium,36.0,Medium
Hill Climb Route (via Ramanashram to Skandashram/Virupaksha Cave),12.233659953610841,79.07002033482452,13,0,0,5,High,Medium,Medium,Medium,63.8,Medium
Hill Climb Route (via Ramanashram to Skandashram/Virupaksha Cave),12.234929958948456,79.0696500120107,15,0,0,2,High,Medium,Low,Medium,34.7,Medium
Hill Climb Route (via Ramanashram to Skandashram/Virupaksha Cave),12.235966709330038,79.0690324207193,8,0,1,0,Medium,High,Medium,Medium,36.1,Medium
Hill Climb Route (via Ramanashram to Skandashram/Virupaksha Cave),12.235791607082925,79.06896679014343,15,0,0,1,High,Low,Medium,Medium,28.6,Low
Hill Climb Route (via Ramanashram to Skandashram/Virupaksha Cave),12.234359887534382,79.07011929520647,3,0,0,6,High,Low,Medium,Medium,74.9,High
Hill Climb Route (via Ramanashram to Skandashram/Virupaksha Cave),12.23529297902937,79.06822021525993,3,0,1,2,Low,High,High,Medium,79.5,High
Hill Climb Route (via Ramanashram to Skandashram/Virupaksha Cave),12.232792256045553,79.06854467983848,10,1,0,0,High,Low,Low,Medium,6.3,Low
Hill Climb Route (via Ramanashram to Skandashram/Virupaksha Cave),12.232498249099637,79.06860076382364,14,0,0,0,High,Medium,High,Medium,25.3,Low
Hill Climb Route (via Ramanashram to Skandashram/Virupaksha Cave),12.232452911061545,79.06853336801488,11,0,0,4,High,Low,Medium,Medium,49.9,Medium
Hill Climb Route (via Ramanashram to Skandashram/Virupaksha Cave),12.232881154586009,79.06727993195645,20,0,0,0,Medium,Medium,Low,Medium,17.1,Low
Hill Climb Route (via Ramanashram to Skandashram/Virupaksha Cave),12.233372964095981,79.06956459987852,23,0,0,4,Medium,Medium,Medium,Medium,79.5,High
Hill Climb Route (via Ramanashram to Skandashram/Virupaksha Cave),12.235296071356021,79.06848799840625,17,0,0,1,Medium,Low,Low,Medium,23.8,Low
Hill Climb Route (via Ramanashram to Skandashram/Virupaksha Cave),12.233393757912408,79.0691298340526,16,0,0,0,Medium,Low,Medium,Medium,25.3,Low
Hill Climb Route (via Ramanashram to Skandashram/Virupaksha Cave),12.235138878005491,79.06933827249011,15,0,0,1,Medium,High,Low,Medium,38.1,Medium
Hill Climb Route (via Ramanashram to Skandashram/Virupaksha Cave),12.23439108701644,79.06711900724949,4,0,0,3,Low,Medium,High,Medium,76.6,High
Hill Climb Route (via Ramanashram to Skandashram/Virupaksha Cave),12.233785551345395,79.0697718856158,9,0,0,1,Medium,Medium,Medium,Medium,33.3,Medium
Hill Climb Route (via Ramanashram to Skandashram/Virupaksha Cave),12.234752802376207,79.06760610721837,15,0,0,1,Low,Low,High,Medium,37.4,Medium
Hill Climb Route (via Ramanashram to Skandashram/Virupaksha Cave),12.235197106893402,79.06828499012829,11,0,0,3,Low,Medium,Medium,Medium,55.1,Medium
Hill Climb Route (via Ramanashram to Skandashram/Virupaksha Cave),12.234130817585921,79.06731227303331,0,0,0,1,Medium,Medium,Low,Medium,49.8,Medium
Hill Climb Route (via Ramanashram to Skandashram/Virupaksha Cave),12.233880250730257,79.07062491112079,1,0,0,4,Low,Low,Low,Medium,69.9,Medium
Hill Climb Route (via Ramanashram to Skandashram/Virupaksha Cave),12.232270712080716,79.06910350591563,17,0,0,0,Medium,Medium,Medium,Medium,32.7,Medium
Hill Climb Route (via Ramanashram to Skandashram/Virupaksha Cave),12.232786196956026,79.06951831088651,10,0,0,5,Medium,Low,Low,Medium,47.3,Medium
Hill Climb Route (via Ramanashram to Skandashram/Virupaksha Cave),12.232812805599613,79.07018061040277,1,0,0,6,Low,Low,High,Medium,83.8,High
Hill Climb Route (via Ramanashram to Skandashram/Virupaksha Cave),12.234849370455551,79.07014977222957,3,0,0,2,Low,Low,Medium,Medium,64.3,Medium
Hill Climb Route (via Ramanashram to Skandashram/Virupaksha Cave),12.234981931593827,79.06988413528613,10,0,0,4,Medium,Medium,High,Medium,51.4,Medium
Hill Climb Route (via Ramanashram to Skandashram/Virupaksha Cave),12.232241329007968,79.0695416235737,2,0,0,1,Medium,Medium,Medium,Medium,47.2,Medium
Hill Climb Route (via Ramanashram to Skandashram/Virupaksha Cave),12.234490319058384,79.06736156816548,10,0,0,1,High,Medium,High,Medium,30.5,Medium
Hill Climb Route (via Ramanashram to Skandashram/Virupaksha Cave),12.233079504368968,79.07053432237028,3,0,1,1,Medium,High,High,Medium,62.8,Medium
Hill Climb Route (via Ramanashram to Skandashram/Virupaksha Cave),12.232455289126426,79.06973054388766,21,0,0,1,High,High,Low,Medium,31.3,Medium
Hill Climb Route (via Ramanashram to Skandashram/Virupaksha Cave),12.234022118885095,79.06948380625548,1,0,0,4,High,Medium,Medium,Medium,73.8,High
Hill Climb Route (via Ramanashram to Skandashram/Virupaksha Cave),12.235990505230596,79.06832758869545,10,0,0,1,High,Low,Low,Medium,10.8,Low
Hill Climb Route (via Ramanashram to Skandashram/Virupaksha Cave),12.232746446679226,79.06982648731902,9,0,1,0,High,High,Medium,Medium,24.8,Low
Hill Climb Route (via Ramanashram to Skandashram/Virupaksha Cave),12.23434150232054,79.06825897487214,21,0,0,2,Medium,Low,Low,Medium,20.8,Low
Hill Climb Route (via Ramanashram to Skandashram/Virupaksha Cave),12.234983631379734,79.06847291611858,12,0,0,1,Medium,Low,Medium,Medium,28.3,Low
Hill Climb Route (via Ramanashram to Skandashram/Virupaksha Cave),12.234443255780814,79.06885887789659,11,0,0,4,High,High,Medium,Medium,55.6,Medium
Hill Climb Route (via Ramanashram to Skandashram/Virupaksha Cave),12.232083230431707,79.06971319789147,0,0,1,1,High,Low,High,Medium,48.4,Medium
Hill Climb Route (via Ramanashram to Skandashram/Virupaksha Cave),12.235000539495072,79.06900819963568,10,0,0,3,Medium,Medium,High,Medium,50.0,Medium
Hill Climb Route (via Ramanashram to Skandashram/Virupaksha Cave),12.234448284534352,79.06980853597507,18,0,0,0,Medium,Low,Medium,Medium,20.8,Low
Hill Climb Route (via Ramanashram to Skandashram/Virupaksha Cave),12.23258441621026,79.06896098613701,4,0,0,5,Medium,Low,Medium,Medium,79.7,High
Hill Climb Route (via Ramanashram to Skandashram/Virupaksha Cave),12.233899105986291,79.0682110344743,18,0,1,1,High,Low,Low,Medium,22.1,Low
Hill Climb Route (via Ramanashram to Skandashram/Virupaksha Cave),12.232459103042297,79.06996522375069,6,0,0,2,Medium,Low,Medium,Medium,32.2,Medium
Hill Climb Route (via Ramanashram to Skandashram/Virupaksha Cave),12.232679807658668,79.0695333204077,9,0,1,2,Low,Medium,Medium,Medium,53.2,Medium
Hill Climb Route (via Ramanashram to Skandashram/Virupaksha Cave),12.235882347478714,79.06929853391765,17,0,0,5,High,High,Medium,Medium,61.5,Medium
Hill Climb Route (via Ramanashram to Skandashram/Virupaksha Cave),12.232024019198361,79.06934191205316,5,0,0,3,Medium,Medium,High,Medium,52.1,Medium
Hill Climb Route (via Ramanashram to Skandashram/Virupaksha Cave),12.234357456980447,79.06860498323519,9,0,0,4,Medium,Low,Low,Medium,38.7,Medium
Hill Climb Route (via Ramanashram to Skandashram/Virupaksha Cave),12.235586523576943,79.0693119920335,22,0,0,5,Medium,Medium,High,Medium,81.4,High
Hill Climb Route (via Ramanashram to Skandashram/Virupaksha Cave),12.235938656311898,79.06720343295095,17,0,1,4,Medium,Low,High,Medium,49.2,Medium
Hill Climb Route (via Ramanashram to Skandashram/Virupaksha Cave),12.233077118810941,79.0670777430498,9,0,0,0,High,Low,Low,Medium,7.9,Low
Hill Climb Route (via Ramanashram to Skandashram/Virupaksha Cave),12.232754232801177,79.07045087855718,10,0,0,2,Medium,High,High,Medium,52.5,Medium
Hill Climb Route (via Ramanashram to Skandashram/Virupaksha Cave),12.23243530123295,79.0701434779763,19,0,0,2,Low,Low,Medium,Medium,38.3,Medium
Hill Climb Route (via Ramanashram to Skandashram/Virupaksha Cave),12.23377890765589,79.07021885996622,4,0,0,0,Low,Medium,Medium,Medium,58.7,Medium
Hill Climb Route (via Ramanashram to Skandashram/Virupaksha Cave),12.234274537826428,79.06802795214138,16,0,0,2,High,Low,Medium,Medium,30.6,Medium
Hill Climb Route (via Ramanashram to Skandashram/Virupaksha Cave),12.232974166467041,79.06958427968307,11,0,0,3,Low,Low,Medium,Medium,42.7,Medium
Hill Climb Route (via Ramanashram to Skandashram/Virupaksha Cave),12.234194015093724,79.06997846536169,12,0,0,0,Low,Low,High,Medium,32.4,Medium
Hill Climb Route (via Ramanashram to Skandashram/Virupaksha Cave),12.234462752090707,79.06905933271445,4,0,0,2,High,Low,Low,Medium,41.4,Medium
Hill Climb Route (via Ramanashram to Skandashram/Virupaksha Cave),12.235788746183097,79.06709573623901,15,0,0,2,High,Low,High,Medium,30.3,Medium
Hill Climb Route (via Ramanashram to Skandashram/Virupaksha Cave),12.235534472348109,79.06952974546685,21,0,0,2,High,Low,Medium,Medium,32.2,Medium
Hill Climb Route (via Ramanashram to Skandashram/Virupaksha Cave),12.23557321164303,79.06854027752989,21,0,0,1,Low,Medium,Medium,Medium,46.6,Medium
Hill Climb Route (via Ramanashram to Skandashram/Virupaksha Cave),12.23403489827611,79.06782412552505,18,0,1,1,Medium,Low,Medium,Medium,22.7,Low
Hill Climb Route (via Ramanashram to Skandashram/Virupaksha Cave),12.234557889589567,79.06724619678094,18,0,0,2,High,Low,High,Medium,31.6,Medium
Hill Climb Route (via Ramanashram to Skandashram/Virupaksha Cave),12.232531424887672,79.06894838885341,14,0,0,1,Low,Medium,High,Medium,49.4,Medium
Hill Climb Route (via Ramanashram to Skandashram/Virupaksha Cave),12.232425040508058,79.0679553586237,23,0,0,1,High,Low,Medium,Medium,53.2,Medium
Hill Climb Route (via Ramanashram to Skandashram/Virupaksha Cave),12.234238291311716,79.0677799003488,17,0,1,0,Low,Medium,Low,Medium,33.7,Medium
Hill Climb Route (via Ramanashram to Skandashram/Virupaksha Cave),12.233774534945118,79.07009179382692,3,1,0,1,Low,Low,High,Medium,64.9,Medium
Hill Climb Route (via Ramanashram to Skandashram/Virupaksha Cave),12.234854631781566,79.06747818166457,12,0,1,1,High,Medium,Medium,Medium,33.6,Medium
Hill Climb Route (via Ramanashram to Skandashram/Virupaksha Cave),12.235586408099199,79.06876155623335,7,0,0,4,High,Low,High,Medium,47.6,Medium
Hill Climb Route (via Ramanashram to Skandashram/Virupaksha Cave),12.232798847962796,79.06966184133324,23,0,0,3,High,High,High,Medium,71.3,High
Hill Climb Route (via Ramanashram to Skandashram/Virupaksha Cave),12.234818741162307,79.07065605606606,21,0,0,0,Low,High,Medium,Medium,46.5,Medium
Hill Climb Route (via Ramanashram to Skandashram/Virupaksha Cave),12.233798063411522,79.06899394973388,7,0,0,2,Low,High,Medium,Medium,58.2,Medium
Hill Climb Route (via Ramanashram to Skandashram/Virupaksha Cave),12.23481748257828,79.0704367229668,20,0,0,2,Medium,Medium,High,Medium,42.3,Medium
Hill Climb Route (via Ramanashram to Skandashram/Virupaksha Cave),12.233079233684881,79.06934069189447,22,0,0,0,High,High,Low,Medium,58.2,Medium
Hill Climb Route (via Ramanashram to Skandashram/Virupaksha Cave),12.232083035385788,79.06710169532813,0,0,1,2,High,Low,Medium,Medium,54.4,Medium
Hill Climb Route (via Ramanashram to Skandashram/Virupaksha Cave),12.232547642141109,79.06733729263927,7,0,0,1,Medium,Low,Low,Medium,21.9,Low
Hill Climb Route (via Ramanashram to Skandashram/Virupaksha Cave),12.234201096025172,79.07092397148128,8,0,0,4,Low,High,Medium,Medium,77.1,High
Hill Climb Route (via Ramanashram to Skandashram/Virupaksha Cave),12.232371165432133,79.06827750097351,1,0,0,3,Low,Low,Medium,Medium,78.4,High
Hill Climb Route (via Ramanashram to Skandashram/Virupaksha Cave),12.235888427326518,79.06998236574474,15,0,0,2,Low,Low,Low,Medium,45.4,Medium
Hill Climb Route (via Ramanashram to Skandashram/Virupaksha Cave),12.23472234848384,79.06921375570165,13,1,0,2,Low,Low,Low,Medium,28.5,Low
Hill Climb Route (via Ramanashram to Skandashram/Virupaksha Cave),12.23275860933349,79.06764135642113,14,0,1,0,Low,Medium,Low,Medium,28.9,Low
Hill Climb Route (via Ramanashram to Skandashram/Virupaksha Cave),12.233638589980352,79.06993196155042,15,0,0,2,High,Low,Low,Medium,31.2,Medium
Hill Climb Route (via Ramanashram to Skandashram/Virupaksha Cave),12.234065581647002,79.06807090046894,15,0,0,2,Medium,Low,High,Medium,28.9,Low
Hill Climb Route (via Ramanashram to Skandashram/Virupaksha Cave),12.233672560549815,79.06890200222432,5,0,0,3,Low,Medium,High,Medium,66.1,Medium
Hill Climb Route (via Ramanashram to Skandashram/Virupaksha Cave),12.233549584373549,79.07052266269555,23,0,0,0,Medium,Low,High,Medium,41.3,Medium
Hill Climb Route (via Ramanashram to Skandashram/Virupaksha Cave),12.235349032076428,79.07058473645476,14,0,0,2,High,Low,Medium,Medium,24.3,Low
Hill Climb Route (via Ramanashram to Skandashram/Virupaksha Cave),12.234084157470427,79.06982064763635,13,0,0,1,High,Low,Low,Medium,14.5,Low
Hill Climb Route (via Ramanashram to Skandashram/Virupaksha Cave),12.233124403134372,79.06874914408937,10,1,0,2,High,Medium,Medium,Medium,31.5,Medium
Hill Climb Route (via Ramanashram to Skandashram/Virupaksha Cave),12.233288503907595,79.06820818536394,21,0,0,1,Low,Low,Low,Medium,42.2,Medium
Hill Climb Route (via Ramanashram to Skandashram/Virupaksha Cave),12.232185451961628,79.06803801027966,4,0,1,0,High,Low,Medium,Medium,37.9,Medium
Hill Climb Route (via Ramanashram to Skandashram/Virupaksha Cave),12.235047208384271,79.0709593342658,8,0,0,1,Medium,Low,Medium,Medium,24.2,Low
Hill Climb Route (via Ramanashram to Skandashram/Virupaksha Cave),12.234577169949343,79.06833302733516,11,0,0,2,Medium,High,Low,Medium,42.0,Medium
Hill Climb Route (via Ramanashram to Skandashram/Virupaksha Cave),12.235699305562205,79.06772888232484,23,0,0,3,High,Low,Medium,Medium,58.2,Medium
Hill Climb Route (via Ramanashram to Skandashram/Virupaksha Cave),12.232896734604317,79.07050551853868,18,0,0,4,Low,Low,Medium,Medium,47.8,Medium
Hill Climb Route (via Ramanashram to Skandashram/Virupaksha Cave),12.233520854132292,79.0677887063199,16,0,0,5,Low,Medium,Low,Medium,67.6,Medium
Hill Climb Route (via Ramanashram to Skandashram/Virupaksha Cave),12.234182726404452,79.06733698912,17,0,0,1,Low,Low,Low,Medium,28.1,Low
Hill Climb Route (via Ramanashram to Skandashram/Virupaksha Cave),12.233409616294542,79.0706994968582,8,1,0,3,Low,Low,High,Medium,45.8,Medium
Hill Climb Route (via Ramanashram to Skandashram/Virupaksha Cave),12.235593688492626,79.06700180661937,14,0,0,4,High,Low,Medium,Medium,40.3,Medium
Hill Climb Route (via Ramanashram to Skandashram/Virupaksha Cave),12.235623959043469,79.06998829610806,11,0,0,4,Medium,Low,High,Medium,45.2,Medium
Hill Climb Route (via Ramanashram to Skandashram/Virupaksha Cave),12.233190559946717,79.06906196148843,1,0,1,2,High,Low,Medium,Medium,47.0,Medium
Hill Climb Route (via Ramanashram to Skandashram/Virupaksha Cave),12.234038167869418,79.06782906559121,16,0,0,4,Low,Medium,High,Medium,57.5,Medium
Hill Climb Route (via Ramanashram to Skandashram/Virupaksha Cave),12.234265091073945,79.07022493218388,16,0,0,0,Medium,Medium,Medium,Medium,29.1,Low
Hill Climb Route (via Ramanashram to Skandashram/Virupaksha Cave),12.234287759348973,79.06805828170732,14,0,1,2,Low,High,High,Medium,64.3,Medium
Hill Climb Route (via Ramanashram to Skandashram/Virupaksha Cave),12.235502690543505,79.06799161387181,16,0,0,0,Low,Low,Low,Medium,18.2,Low
Hill Climb Route (via Ramanashram to Skandashram/Virupaksha Cave),12.234530150296743,79.06811058195912,7,0,1,1,Low,Medium,Medium,Medium,46.6,Medium
Hill Climb Route (via Ramanashram to Skandashram/Virupaksha Cave),12.232049361989466,79.06957796611883,6,0,0,1,High,Low,High,Medium,29.0,Low
Hill Climb Route (via Ramanashram to Skandashram/Virupaksha Cave),12.235878761889781,79.0696986431639,22,0,1,1,Low,High,Low,Medium,75.5,High
Hill Climb Route (via Ramanashram to Skandashram/Virupaksha Cave),12.23346015406398,79.06831006819237,1,0,1,2,Low,Low,Low,Medium,62.8,Medium
Hill Climb Route (via Ramanashram to Skandashram/Virupaksha Cave),12.232267693900202,79.06774663421093,20,0,1,1,Medium,Medium,Medium,Medium,34.0,Medium
Hill Climb Route (via Ramanashram to Skandashram/Virupaksha Cave),12.235726415385534,79.07091617930374,16,0,0,2,High,Low,Medium,Medium,25.5,Low
Hill Climb Route (via Ramanashram to Skandashram/Virupaksha Cave),12.233023169940356,79.0671221974146,19,0,0,3,Low,High,Low,Medium,60.2,Medium
Hill Climb Route (via Ramanashram to Skandashram/Virupaksha Cave),12.233121293378677,79.06727120199693,2,0,0,6,Medium,Low,Medium,Medium,72.0,High
Hill Climb Route (via Ramanashram to Skandashram/Virupaksha Cave),12.235269428266353,79.07059609637103,2,0,0,2,Medium,Medium,High,Medium,68.0,Medium
Hill Climb Route (via Ramanashram to Skandashram/Virupaksha Cave),12.234602069232961,79.06796120564023,20,0,0,2,Low,High,Medium,Medium,59.9,Medium
Hill Climb Route (via Ramanashram to Skandashram/Virupaksha Cave),12.234558667259444,79.07006384400138,17,0,0,1,Medium,Low,Medium,Medium,30.9,Medium
Hill Climb Route (via Ramanashram to Skandashram/Virupaksha Cave),12.23403868686124,79.06858762292917,2,0,0,1,Low,Medium,High,Medium,67.7,Medium
Hill Climb Route (via Ramanashram to Skandashram/Virupaksha Cave),12.235512822403646,79.07026586113577,0,0,0,4,Medium,Medium,High,Medium,76.4,High
Hill Climb Route (via Ramanashram to Skandashram/Virupaksha Cave),12.234927149147936,79.0701900385921,8,0,0,1,Low,Medium,Medium,Medium,53.6,Medium
Hill Climb Route (via Ramanashram to Skandashram/Virupaksha Cave),12.23221749379405,79.06812226450418,14,0,0,4,Medium,Low,Medium,Medium,48.7,Medium
Hill Climb Route (via Ramanashram to Skandashram/Virupaksha Cave),12.23477633868205,79.06794577021796,0,0,0,5,Medium,High,High,Medium,91.5,High
Hill Climb Route (via Ramanashram to Skandashram/Virupaksha Cave),12.232764316853737,79.07026663337228,20,0,0,2,Medium,Medium,High,Medium,39.9,Medium
Hill Climb Route (via Ramanashram to Skandashram/Virupaksha Cave),12.233876177594395,79.0673083788754,11,0,0,2,High,Low,Low,Medium,29.4,Low
Hill Climb Route (via Ramanashram to Skandashram/Virupaksha Cave),12.234117884152873,79.06973998353308,13,0,1,0,Medium,Medium,Medium,Medium,25.0,Low
Hill Climb Route (via Ramanashram to Skandashram/Virupaksha Cave),12.233762326350538,79.06779987629646,10,0,0,1,Medium,High,High,Medium,54.9,Medium
Hill Climb Route (via Ramanashram to Skandashram/Virupaksha Cave),12.233679438626313,79.06717297635488,22,0,0,2,High,Low,Medium,Medium,62.5,Medium
Hill Climb Route (via Ramanashram to Skandashram/Virupaksha Cave),12.234195685607107,79.07020092676703,5,0,0,1,High,Medium,High,Medium,23.2,Low
Hill Climb Route (via Ramanashram to Skandashram/Virupaksha Cave),12.232862938603645,79.06985763295387,23,0,0,1,Low,Medium,Low,Medium,67.5,Medium
Hill Climb Route (via Ramanashram to Skandashram/Virupaksha Cave),12.235689131442701,79.06818444071469,23,0,1,2,Medium,Low,Medium,Medium,47.1,Medium
Hill Climb Route (via Ramanashram to Skandashram/Virupaksha Cave),12.233477386789453,79.06721191577333,2,0,1,4,High,Low,High,Medium,62.7,Medium
Hill Climb Route (via Ramanashram to Skandashram/Virupaksha Cave),12.233183769846292,79.06874743381168,18,0,0,2,High,Low,Low,Medium,20.7,Low
Hill Climb Route (via Ramanashram to Skandashram/Virupaksha Cave),12.233319990178595,79.06875558926349,9,0,0,4,Medium,Medium,Medium,Medium,48.4,Medium
Hill Climb Route (via Ramanashram to Skandashram/Virupaksha Cave),12.233010844834867,79.06851777598962,12,0,0,4,Medium,High,Low,Medium,66.1,Medium
Hill Climb Route (via Ramanashram to Skandashram/Virupaksha Cave),12.235086709606705,79.0687204775324,6,0,1,2,Medium,Medium,Medium,Medium,37.7,Medium
Hill Climb Route (via Ramanashram to Skandashram/Virupaksha Cave),12.23386877701915,79.06820978844534,23,0,0,3,High,Medium,Medium,Medium,62.3,Medium
Hill Climb Route (via Ramanashram to Skandashram/Virupaksha Cave),12.233045565241497,79.06746426042052,14,0,0,1,Low,Low,Medium,Medium,45.5,Medium
Hill Climb Route (via Ramanashram to Skandashram/Virupaksha Cave),12.233974055254919,79.06716496022591,10,0,0,4,Medium,High,Low,Medium,52.7,Medium
Hill Climb Route (via Ramanashram to Skandashram/Virupaksha Cave),12.232788522577781,79.06780992882703,1,0,0,3,Medium,Low,High,Medium,64.4,Medium
Hill Climb Route (via Ramanashram to Skandashram/Virupaksha Cave),12.233526119581857,79.06800960001306,22,0,0,0,Low,Low,High,Medium,50.5,Medium
Hill Climb Route (via Ramanashram to Skandashram/Virupaksha Cave),12.235848590064942,79.06728638017341,20,0,0,0,High,Medium,High,Medium,28.8,Low
Hill Climb Route (via Ramanashram to Skandashram/Virupaksha Cave),12.232804693039828,79.06802749178155,23,0,1,1,Low,Medium,High,Medium,69.8,Medium
Hill Climb Route (via Ramanashram to Skandashram/Virupaksha Cave),12.232425337155021,79.06856404038766,8,0,1,3,Medium,High,High,Medium,56.3,Medium
Hill Climb Route (via Ramanashram to Skandashram/Virupaksha Cave),12.234319549018235,79.0675340471672,19,0,0,0,High,Low,High,Medium,15.2,Low
Hill Climb Route (via Ramanashram to Skandashram/Virupaksha Cave),12.235864197422044,79.06793575187237,9,0,0,3,Low,Low,Medium,Medium,47.0,Medium
Hill Climb Route (via Ramanashram to Skandashram/Virupaksha Cave),12.23498896897515,79.06911838006938,20,0,0,4,High,Low,Medium,Medium,42.2,Medium
Hill Climb Route (via Ramanashram to Skandashram/Virupaksha Cave),12.233825691148907,79.06868641593981,22,0,0,2,Medium,High,High,Medium,72.8,High
Hill Climb Route (via Ramanashram to Skandashram/Virupaksha Cave),12.233142478987595,79.068317581293,12,0,0,2,Medium,Low,High,Medium,44.1,Medium
Hill Climb Route (via Ramanashram to Skandashram/Virupaksha Cave),12.232151653632389,79.07068284929932,0,0,1,3,Medium,Low,Low,Medium,57.4,Medium
Hill Climb Route (via Ramanashram to Skandashram/Virupaksha Cave),12.235818790060534,79.07077594613833,18,0,0,4,High,Medium,High,Medium,46.5,Medium
Hill Climb Route (via Ramanashram to Skandashram/Virupaksha Cave),12.233266947698013,79.0697096515523,6,0,0,1,Medium,Low,Medium,Medium,27.5,Low
Hill Climb Route (via Ramanashram to Skandashram/Virupaksha Cave),12.232272782412851,79.06888916428066,5,0,0,3,Low,High,Medium,Medium,63.5,Medium
Hill Climb Route (via Ramanashram to Skandashram/Virupaksha Cave),12.234557000969138,79.06896664043595,18,0,0,1,Medium,Low,High,Medium,30.2,Medium
Hill Climb Route (via Ramanashram to Skandashram/Virupaksha Cave),12.233563587723749,79.06763800338823,5,0,0,2,Medium,Low,High,Medium,35.2,Medium
Hill Climb Route (via Ramanashram to Skandashram/Virupaksha Cave),12.233653553711584,79.06982289820726,17,0,0,3,High,Low,Low,Medium,37.7,Medium
Hill Climb Route (via Ramanashram to Skandashram/Virupaksha Cave),12.235407822755732,79.06910776800731,16,0,0,0,Medium,Medium,Medium,Medium,34.2,Medium
Hill Climb Route (via Ramanashram to Skandashram/Virupaksha Cave),12.232610341860008,79.06734095867986,21,0,0,3,Low,Low,Medium,Medium,49.6,Medium
Hill Climb Route (via Ramanashram to Skandashram/Virupaksha Cave),12.234075911803414,79.07041972952395,0,1,0,1,Low,Low,High,Medium,59.7,Medium
Hill Climb Route (via Ramanashram to Skandashram/Virupaksha Cave),12.233812296994735,79.0676630927498,1,0,0,1,Medium,Low,Medium,Medium,46.2,Medium
Hill Climb Route (via Ramanashram to Skandashram/Virupaksha Cave),12.23381429172479,79.06856220271445,19,0,0,5,Low,Low,High,Medium,63.4,Medium
Hill Climb Route (via Ramanashram to Skandashram/Virupaksha Cave),12.235834914450399,79.06758675063836,1,0,0,1,Low,Low,Low,Medium,51.4,Medium
Hill Climb Route (via Ramanashram to Skandashram/Virupaksha Cave),12.234726851986622,79.06958050992121,1,0,0,1,Low,Low,High,Medium,70.6,High
Hill Climb Route (via Ramanashram to Skandashram/Virupaksha Cave),12.234820874120821,79.06880902510358,16,0,0,1,High,Medium,High,Medium,33.7,Medium
Hill Climb Route (via Ramanashram to Skandashram/Virupaksha Cave),12.235144927010987,79.0684883332444,9,0,0,3,High,Low,Medium,Medium,30.9,Medium
Hill Climb Route (via Ramanashram to Skandashram/Virupaksha Cave),12.232111411064121,79.07050841499412,12,0,0,2,Medium,High,Low,Medium,38.8,Medium
Hill Climb Route (via Ramanashram to Skandashram/Virupaksha Cave),12.23228302218312,79.06721568174628,14,0,1,4,Medium,Medium,Low,Medium,53.0,Medium
Hill Climb Route (via Ramanashram to Skandashram/Virupaksha Cave),12.23446012334401,79.06862950069161,5,0,0,6,Medium,Medium,Medium,Medium,59.7,Medium
Hill Climb Route (via Ramanashram to Skandashram/Virupaksha Cave),12.234842966392113,79.0681182339045,7,0,0,1,Medium,Low,Medium,Medium,30.9,Medium
Hill Climb Route (via Ramanashram to Skandashram/Virupaksha Cave),12.233580648103768,79.06769335747708,4,0,0,2,Low,Medium,High,Medium,70.4,High
Hill Climb Route (via Ramanashram to Skandashram/Virupaksha Cave),12.233361127326466,79.06986779945237,9,0,0,1,Medium,Low,Medium,Medium,18.4,Low
Hill Climb Route (via Ramanashram to Skandashram/Virupaksha Cave),12.233900117751743,79.0701205387548,1,0,0,3,Medium,Low,High,Medium,64.9,Medium
Hill Climb Route (via Ramanashram to Skandashram/Virupaksha Cave),12.234977191648568,79.07050999182646,11,0,0,1,Medium,Medium,High,Medium,36.2,Medium
Hill Climb Route (via Ramanashram to Skandashram/Virupaksha Cave),12.234837807590976,79.07073094753042,10,0,0,3,High,Medium,Medium,Medium,39.5,Medium
Hill Climb Route (via Ramanashram to Skandashram/Virupaksha Cave),12.23561813934719,79.0699786397116,13,0,0,1,Low,Medium,Medium,Medium,47.3,Medium
Hill Climb Route (via Ramanashram to Skandashram/Virupaksha Cave),12.233254758812583,79.0681535660396,1,0,0,1,Low,Low,Low,Medium,53.4,Medium
Hill Climb Route (via Ramanashram to Skandashram/Virupaksha Cave),12.23540112253664,79.06958775166368,16,0,0,1,Low,Medium,Low,Medium,45.0,Medium
Hill Climb Route (via Ramanashram to Skandashram/Virupaksha Cave),12.235182910099228,79.06764796841341,5,0,0,0,Medium,Low,High,Medium,20.6,Low
Hill Climb Route (via Ramanashram to Skandashram/Virupaksha Cave),12.234518106108384,79.07066146594737,14,0,0,3,Low,Low,High,Medium,53.7,Medium
Hill Climb Route (via Ramanashram to Skandashram/Virupaksha Cave),12.233764794385147,79.06829505292642,22,0,0,2,Medium,High,High,Medium,71.3,High
Hill Climb Route (via Ramanashram to Skandashram/Virupaksha Cave),12.233530428044162,79.06926562778746,12,0,0,2,Low,Low,High,Medium,53.5,Medium
Hill Climb Route (via Ramanashram to Skandashram/Virupaksha Cave),12.235796624215036,79.06913000139747,20,0,0,2,Medium,Low,Medium,Medium,29.2,Low
Hill Climb Route (via Ramanashram to Skandashram/Virupaksha Cave),12.2320455536154,79.06700267619327,12,0,0,5,Medium,Medium,Medium,Medium,51.8,Medium
Hill Climb Route (via Ramanashram to Skandashram/Virupaksha Cave),12.235875661766274,79.06911752441985,21,0,0,0,High,Medium,High,Medium,23.9,Low
Hill Climb Route (via Ramanashram to Skandashram/Virupaksha Cave),12.235742436082786,79.06942691394063,11,0,0,3,High,High,Medium,Medium,51.6,Medium
Hill Climb Route (via Ramanashram to Skandashram/Virupaksha Cave),12.23235084247351,79.06900193361646,8,0,0,3,High,Medium,Low,Medium,36.9,Medium
Hill Climb Route (via Ramanashram to Skandashram/Virupaksha Cave),12.235346248353638,79.06867280952115,5,0,1,1,Low,High,Medium,Medium,54.3,Medium
Hill Climb Route (via Ramanashram to Skandashram/Virupaksha Cave),12.232207452268804,79.06814763341924,0,0,0,5,Low,Low,Low,Medium,83.8,High
Hill Climb Route (via Ramanashram to Skandashram/Virupaksha Cave),12.23528560235837,79.06854231033053,23,0,0,0,Medium,Medium,Medium,Medium,49.6,Medium
Hill Climb Route (via Ramanashram to Skandashram/Virupaksha Cave),12.232297165448493,79.07027025977975,22,0,0,4,Low,High,Low,Medium,86.3,High
Hill Climb Route (via Ramanashram to Skandashram/Virupaksha Cave),12.232622399026997,79.06719827855467,10,0,0,1,High,High,Low,Medium,31.3,Medium
Hill Climb Route (via Ramanashram to Skandashram/Virupaksha Cave),12.234002219049739,79.0705787456003,15,0,0,2,Low,Medium,High,Medium,50.5,Medium
Hill Climb Route (via Ramanashram to Skandashram/Virupaksha Cave),12.234545173510005,79.06986880948487,17,0,0,5,Low,Low,Low,Medium,59.6,Medium
Hill Climb Route (via Ramanashram to Skandashram/Virupaksha Cave),12.235544065989721,79.06937031339282,19,0,0,1,Low,Low,High,Medium,37.3,Medium
Hill Climb Route (via Ramanashram to Skandashram/Virupaksha Cave),12.233757782113203,79.06960331444334,16,0,0,3,Low,Medium,Medium,Medium,57.3,Medium
Hill Climb Route (via Ramanashram to Skandashram/Virupaksha Cave),12.232978692237879,79.07057879470095,17,0,0,2,Medium,High,High,Medium,55.6,Medium
Hill Climb Route (via Ramanashram to Skandashram/Virupaksha Cave),12.233483043460232,79.06792405525849,10,0,0,4,High,Medium,High,Medium,52.3,Medium
Hill Climb Route (via Ramanashram to Skandashram/Virupaksha Cave),12.234908790553023,79.06978238066985,20,0,0,1,High,Medium,Medium,Medium,29.8,Low
Hill Climb Route (via Ramanashram to Skandashram/Virupaksha Cave),12.235295196622397,79.06705385807166,8,0,0,2,High,Low,High,Medium,35.3,Medium
Hill Climb Route (via Ramanashram to Skandashram/Virupaksha Cave),12.234607765256527,79.06939909001663,23,0,0,2,Medium,Medium,Medium,Medium,61.8,Medium
Hill Climb Route (via Ramanashram to Skandashram/Virupaksha Cave),12.235109000666451,79.06825857605162,10,0,0,1,Medium,Low,Medium,Medium,24.5,Low
Hill Climb Route (via Ramanashram to Skandashram/Virupaksha Cave),12.233194525485883,79.07050816754911,18,0,0,1,Medium,Medium,High,Medium,40.6,Medium
Hill Climb Route (via Ramanashram to Skandashram/Virupaksha Cave),12.23578979629351,79.06803087982239,23,0,0,1,Low,Low,Low,Medium,54.1,Medium
Hill Climb Route (via Ramanashram to Skandashram/Virupaksha Cave),12.234144448822134,79.06867014230095,12,0,0,2,High,Low,Medium,Medium,26.9,Low
Hill Climb Route (via Ramanashram to Skandashram/Virupaksha Cave),12.235995810341032,79.06897311043066,13,0,0,5,Low,Medium,High,Medium,79.6,High
Hill Climb Route (via Ramanashram to Skandashram/Virupaksha Cave),12.235525364201706,79.06912400727589,23,0,0,3,Medium,Medium,Medium,Medium,71.2,High
Hill Climb Route (via Ramanashram to Skandashram/Virupaksha Cave),12.233614060095613,79.06825211773213,12,0,0,2,High,Low,High,Medium,34.8,Medium
Hill Climb Route (via Ramanashram to Skandashram/Virupaksha Cave),12.234939832704965,79.06813616648932,18,0,1,2,Medium,Medium,High,Medium,36.3,Medium
Hill Climb Route (via Ramanashram to Skandashram/Virupaksha Cave),12.232792233415388,79.06778212431509,22,0,0,2,High,Medium,Low,Medium,53.4,Medium
Hill Climb Route (via Ramanashram to Skandashram/Virupaksha Cave),12.232852759287045,79.07022459875823,13,0,0,0,Low,Low,High,Medium,39.9,Medium
Hill Climb Route (via Ramanashram to Skandashram/Virupaksha Cave),12.23582468955568,79.06814092718732,17,0,0,2,Medium,Medium,High,Medium,44.0,Medium
Hill Climb Route (via Ramanashram to Skandashram/Virupaksha Cave),12.232767754729048,79.07082143003818,8,0,0,2,Low,High,Medium,Medium,50.3,Medium
Hill Climb Route (via Ramanashram to Skandashram/Virupaksha Cave),12.234415255208816,79.06879086638868,21,0,0,1,High,Low,Low,Medium,16.3,Low
Hill Climb Route (via Ramanashram to Skandashram/Virupaksha Cave),12.233665229861074,79.06749222671074,3,0,0,0,Low,Medium,Medium,Medium,59.5,Medium
Hill Climb Route (via Ramanashram to Skandashram/Virupaksha Cave),12.235535807198927,79.06775209126349,4,0,0,0,Medium,High,Medium,Medium,62.0,Medium
Hill Climb Route (via Ramanashram to Skandashram/Virupaksha Cave),12.23342075806926,79.06843761683562,5,0,0,2,Low,Low,Medium,Medium,49.2,Medium
Hill Climb Route (via Ramanashram to Skandashram/Virupaksha Cave),12.235702159626863,79.06701119642649,20,0,0,1,Medium,High,Medium,Medium,41.7,Medium
Hill Climb Route (via Ramanashram to Skandashram/Virupaksha Cave),12.235893363199667,79.06741619333215,4,0,0,1,Medium,Low,Low,Medium,44.2,Medium
Hill Climb Route (via Ramanashram to Skandashram/Virupaksha Cave),12.233990703785839,79.06700956437165,18,0,1,1,Low,Low,Medium,Medium,35.9,Medium
Hill Climb Route (via Ramanashram to Skandashram/Virupaksha Cave),12.232543297922128,79.06704495423237,8,0,0,2,Low,Low,Medium,Medium,34.8,Medium
Hill Climb Route (via Ramanashram to Skandashram/Virupaksha Cave),12.232189141931784,79.07055906259193,20,0,1,1,Medium,Low,Low,Medium,27.6,Low
Hill Climb Route (via Ramanashram to Skandashram/Virupaksha Cave),12.235686560828462,79.07048538115475,11,1,0,1,Medium,Medium,Low,Medium,22.6,Low
Hill Climb Route (via Ramanashram to Skandashram/Virupaksha Cave),12.233861997832904,79.06758029516975,11,0,0,2,Medium,Medium,High,Medium,46.2,Medium
Hill Climb Route (via Ramanashram to Skandashram/Virupaksha Cave),12.23396382039386,79.06760873665789,19,0,1,3,Medium,Low,High,Medium,42.3,Medium
Hill Climb Route (via Ramanashram to Skandashram/Virupaksha Cave),12.232988665967422,79.07043570100952,21,0,0,1,High,Low,Low,Medium,21.2,Low
Hill Climb Route (via Ramanashram to Skandashram/Virupaksha Cave),12.23377726217129,79.06834642018406,15,0,0,1,Low,Medium,Medium,Medium,51.5,Medium
Hill Climb Route (via Ramanashram to Skandashram/Virupaksha Cave),12.234754993965941,79.07078932927058,21,0,0,3,High,Low,Low,Medium,33.6,Medium
Hill Climb Route (via Ramanashram to Skandashram/Virupaksha Cave),12.234408371633789,79.06777721395625,8,0,1,4,Medium,Medium,Medium,Medium,48.7,Medium
Hill Climb Route (via Ramanashram to Skandashram/Virupaksha Cave),12.232374231949287,79.06904694383744,20,0,0,0,Low,High,Medium,Medium,37.4,Medium
Hill Climb Route (via Ramanashram to Skandashram/Virupaksha Cave),12.235814939610659,79.06703983727867,9,0,1,1,Low,High,Low,Medium,52.2,Medium
Hill Climb Route (via Ramanashram to Skandashram/Virupaksha Cave),12.233017868425824,79.07019123028367,9,0,0,4,Low,High,High,Medium,76.8,High
Hill Climb Route (via Ramanashram to Skandashram/Virupaksha Cave),12.233083024460589,79.06757389019738,12,0,1,4,Low,Medium,Medium,Medium,68.5,Medium
Hill Climb Route (via Ramanashram to Skandashram/Virupaksha Cave),12.232521977875132,79.07034819530679,2,0,0,0,Medium,Medium,High,Medium,56.4,Medium
Hill Climb Route (via Ramanashram to Skandashram/Virupaksha Cave),12.234922488934032,79.06719959358198,17,1,0,4,Low,Medium,Low,Medium,62.3,Medium
Hill Climb Route (via Ramanashram to Skandashram/Virupaksha Cave),12.233910728789851,79.06860105703083,5,1,0,0,Low,Low,High,Medium,43.1,Medium
Hill Climb Route (via Ramanashram to Skandashram/Virupaksha Cave),12.235895761393545,79.06907705055326,15,0,0,1,Low,Low,Low,Medium,36.5,Medium
Hill Climb Route (via Ramanashram to Skandashram/Virupaksha Cave),12.23253989499315,79.06771968476934,10,0,0,1,Low,Medium,Medium,Medium,34.1,Medium
Hill Climb Route (via Ramanashram to Skandashram/Virupaksha Cave),12.232905391746339,79.06865737894142,4,0,0,1,High,Medium,Medium,Medium,56.1,Medium
Hill Climb Route (via Ramanashram to Skandashram/Virupaksha Cave),12.23265162972073,79.0680563812347,1,0,0,5,High,Low,Low,Medium,60.3,Medium
Hill Climb Route (via Ramanashram to Skandashram/Virupaksha Cave),12.233974091995726,79.06958115241362,16,0,0,3,High,Low,Low,Medium,40.1,Medium
Hill Climb Route (via Ramanashram to Skandashram/Virupaksha Cave),12.234939579158718,79.07016547587519,9,0,0,2,High,High,Medium,Medium,44.5,Medium
Hill Climb Route (via Ramanashram to Skandashram/Virupaksha Cave),12.232237681664252,79.07043857932346,16,0,1,1,Low,Low,Medium,Medium,39.7,Medium
Hill Climb Route (via Ramanashram to Skandashram/Virupaksha Cave),12.233962807389492,79.0707561467663,18,1,0,5,Low,Medium,Medium,Medium,70.1,High
Hill Climb Route (via Ramanashram to Skandashram/Virupaksha Cave),12.234770068418204,79.06805714647707,17,0,0,4,Low,Low,Medium,Medium,53.0,Medium
Hill Climb Route (via Ramanashram to Skandashram/Virupaksha Cave),12.233803570001323,79.06780315360925,1,0,0,1,Medium,Low,Medium,Medium,47.0,Medium
Hill Climb Route (via Ramanashram to Skandashram/Virupaksha Cave),12.233748894119058,79.06999175400804,20,0,1,3,Low,Low,Low,Medium,40.4,Medium
Hill Climb Route (via Ramanashram to Skandashram/Virupaksha Cave),12.233795950057281,79.0701033293324,6,0,0,0,Low,Low,High,Medium,40.7,Medium
Hill Climb Route (via Ramanashram to Skandashram/Virupaksha Cave),12.23400374416405,79.0686471211819,22,0,0,2,Low,Low,High,Medium,67.7,Medium
Hill Climb Route (via Ramanashram to Skandashram/Virupaksha Cave),12.232062368371537,79.06786075358134,15,0,0,3,Low,Low,Low,Medium,45.9,Medium
Hill Climb Route (via Ramanashram to Skandashram/Virupaksha Cave),12.235266485511062,79.06822690082905,10,0,0,3,High,Low,High,Medium,35.4,Medium
Hill Climb Route (via Ramanashram to Skandashram/Virupaksha Cave),12.232171306269185,79.06871864126768,10,0,0,2,High,Low,Medium,Medium,35.2,Medium
Hill Climb Route (via Ramanashram to Skandashram/Virupaksha Cave),12.232353563305347,79.07075092039102,10,0,0,1,Medium,Low,High,Medium,38.2,Medium
Hill Climb Route (via Ramanashram to Skandashram/Virupaksha Cave),12.234271980273459,79.0706641478571,0,0,0,1,Low,Medium,Low,Medium,56.7,Medium
Hill Climb Route (via Ramanashram to Skandashram/Virupaksha Cave),12.232712854470957,79.0676619686866,15,0,0,3,Low,Low,High,Medium,47.5,Medium
Hill Climb Route (via Ramanashram to Skandashram/Virupaksha Cave),12.235129483421192,79.07015076566557,1,0,0,6,Medium,Low,Medium,Medium,69.4,Medium
Hill Climb Route (via Ramanashram to Skandashram/Virupaksha Cave),12.234701551300525,79.06998846012972,18,0,1,1,High,Medium,Low,Medium,17.4,Low
Hill Climb Route (via Ramanashram to Skandashram/Virupaksha Cave),12.233548244378406,79.0671915796847,0,0,1,5,High,Low,Medium,Medium,59.5,Medium
Hill Climb Route (via Ramanashram to Skandashram/Virupaksha Cave),12.235612322763737,79.06936230722846,23,0,0,1,Medium,Medium,Medium,Medium,53.5,Medium
Hill Climb Route (via Ramanashram to Skandashram/Virupaksha Cave),12.233135834146411,79.07050911205529,4,0,0,1,Medium,Low,Medium,Medium,44.8,Medium
Hill Climb Route (via Ramanashram to Skandashram/Virupaksha Cave),12.235739527800785,79.06705131355379,3,0,0,2,High,Low,Low,Medium,48.2,Medium
Hill Climb Route (via Ramanashram to Skandashram/Virupaksha Cave),12.232972347821006,79.06923713132734,18,0,0,3,High,Medium,Medium,Medium,37.0,Medium
Hill Climb Route (via Ramanashram to Skandashram/Virupaksha Cave),12.235172120122526,79.06745474199089,20,0,0,0,High,Medium,High,Medium,29.6,Low
Hill Climb Route (via Ramanashram to Skandashram/Virupaksha Cave),12.233087806429209,79.07086275224914,19,0,0,2,Medium,Low,Medium,Medium,31.0,Medium
Hill Climb Route (via Ramanashram to Skandashram/Virupaksha Cave),12.233957653915699,79.0682628472784,23,0,0,0,Low,Medium,High,Medium,74.9,High
Hill Climb Route (via Ramanashram to Skandashram/Virupaksha Cave),12.232223269172023,79.0676199877067,3,0,0,1,Low,Low,High,Medium,56.6,Medium
Hill Climb Route (via Ramanashram to Skandashram/Virupaksha Cave),12.232758932769686,79.06949212681117,21,0,0,2,High,Medium,Low,Medium,24.3,Low
Hill Climb Route (via Ramanashram to Skandashram/Virupaksha Cave),12.233276413992192,79.06782211352542,11,0,1,1,Low,Low,Medium,Medium,39.0,Medium
Hill Climb Route (via Ramanashram to Skandashram/Virupaksha Cave),12.232733165187117,79.06918107896168,8,0,0,3,Medium,Low,Medium,Medium,29.8,Low
Hill Climb Route (via Ramanashram to Skandashram/Virupaksha Cave),12.235600890205738,79.06958903756328,16,0,0,3,High,Medium,High,Medium,44.3,Medium
Hill Climb Route (via Ramanashram to Skandashram/Virupaksha Cave),12.23351678599129,79.07089138217825,5,0,0,1,Medium,Medium,Medium,Medium,25.7,Low
Hill Climb Route (via Ramanashram to Skandashram/Virupaksha Cave),12.232001666855357,79.07073957505216,13,0,0,2,Medium,Low,Medium,Medium,43.2,Medium
Hill Climb Route (via Ramanashram to Skandashram/Virupaksha Cave),12.234591468357264,79.06770267219521,6,0,0,2,High,Medium,Low,Medium,35.9,Medium
Hill Climb Route (via Ramanashram to Skandashram/Virupaksha Cave),12.234461979877675,79.0689871399154,5,0,0,0,Low,Low,Low,Medium,22.7,Low
Hill Climb Route (via Ramanashram to Skandashram/Virupaksha Cave),12.234961899831239,79.0694618254887,3,0,0,2,Medium,Medium,High,Medium,62.9,Medium
Hill Climb Route (via Ramanashram to Skandashram/Virupaksha Cave),12.233833284509585,79.06778066663934,20,0,0,1,Low,Low,Low,Medium,20.0,Low
Hill Climb Route (via Ramanashram to Skandashram/Virupaksha Cave),12.235808535421718,79.06929736132689,7,0,0,2,Medium,Low,High,Medium,36.4,Medium
Hill Climb Route (via Ramanashram to Skandashram/Virupaksha Cave),12.234227733599322,79.06787957364054,6,0,0,3,High,Medium,Medium,Medium,41.8,Medium
Hill Climb Route (via Ramanashram to Skandashram/Virupaksha Cave),12.233665962954984,79.06868269404619,12,1,0,2,Low,Medium,Medium,Medium,53.8,Medium
Hill Climb Route (via Ramanashram to Skandashram/Virupaksha Cave),12.232814192830729,79.07031000043034,15,0,0,2,Low,Low,High,Medium,47.1,Medium
Hill Climb Route (via Ramanashram to Skandashram/Virupaksha Cave),12.234170590381025,79.06715080727146,21,0,0,6,Low,Low,High,Medium,63.7,Medium
Hill Climb Route (via Ramanashram to Skandashram/Virupaksha Cave),12.235749365730047,79.06749601569429,18,0,0,2,High,Medium,Medium,Medium,45.7,Medium
Hill Climb Route (via Ramanashram to Skandashram/Virupaksha Cave),12.23420651167841,79.0677527865991,8,0,0,5,High,Medium,High,Medium,62.0,Medium
Hill Climb Route (via Ramanashram to Skandashram/Virupaksha Cave),12.233135890901016,79.06993163952176,19,0,1,1,Low,High,Medium,Medium,57.5,Medium
Hill Climb Route (via Ramanashram to Skandashram/Virupaksha Cave),12.23464253190228,79.07059109757127,6,0,1,0,High,Low,Medium,Medium,19.8,Low
Hill Climb Route (via Ramanashram to Skandashram/Virupaksha Cave),12.233984938308971,79.06950381764901,2,0,0,3,High,Low,Low,Medium,51.7,Medium
Hill Climb Route (via Ramanashram to Skandashram/Virupaksha Cave),12.23262872742487,79.06712580349135,8,0,0,3,Medium,Medium,Low,Medium,39.9,Medium
Hill Climb Route (via Ramanashram to Skandashram/Virupaksha Cave),12.23446848713452,79.06777084597103,18,0,0,2,Low,Medium,Medium,Medium,50.1,Medium
Hill Climb Route (via Ramanashram to Skandashram/Virupaksha Cave),12.234711094192832,79.07011915141311,1,0,0,1,Low,High,High,Medium,74.1,High
Hill Climb Route (via Ramanashram to Skandashram/Virupaksha Cave),12.23575419090736,79.0686142125049,23,0,0,2,Medium,Low,Medium,Medium,48.3,Medium
Hill Climb Route (via Ramanashram to Skandashram/Virupaksha Cave),12.233015288349447,79.0695234973809,16,0,0,4,Low,Medium,Medium,Medium,68.2,Medium
Hill Climb Route (via Ramanashram to Skandashram/Virupaksha Cave),12.234137351908327,79.06791120458958,15,0,1,1,Medium,High,Medium,Medium,47.7,Medium
Hill Climb Route (via Ramanashram to Skandashram/Virupaksha Cave),12.233224133195126,79.06770694516368,4,0,0,3,Medium,Medium,High,Medium,62.0,Medium
Hill Climb Route (via Ramanashram to Skandashram/Virupaksha Cave),12.235483337121241,79.07002832705982,12,0,0,2,Medium,Medium,High,Medium,43.5,Medium
Hill Climb Route (via Ramanashram to Skandashram/Virupaksha Cave),12.232248354733628,79.06808624136995,4,0,0,2,Medium,Low,Medium,Medium,57.2,Medium
Hill Climb Route (via Ramanashram to Skandashram/Virupaksha Cave),12.232938939846013,79.0674951984633,22,0,0,0,Medium,Low,Medium,Medium,47.0,Medium
Hill Climb Route (via Ramanashram to Skandashram/Virupaksha Cave),12.232793206258998,79.06901433402167,11,0,0,0,Low,Low,Low,Medium,32.2,Medium
Hill Climb Route (via Ramanashram to Skandashram/Virupaksha Cave),12.233816078704614,79.06862215682261,17,0,0,4,Medium,Low,Low,Medium,50.1,Medium
Hill Climb Route (via Ramanashram to Skandashram/Virupaksha Cave),12.234841039706822,79.07070843377802,15,0,1,3,High,Low,High,Medium,36.1,Medium
Hill Climb Route (via Ramanashram to Skandashram/Virupaksha Cave),12.2325704006823,79.0679519158945,16,0,0,0,Low,Medium,Medium,Medium,43.7,Medium
Hill Climb Route (via Ramanashram to Skandashram/Virupaksha Cave),12.232415697140409,79.0687024216863,8,0,0,0,Low,Medium,Medium,Medium,34.4,Medium
Hill Climb Route (via Ramanashram to Skandashram/Virupaksha Cave),12.235444925402101,79.06932708433474,17,0,0,2,Medium,Low,Medium,Medium,34.3,Medium
Hill Climb Route (via Ramanashram to Skandashram/Virupaksha Cave),12.234763050138586,79.06736724703288,0,0,0,1,Low,Medium,Medium,Medium,73.9,High
Hill Climb Route (via Ramanashram to Skandashram/Virupaksha Cave),12.235044901380686,79.06980980113924,9,0,0,5,Medium,Medium,High,Medium,60.5,Medium
Hill Climb Route (via Ramanashram to Skandashram/Virupaksha Cave),12.234024042598834,79.06724322756077,23,0,0,5,Low,Low,Low,Medium,67.7,Medium
Hill Climb Route (via Ramanashram to Skandashram/Virupaksha Cave),12.234585797019484,79.07052390513051,13,0,0,2,High,Low,Low,Medium,22.0,Low
Hill Climb Route (via Ramanashram to Skandashram/Virupaksha Cave),12.233314444855901,79.06903108601958,6,0,0,2,Low,Low,Medium,Medium,39.7,Medium
Hill Climb Route (via Ramanashram to Skandashram/Virupaksha Cave),12.23325969140577,79.06748280371752,10,0,0,3,Medium,Low,Low,Medium,26.0,Low
Hill Climb Route (via Ramanashram to Skandashram/Virupaksha Cave),12.2356431454264,79.06899300308262,12,0,0,2,Medium,Medium,Low,Medium,37.9,Medium
Hill Climb Route (via Ramanashram to Skandashram/Virupaksha Cave),12.232131477150997,79.06942144624517,7,0,0,2,Medium,Medium,Medium,Medium,41.9,Medium
Hill Climb Route (via Ramanashram to Skandashram/Virupaksha Cave),12.23555992586017,79.0698414675029,0,0,0,1,Medium,Medium,High,Medium,64.3,Medium
Hill Climb Route (via Ramanashram to Skandashram/Virupaksha Cave),12.235353049951476,79.06872328990636,11,0,0,0,Low,High,High,Medium,51.3,Medium
Hill Climb Route (via Ramanashram to Skandashram/Virupaksha Cave),12.235158987098101,79.06775654193964,23,0,0,5,Medium,Medium,Medium,Medium,76.6,High
Hill Climb Route (via Ramanashram to Skandashram/Virupaksha Cave),12.233312262767283,79.07004458301363,16,0,1,2,Low,Medium,Medium,Medium,47.3,Medium
Hill Climb Route (via Ramanashram to Skandashram/Virupaksha Cave),12.232428584076802,79.0694031538868,12,0,0,4,Low,Low,High,Medium,61.9,Medium
Hill Climb Route (via Ramanashram to Skandashram/Virupaksha Cave),12.232025114136581,79.06907046107824,7,0,0,3,Medium,Low,Medium,Medium,42.5,Medium
Hill Climb Route (via Ramanashram to Skandashram/Virupaksha Cave),12.232910250922016,79.06791487719904,5,0,0,2,Low,Medium,High,Medium,59.2,Medium
Hill Climb Route (via Ramanashram to Skandashram/Virupaksha Cave),12.23546866742658,79.07076207660741,8,0,1,2,Medium,Low,High,Medium,40.6,Medium
Hill Climb Route (via Ramanashram to Skandashram/Virupaksha Cave),12.23579116822074,79.0675940255935,17,0,0,2,Medium,Low,High,Medium,44.5,Medium
Hill Climb Route (via Ramanashram to Skandashram/Virupaksha Cave),12.233198098151263,79.06925329448401,15,0,0,2,High,Low,Low,Medium,29.5,Low
Hill Climb Route (via Ramanashram to Skandashram/Virupaksha Cave),12.234752434427778,79.06975368823379,3,0,0,1,High,High,Medium,Medium,60.9,Medium
Hill Climb Route (via Ramanashram to Skandashram/Virupaksha Cave),12.23450612891481,79.07095112348816,4,0,1,3,Medium,Medium,Low,Medium,65.2,Medium
Hill Climb Route (via Ramanashram to Skandashram/Virupaksha Cave),12.235921602145341,79.06982224258493,22,0,0,4,Low,Low,Medium,Medium,76.8,High
Hill Climb Route (via Ramanashram to Skandashram/Virupaksha Cave),12.235429576042737,79.06961158424488,0,0,0,1,High,Low,Low,Medium,38.2,Medium
Hill Climb Route (via Ramanashram to Skandashram/Virupaksha Cave),12.233982509632831,79.06910251954335,3,0,0,1,Low,Medium,Low,Medium,59.9,Medium
Hill Climb Route (via Ramanashram to Skandashram/Virupaksha Cave),12.234337251655385,79.07068353953927,3,0,0,2,Medium,High,Low,Medium,68.4,Medium
Hill Climb Route (via Ramanashram to Skandashram/Virupaksha Cave),12.23278617887679,79.06842821230022,6,0,0,2,High,Medium,Low,Medium,32.6,Medium
Hill Climb Route (via Ramanashram to Skandashram/Virupaksha Cave),12.233903936141628,79.06903343914816,10,0,0,0,High,Low,High,Medium,18.4,Low
Hill Climb Route (via Ramanashram to Skandashram/Virupaksha Cave),12.232847515716346,79.06825716756524,21,0,0,2,Low,Low,Medium,Medium,45.3,Medium
Hill Climb Route (via Ramanashram to Skandashram/Virupaksha Cave),12.23460371411617,79.06882151603871,17,0,0,1,High,Medium,Low,Medium,24.1,Low
Hill Climb Route (via Ramanashram to Skandashram/Virupaksha Cave),12.232659953151567,79.06898902350142,5,0,0,1,Medium,Medium,Medium,Medium,38.5,Medium
Hill Climb Route (via Ramanashram to Skandashram/Virupaksha Cave),12.23272421654134,79.06809683846701,18,0,0,2,Low,Low,Medium,Medium,42.5,Medium
Hill Climb Route (via Ramanashram to Skandashram/Virupaksha Cave),12.232509519211636,79.06722576079153,3,0,0,1,Low,Low,Medium,Medium,55.9,Medium
Hill Climb Route (via Ramanashram to Skandashram/Virupaksha Cave),12.232864928027555,79.0699682035574,7,0,0,4,High,Medium,High,Medium,46.9,Medium
Hill Climb Route (via Ramanashram to Skandashram/Virupaksha Cave),12.232540039848157,79.07052033383776,18,0,0,4,Medium,High,Medium,Medium,59.4,Medium
Hill Climb Route (via Ramanashram to Skandashram/Virupaksha Cave),12.233703181562975,79.07048354960232,5,0,0,0,High,Low,High,Medium,25.4,Low
Hill Climb Route (via Ramanashram to Skandashram/Virupaksha Cave),12.23314107393258,79.06915956116819,15,0,0,1,Medium,Low,High,Medium,36.0,Medium
Hill Climb Route (via Ramanashram to Skandashram/Virupaksha Cave),12.23299125309185,79.07020493517467,12,0,0,0,Low,Low,High,Medium,36.0,Medium
Hill Climb Route (via Ramanashram to Skandashram/Virupaksha Cave),12.232416045604959,79.06801821327221,8,0,0,2,Medium,Low,Medium,Medium,29.7,Low
Hill Climb Route (via Ramanashram to Skandashram/Virupaksha Cave),12.232189882706567,79.06928533662962,10,0,0,0,Medium,High,Medium,Medium,34.8,Medium
Hill Climb Route (via Ramanashram to Skandashram/Virupaksha Cave),12.232635313333164,79.06723158536492,12,0,0,2,Medium,Medium,High,Medium,52.9,Medium
Hill Climb Route (via Ramanashram to Skandashram/Virupaksha Cave),12.233547771153587,79.06907286462581,6,0,0,2,Medium,Low,Low,Medium,24.3,Low
Hill Climb Route (via Ramanashram to Skandashram/Virupaksha Cave),12.232138569396335,79.06789049475542,5,0,1,1,High,Low,Medium,Medium,15.1,Low
Hill Climb Route (via Ramanashram to Skandashram/Virupaksha Cave),12.2347423214802,79.06760152449444,7,0,0,2,Low,Low,High,Medium,41.3,Medium
Hill Climb Route (via Ramanashram to Skandashram/Virupaksha Cave),12.233480395779713,79.06782493764793,6,0,0,1,Medium,Medium,High,Medium,41.5,Medium
Hill Climb Route (via Ramanashram to Skandashram/Virupaksha Cave),12.235550912947996,79.06828674162746,11,0,1,0,High,Low,Low,Medium,9.7,Low
Hill Climb Route (via Ramanashram to Skandashram/Virupaksha Cave),12.233621653996487,79.06844317122723,14,0,0,2,High,Medium,Low,Medium,29.8,Low
Hill Climb Route (via Ramanashram to Skandashram/Virupaksha Cave),12.23593939365829,79.06874348448665,2,0,0,0,Medium,Low,Low,Medium,37.0,Medium
Hill Climb Route (via Ramanashram to Skandashram/Virupaksha Cave),12.233339864042227,79.06944931292495,2,0,0,1,High,Medium,High,Medium,53.4,Medium
Hill Climb Route (via Ramanashram to Skandashram/Virupaksha Cave),12.23221436621763,79.06710842557177,21,0,0,4,High,Low,Medium,Medium,34.1,Medium
Hill Climb Route (via Ramanashram to Skandashram/Virupaksha Cave),12.23598881785419,79.06971442699762,14,0,1,3,Medium,Medium,Medium,Medium,49.6,Medium
Hill Climb Route (via Ramanashram to Skandashram/Virupaksha Cave),12.232254078801507,79.06844399297744,13,0,0,3,High,Low,Medium,Medium,28.4,Low
Hill Climb Route (via Ramanashram to Skandashram/Virupaksha Cave),12.234830588748022,79.06891784936374,2,0,0,3,High,Low,Medium,Medium,49.2,Medium
Hill Climb Route (via Ramanashram to Skandashram/Virupaksha Cave),12.233907533294298,79.06873959526094,12,1,0,1,Medium,Low,Medium,Medium,29.4,Low
Hill Climb Route (via Ramanashram to Skandashram/Virupaksha Cave),12.233540818445496,79.07095634922318,15,0,0,2,High,Medium,Medium,Medium,49.9,Medium
Hill Climb Route (via Ramanashram to Skandashram/Virupaksha Cave),12.232490417140996,79.06734937869773,13,0,1,0,Low,High,High,Medium,54.5,Medium
Hill Climb Route (via Ramanashram to Skandashram/Virupaksha Cave),12.235786412615827,79.06747543357604,21,0,0,1,High,Low,Medium,Medium,27.9,Low
Hill Climb Route (via Ramanashram to Skandashram/Virupaksha Cave),12.233340902424876,79.06738633728664,11,0,0,4,High,Low,Low,Medium,43.1,Medium
Hill Climb Route (via Ramanashram to Skandashram/Virupaksha Cave),12.235109351906775,79.06765251311269,11,0,1,1,Medium,Low,Low,Medium,15.4,Low
Hill Climb Route (via Ramanashram to Skandashram/Virupaksha Cave),12.232134237637135,79.06868004075372,15,0,1,1,Low,Low,High,Medium,45.8,Medium
Hill Climb Route (via Ramanashram to Skandashram/Virupaksha Cave),12.235034483562764,79.07054566336369,21,0,1,1,Medium,Low,Medium,Medium,24.5,Low
Hill Climb Route (via Ramanashram to Skandashram/Virupaksha Cave),12.23266252540723,79.06907468725358,22,0,0,2,Low,Low,Medium,Medium,66.8,Medium
Hill Climb Route (via Ramanashram to Skandashram/Virupaksha Cave),12.23324370048868,79.07047317323263,10,0,0,1,Medium,Low,Medium,Medium,28.5,Low
Hill Climb Route (via Ramanashram to Skandashram/Virupaksha Cave),12.235451694214408,79.06704822198444,23,0,0,1,Low,Low,Low,Medium,55.8,Medium
Hill Climb Route (via Ramanashram to Skandashram/Virupaksha Cave),12.235361147182818,79.07085683228786,0,0,0,0,Medium,High,Low,Medium,49.5,Medium
Hill Climb Route (via Ramanashram to Skandashram/Virupaksha Cave),12.233972974979936,79.06870534914674,11,0,0,1,Medium,Medium,Medium,Medium,36.7,Medium
Hill Climb Route (via Ramanashram to Skandashram/Virupaksha Cave),12.232983271088425,79.07024493970792,8,0,0,0,Low,Low,High,Medium,37.0,Medium
Hill Climb Route (via Ramanashram to Skandashram/Virupaksha Cave),12.235432800917685,79.06802936907268,22,0,0,1,Medium,Low,High,Medium,46.8,Medium
Hill Climb Route (via Ramanashram to Skandashram/Virupaksha Cave),12.232503922325094,79.07049121982642,21,0,0,1,Low,Low,Medium,Medium,37.9,Medium
Hill Climb Route (via Ramanashram to Skandashram/Virupaksha Cave),12.23272261760326,79.07023146313504,12,0,0,1,High,Low,Medium,Medium,16.8,Low
Hill Climb Route (via Ramanashram to Skandashram/Virupaksha Cave),12.23416259541567,79.0700307118198,4,0,1,1,Medium,Low,Medium,Medium,55.9,Medium
Hill Climb Route (via Ramanashram to Skandashram/Virupaksha Cave),12.233355039147249,79.06978552394389,15,0,0,3,Low,Medium,Low,Medium,48.1,Medium
Hill Climb Route (via Ramanashram to Skandashram/Virupaksha Cave),12.2347477670194,79.0695119007843,8,0,0,2,Medium,High,Low,Medium,43.2,Medium
Hill Climb Route (via Ramanashram to Skandashram/Virupaksha Cave),12.23544085988135,79.07092207711027,0,0,0,1,Medium,Low,Low,Medium,42.1,Medium
Hill Climb Route (via Ramanashram to Skandashram/Virupaksha Cave),12.232545899572884,79.06931297126604,22,1,0,1,Low,Medium,High,Medium,67.1,Medium
Hill Climb Route (via Ramanashram to Skandashram/Virupaksha Cave),12.233099732952981,79.07011925431789,18,0,0,1,Medium,Medium,Medium,Medium,34.6,Medium
Hill Climb Route (via Ramanashram to Skandashram/Virupaksha Cave),12.235474339446876,79.0703794009049,19,1,0,1,High,Medium,Medium,Medium,38.2,Medium
Hill Climb Route (via Ramanashram to Skandashram/Virupaksha Cave),12.235027736406131,79.07080053429836,11,1,1,5,Low,Low,Medium,Medium,64.4,Medium
Hill Climb Route (via Ramanashram to Skandashram/Virupaksha Cave),12.234219383634032,79.06832582349773,21,0,1,2,Medium,Low,Low,Medium,25.0,Low
Hill Climb Route (via Ramanashram to Skandashram/Virupaksha Cave),12.235694184354822,79.0696085123496,14,0,0,1,Low,Low,Low,Medium,32.6,Medium
Hill Climb Route (via Ramanashram to Skandashram/Virupaksha Cave),12.232142522797627,79.0695611679207,10,0,0,5,Medium,Medium,Medium,Medium,55.0,Medium
Hill Climb Route (via Ramanashram to Skandashram/Virupaksha Cave),12.235963822422427,79.0676435275969,17,0,0,0,Low,Medium,Low,Medium,36.6,Medium
Hill Climb Route (via Ramanashram to Skandashram/Virupaksha Cave),12.233063690925643,79.07014184097113,21,0,0,6,Medium,Low,Medium,Medium,53.3,Medium
Hill Climb Route (via Ramanashram to Skandashram/Virupaksha Cave),12.235032153459908,79.06861863282525,4,0,0,0,Low,Low,Medium,Medium,62.8,Medium
Hill Climb Route (via Ramanashram to Skandashram/Virupaksha Cave),12.23449049250466,79.06942171696222,15,0,1,2,Low,Low,High,Medium,37.3,Medium
Hill Climb Route (via Ramanashram to Skandashram/Virupaksha Cave),12.232973790608046,79.07055251599581,13,0,0,2,High,Low,Low,Medium,25.5,Low
Hill Climb Route (via Ramanashram to Skandashram/Virupaksha Cave),12.233934471229958,79.06790345750677,20,0,0,4,Medium,Low,Low,Medium,38.3,Medium
Hill Climb Route (via Ramanashram to Skandashram/Virupaksha Cave),12.23421013985856,79.069553949913,17,0,0,3,Medium,Low,High,Medium,38.8,Medium
Hill Climb Route (via Ramanashram to Skandashram/Virupaksha Cave),12.233968174746721,79.06886383580145,23,0,1,3,Medium,Low,Low,Medium,53.5,Medium
Hill Climb Route (via Ramanashram to Skandashram/Virupaksha Cave),12.234377414588154,79.07012752798927,18,0,0,3,Medium,Low,Low,Medium,30.5,Medium
Hill Climb Route (via Ramanashram to Skandashram/Virupaksha Cave),12.235332492531157,79.06843180863758,7,0,0,4,Low,Low,Low,Medium,48.0,Medium
Hill Climb Route (via Ramanashram to Skandashram/Virupaksha Cave),12.233312567627744,79.06820693263094,14,0,0,2,High,Low,High,Medium,31.4,Medium
Hill Climb Route (via Ramanashram to Skandashram/Virupaksha Cave),12.233741164643625,79.06885774266027,11,0,0,3,Medium,Low,Low,Medium,45.9,Medium
Hill Climb Route (via Ramanashram to Skandashram/Virupaksha Cave),12.23352166619848,79.06985396038958,1,0,0,1,High,High,Medium,Medium,69.8,Medium
Hill Climb Route (via Ramanashram to Skandashram/Virupaksha Cave),12.232343550072684,79.06765263345943,4,0,0,1,Medium,Low,High,Medium,62.1,Medium
Hill Climb Route (via Ramanashram to Skandashram/Virupaksha Cave),12.234070188719953,79.0701855007772,21,0,0,1,Low,Medium,Low,Medium,35.6,Medium
Hill Climb Route (via Ramanashram to Skandashram/Virupaksha Cave),12.23331860001383,79.07011181839101,19,0,0,0,Medium,Low,Medium,Medium,21.5,Low
Hill Climb Route (via Ramanashram to Skandashram/Virupaksha Cave),12.233909619466726,79.06741963455438,6,0,0,2,Low,Low,Medium,Medium,42.8,Medium
Hill Climb Route (via Ramanashram to Skandashram/Virupaksha Cave),12.23472089721454,79.06936702733718,12,1,0,3,Medium,Medium,Medium,Medium,42.0,Medium
Hill Climb Route (via Ramanashram to Skandashram/Virupaksha Cave),12.234565066022512,79.0680516390746,11,0,0,2,Low,Low,Medium,Medium,34.9,Medium
Hill Climb Route (via Ramanashram to Skandashram/Virupaksha Cave),12.235518808687631,79.07028422450891,14,0,0,1,High,Medium,Medium,Medium,28.2,Low
Hill Climb Route (via Ramanashram to Skandashram/Virupaksha Cave),12.23397052988237,79.06839836164096,12,1,0,2,Medium,High,Medium,Medium,48.1,Medium
Hill Climb Route (via Ramanashram to Skandashram/Virupaksha Cave),12.234051876577936,79.06769854606063,23,0,0,1,Low,Medium,Medium,Medium,73.9,High
Hill Climb Route (via Ramanashram to Skandashram/Virupaksha Cave),12.233776845634557,79.06970389966966,9,0,0,1,Medium,Low,Low,Medium,32.6,Medium
Hill Climb Route (via Ramanashram to Skandashram/Virupaksha Cave),12.23480952221389,79.06827211287757,22,0,0,1,High,Low,Medium,Medium,39.5,Medium
Hill Climb Route (via Ramanashram to Skandashram/Virupaksha Cave),12.235313888040103,79.06956843414547,21,0,1,3,Low,Medium,Medium,Medium,54.1,Medium
Hill Climb Route (via Ramanashram to Skandashram/Virupaksha Cave),12.233623426164337,79.06834478949008,8,0,0,4,Low,Low,High,Medium,54.1,Medium
Hill Climb Route (via Ramanashram to Skandashram/Virupaksha Cave),12.232684806996277,79.07058245494972,5,0,0,2,Low,Low,Medium,Medium,47.7,Medium
Hill Climb Route (via Ramanashram to Skandashram/Virupaksha Cave),12.234432868729193,79.06911191141326,4,0,0,1,Medium,Low,Low,Medium,43.5,Medium
Hill Climb Route (via Ramanashram to Skandashram/Virupaksha Cave),12.233384322506575,79.06849518666036,12,0,0,1,Low,Medium,Medium,Medium,37.5,Medium
Hill Climb Route (via Ramanashram to Skandashram/Virupaksha Cave),12.234335919407542,79.0674219381154,5,0,0,4,High,Low,Medium,Medium,36.6,Medium
Hill Climb Route (via Ramanashram to Skandashram/Virupaksha Cave),12.23497658302108,79.06940771937701,15,0,0,3,Medium,Low,Medium,Medium,40.4,Medium
Hill Climb Route (via Ramanashram to Skandashram/Virupaksha Cave),12.234865634081004,79.06972946677429,1,0,0,1,Medium,Medium,High,Medium,63.5,Medium
Hill Climb Route (via Ramanashram to Skandashram/Virupaksha Cave),12.23534937558312,79.068192299922,3,0,0,0,Low,Low,Medium,Medium,45.6,Medium
Hill Climb Route (via Ramanashram to Skandashram/Virupaksha Cave),12.233093904585132,79.07034331246257,2,0,0,1,Medium,Low,Low,Medium,45.0,Medium
Hill Climb Route (via Ramanashram to Skandashram/Virupaksha Cave),12.233217090313419,79.06792863542086,21,0,0,1,Medium,Medium,Medium,Medium,39.4,Medium
Hill Climb Route (via Ramanashram to Skandashram/Virupaksha Cave),12.232823401718715,79.06735199723612,20,0,1,0,Medium,Medium,Low,Medium,26.4,Low
Hill Climb Route (via Ramanashram to Skandashram/Virupaksha Cave),12.232404831996746,79.06894739185113,17,0,0,2,Medium,Low,Medium,Medium,31.2,Medium
Hill Climb Route (via Ramanashram to Skandashram/Virupaksha Cave),12.232171710463705,79.06833229149008,6,0,1,1,Medium,Medium,Low,Medium,30.1,Medium
Hill Climb Route (via Ramanashram to Skandashram/Virupaksha Cave),12.2350559120796,79.06912163116482,3,1,0,2,Medium,Low,Medium,Medium,55.2,Medium
Hill Climb Route (via Ramanashram to Skandashram/Virupaksha Cave),12.232932137325076,79.06993991653755,19,0,0,3,Medium,Low,Medium,Medium,39.9,Medium
Hill Climb Route (via Ramanashram to Skandashram/Virupaksha Cave),12.232296111096055,79.06766548913518,21,1,0,1,Low,Low,High,Medium,40.0,Medium
Hill Climb Route (via Ramanashram to Skandashram/Virupaksha Cave),12.234968710432911,79.06895969457253,1,0,0,1,Medium,Medium,Medium,Medium,53.6,Medium
Hill Climb Route (via Ramanashram to Skandashram/Virupaksha Cave),12.232203806830114,79.06757486835365,1,0,0,1,Low,Low,Low,Medium,49.1,Medium
Hill Climb Route (via Ramanashram to Skandashram/Virupaksha Cave),12.233348587638512,79.06706704242056,17,0,0,2,High,Low,Medium,Medium,18.7,Low
Hill Climb Route (via Ramanashram to Skandashram/Virupaksha Cave),12.234977230548003,79.06993205718783,2,0,0,3,Medium,Low,Medium,Medium,57.4,Medium
Hill Climb Route (via Ramanashram to Skandashram/Virupaksha Cave),12.235626802098428,79.07049532049717,19,0,0,3,Low,Medium,High,Medium,68.8,Medium
Hill Climb Route (via Ramanashram to Skandashram/Virupaksha Cave),12.235922477986808,79.07052500426292,23,0,1,2,Low,High,Medium,Medium,77.1,High
Hill Climb Route (via Ramanashram to Skandashram/Virupaksha Cave),12.234689485491227,79.07063935812924,13,0,0,2,Medium,High,High,Medium,49.6,Medium
Hill Climb Route (via Ramanashram to Skandashram/Virupaksha Cave),12.23203123507941,79.06826494412623,21,0,0,2,High,Low,Medium,Medium,30.2,Medium
Hill Climb Route (via Ramanashram to Skandashram/Virupaksha Cave),12.234514513231156,79.0702729209989,5,0,0,2,Low,High,High,Medium,50.6,Medium
Hill Climb Route (via Ramanashram to Skandashram/Virupaksha Cave),12.232544453305518,79.06844166571254,18,0,0,0,High,Low,High,Medium,20.1,Low
Hill Climb Route (via Ramanashram to Skandashram/Virupaksha Cave),12.232328944748794,79.06717146531057,20,0,1,4,High,Low,High,Medium,49.2,Medium
Hill Climb Route (via Ramanashram to Skandashram/Virupaksha Cave),12.232968059843236,79.0691751461962,4,0,0,2,Medium,Low,Medium,Medium,55.1,Medium
Hill Climb Route (via Ramanashram to Skandashram/Virupaksha Cave),12.235179149088717,79.07065976727017,18,0,0,2,High,Medium,Low,Medium,33.2,Medium
Hill Climb Route (via Ramanashram to Skandashram/Virupaksha Cave),12.235627787921235,79.06742025005208,18,0,0,4,Low,Low,Medium,Medium,51.6,Medium
Hill Climb Route (via Ramanashram to Skandashram/Virupaksha Cave),12.232906356090444,79.06857297188499,13,0,0,1,Medium,High,Low,Medium,50.4,Medium
Hill Climb Route (via Ramanashram to Skandashram/Virupaksha Cave),12.234753425680632,79.06922450731405,9,0,0,2,High,Low,Low,Medium,24.9,Low
Hill Climb Route (via Ramanashram to Skandashram/Virupaksha Cave),12.23523125794134,79.06786944003146,6,0,0,2,Low,Low,Medium,Medium,47.5,Medium
Hill Climb Route (via Ramanashram to Skandashram/Virupaksha Cave),12.233503504538264,79.06955974269587,15,0,0,0,High,Low,Low,Medium,16.6,Low
Hill Climb Route (via Ramanashram to Skandashram/Virupaksha Cave),12.234391682722649,79.06885777484443,16,0,0,5,Low,High,Low,Medium,70.7,High
Hill Climb Route (via Ramanashram to Skandashram/Virupaksha Cave),12.232303207460062,79.06989798221372,10,0,1,3,High,Low,Medium,Medium,40.3,Medium
Hill Climb Route (via Ramanashram to Skandashram/Virupaksha Cave),12.235344430079861,79.06842982714811,17,0,0,1,Low,Low,High,Medium,45.5,Medium
Hill Climb Route (via Ramanashram to Skandashram/Virupaksha Cave),12.232297358390515,79.07020005416676,1,0,0,2,Low,Medium,Medium,Medium,78.1,High
Hill Climb Route (via Ramanashram to Skandashram/Virupaksha Cave),12.234971911823834,79.07098466101026,1,0,0,1,Low,Low,High,Medium,62.8,Medium
Hill Climb Route (via Ramanashram to Skandashram/Virupaksha Cave),12.233646200759466,79.07075354755911,18,0,0,0,Low,Medium,Medium,Medium,34.9,Medium
Hill Climb Route (via Ramanashram to Skandashram/Virupaksha Cave),12.232517237182707,79.06897434302134,13,0,0,2,High,Medium,Medium,Medium,36.1,Medium
Hill Climb Route (via Ramanashram to Skandashram/Virupaksha Cave),12.234469971060358,79.0683035041856,17,0,0,5,Medium,Low,High,Medium,52.8,Medium
Hill Climb Route (via Ramanashram to Skandashram/Virupaksha Cave),12.235510328033273,79.067038450788,16,0,0,0,Medium,Low,High,Medium,15.1,Low
Hill Climb Route (via Ramanashram to Skandashram/Virupaksha Cave),12.232509081881355,79.07058974941776,20,0,0,2,High,Medium,Medium,Medium,27.3,Low
Hill Climb Route (via Ramanashram to Skandashram/Virupaksha Cave),12.232541548467534,79.07055588374776,1,0,0,2,Medium,Low,High,Medium,61.4,Medium
Hill Climb Route (via Ramanashram to Skandashram/Virupaksha Cave),12.232661772534922,79.06894357686859,9,0,0,6,Medium,Low,Low,Medium,39.8,Medium
Hill Climb Route (via Ramanashram to Skandashram/Virupaksha Cave),12.233487851821273,79.0683724566522,7,1,0,1,High,High,High,Medium,43.5,Medium
Inner Girivalam Path / Forest Tract (Restricted),12.240589705114822,79.08488314400611,21,0,0,4,High,Low,Low,High,47.5,Medium
Inner Girivalam Path / Forest Tract (Restricted),12.241246956426764,79.08483337355327,10,0,0,3,Medium,Low,High,High,59.3,Medium
Inner Girivalam Path / Forest Tract (Restricted),12.238242197989093,79.08608606043587,9,0,0,7,Medium,Medium,Medium,High,77.3,High
Inner Girivalam Path / Forest Tract (Restricted),12.241593976778427,79.08561572520685,7,0,0,3,Medium,Medium,Low,High,58.7,Medium
Inner Girivalam Path / Forest Tract (Restricted),12.241180342583721,79.0836699409132,16,0,0,6,Medium,Low,Low,High,61.6,Medium
Inner Girivalam Path / Forest Tract (Restricted),12.239118828331337,79.08670260386596,18,0,0,8,Medium,Medium,High,High,73.3,High
Inner Girivalam Path / Forest Tract (Restricted),12.240742443986306,79.08396265922906,18,0,0,2,Medium,Low,Medium,High,39.0,Medium
Inner Girivalam Path / Forest Tract (Restricted),12.24070538166397,79.08418037690308,9,0,0,3,Low,Low,Medium,High,58.7,Medium
Inner Girivalam Path / Forest Tract (Restricted),12.241534163126698,79.086174998415,11,0,0,2,Low,Low,Low,High,54.1,Medium
Inner Girivalam Path / Forest Tract (Restricted),12.241584044698216,79.08451280338949,23,0,1,6,High,Low,Medium,High,89.8,High
Inner Girivalam Path / Forest Tract (Restricted),12.23912011304025,79.08634632344345,4,0,0,0,Medium,Low,Low,High,59.4,Medium
Inner Girivalam Path / Forest Tract (Restricted),12.238598179394373,79.08461002894306,1,0,0,5,Low,Low,Low,High,91.8,High
Inner Girivalam Path / Forest Tract (Restricted),12.241190610110674,79.08536542801923,14,0,0,5,Medium,Low,Medium,High,63.8,Medium
Inner Girivalam Path / Forest Tract (Restricted),12.240578140704812,79.08462518042248,12,0,0,2,Medium,Low,Low,High,38.3,Medium
Inner Girivalam Path / Forest Tract (Restricted),12.238180006282791,79.08311631596099,16,0,0,3,High,Low,Low,High,45.2,Medium
Inner Girivalam Path / Forest Tract (Restricted),12.240446233954444,79.08622319591166,8,0,1,3,Medium,Low,High,High,55.8,Medium
Inner Girivalam Path / Forest Tract (Restricted),12.241100168562141,79.08534920684308,8,0,0,2,Low,Medium,High,High,62.2,Medium
Inner Girivalam Path / Forest Tract (Restricted),12.238125174089234,79.08631994582643,2,0,1,7,High,Low,Low,High,89.7,High
Inner Girivalam Path / Forest Tract (Restricted),12.240107269946954,79.08678285682116,5,0,0,4,Low,Medium,High,High,88.1,High
Inner Girivalam Path / Forest Tract (Restricted),12.241276013054781,79.08394894087371,19,0,0,6,High,High,High,High,92.0,High
Inner Girivalam Path / Forest Tract (Restricted),12.241792424860737,79.08376870404555,22,0,0,4,Medium,Medium,High,High,97.9,High
Inner Girivalam Path / Forest Tract (Restricted),12.241118145784817,79.08521963956998,18,0,0,5,Medium,Low,Medium,High,71.7,High
Inner Girivalam Path / Forest Tract (Restricted),12.240576384809282,79.08359504246938,20,0,0,5,Medium,Low,High,High,70.9,High
Inner Girivalam Path / Forest Tract (Restricted),12.239026310269779,79.0858102223531,21,0,0,3,Low,High,Low,High,75.2,High
Inner Girivalam Path / Forest Tract (Restricted),12.238749595740352,79.08451125038432,13,0,1,3,Low,Low,High,High,71.1,High
Inner Girivalam Path / Forest Tract (Restricted),12.23971496075258,79.08519563326136,10,0,0,8,Medium,Medium,High,High,82.0,High
Inner Girivalam Path / Forest Tract (Restricted),12.238556453083982,79.08646604855113,5,0,1,4,High,Medium,Medium,High,66.0,Medium
Inner Girivalam Path / Forest Tract (Restricted),12.23908494404861,79.08505324159066,2,0,1,1,High,Low,High,High,66.4,Medium
Inner Girivalam Path / Forest Tract (Restricted),12.238546507891373,79.08326535475491,1,0,0,5,Low,High,Low,High,100.0,High
Inner Girivalam Path / Forest Tract (Restricted),12.238004853632798,79.08381560191323,10,0,0,3,Medium,Medium,Medium,High,56.5,Medium
Inner Girivalam Path / Forest Tract (Restricted),12.238619139803824,79.08388951306071,5,1,0,4,High,Low,High,High,59.7,Medium
Inner Girivalam Path / Forest Tract (Restricted),12.241920759581788,79.08462136041506,10,0,0,4,Medium,Medium,Medium,High,59.9,Medium
Inner Girivalam Path / Forest Tract (Restricted),12.23855463629722,79.08357142641186,7,0,0,5,Medium,Low,High,High,70.1,High
Inner Girivalam Path / Forest Tract (Restricted),12.240885208329422,79.08419877531165,16,0,0,4,High,Low,Low,High,59.2,Medium
Inner Girivalam Path / Forest Tract (Restricted),12.238652597128379,79.08598271908863,14,0,1,6,High,High,Medium,High,82.0,High
Inner Girivalam Path / Forest Tract (Restricted),12.23892487514155,79.08547784320683,9,0,0,2,Medium,Low,Medium,High,47.6,Medium
Inner Girivalam Path / Forest Tract (Restricted),12.241791789764754,79.08354231588828,11,0,1,6,Low,Low,Medium,High,79.3,High
Inner Girivalam Path / Forest Tract (Restricted),12.238878573723053,79.08436036238106,9,0,0,4,Low,High,Medium,High,91.2,High
Inner Girivalam Path / Forest Tract (Restricted),12.240506273341708,79.08410823454052,4,0,0,7,High,Medium,Medium,High,89.7,High
Inner Girivalam Path / Forest Tract (Restricted),12.238082869097012,79.08486900229192,20,0,0,2,Medium,Low,High,High,48.4,Medium
Inner Girivalam Path / Forest Tract (Restricted),12.239171749455908,79.08444151966158,3,0,1,5,Medium,Medium,High,High,100.0,High
Inner Girivalam Path / Forest Tract (Restricted),12.24013203715955,79.0853620731949,1,0,0,4,Low,Low,Medium,High,100.0,High
Inner Girivalam Path / Forest Tract (Restricted),12.239165064825446,79.08698530243286,3,0,0,3,Low,Low,Medium,High,79.9,High
Inner Girivalam Path / Forest Tract (Restricted),12.239776823283826,79.08496843966267,23,0,0,5,Low,High,Medium,High,100.0,High
Inner Girivalam Path / Forest Tract (Restricted),12.2416234432514,79.08638492858077,17,0,0,5,Medium,Low,Medium,High,68.9,Medium
Inner Girivalam Path / Forest Tract (Restricted),12.239091039302108,79.0854621961642,8,0,0,4,Low,High,Medium,High,88.3,High
Inner Girivalam Path / Forest Tract (Restricted),12.24002675110016,79.0838725820383,21,0,0,0,High,Low,High,High,36.4,Medium
Inner Girivalam Path / Forest Tract (Restricted),12.239402577433056,79.08635431333262,11,0,0,4,High,Low,Medium,High,54.1,Medium
Inner Girivalam Path / Forest Tract (Restricted),12.239364633017228,79.08535813543739,10,0,0,2,Medium,High,High,High,72.4,High
Inner Girivalam Path / Forest Tract (Restricted),12.240893022735662,79.08400842338457,17,0,0,2,Low,High,Medium,High,74.2,High
Inner Girivalam Path / Forest Tract (Restricted),12.239449856853625,79.08396871404712,19,0,0,4,High,Low,Medium,High,61.1,Medium
Inner Girivalam Path / Forest Tract (Restricted),12.23808460160525,79.08525484476137,1,0,0,6,Low,Medium,Medium,High,100.0,High
Inner Girivalam Path / Forest Tract (Restricted),12.241650901655824,79.0836203378195,8,0,0,6,Medium,Medium,High,High,85.3,High
Inner Girivalam Path / Forest Tract (Restricted),12.238254542932197,79.08613655397531,9,0,0,6,Medium,Low,Low,High,55.9,Medium
Inner Girivalam Path / Forest Tract (Restricted),12.241698294369824,79.08604084998593,0,0,1,3,Low,High,High,High,100.0,High
Inner Girivalam Path / Forest Tract (Restricted),12.238921481229607,79.08617171656343,23,0,0,3,Medium,Low,Low,High,61.5,Medium
Inner Girivalam Path / Forest Tract (Restricted),12.239523457512822,79.08618654337832,12,0,0,4,Low,High,Medium,High,85.2,High
Inner Girivalam Path / Forest Tract (Restricted),12.239661834698415,79.08318301756819,0,1,0,1,High,High,High,High,77.7,High
Inner Girivalam Path / Forest Tract (Restricted),12.241008536570813,79.08419141624343,4,0,0,2,Medium,Low,High,High,74.8,High
Inner Girivalam Path / Forest Tract (Restricted),12.24031229572459,79.08555001508755,1,0,0,7,High,Low,Low,High,74.1,High
Inner Girivalam Path / Forest Tract (Restricted),12.240000344326285,79.08459845322083,2,0,0,4,Low,Medium,Low,High,97.9,High
Inner Girivalam Path / Forest Tract (Restricted),12.240637004278197,79.0853973014747,4,0,0,3,Low,Medium,Medium,High,94.0,High
Inner Girivalam Path / Forest Tract (Restricted),12.24007769454036,79.08596881996847,23,0,0,2,Low,High,Low,High,95.6,High
Inner Girivalam Path / Forest Tract (Restricted),12.23898468994681,79.08478941466556,4,0,0,2,Low,Low,Low,High,73.2,High
Inner Girivalam Path / Forest Tract (Restricted),12.240795358565618,79.08647842748094,13,0,0,3,High,Low,Low,High,49.8,Medium
Inner Girivalam Path / Forest Tract (Restricted),12.238314499489112,79.08579951881953,5,0,0,4,Low,Low,Medium,High,68.2,Medium
Inner Girivalam Path / Forest Tract (Restricted),12.239706967696957,79.0868990577296,23,0,0,1,Low,Low,High,High,74.0,High
Inner Girivalam Path / Forest Tract (Restricted),12.23865632821927,79.08322457748388,20,0,0,8,Low,High,High,High,85.6,High
Inner Girivalam Path / Forest Tract (Restricted),12.240906787927306,79.08636228582718,10,1,0,4,Medium,Medium,High,High,74.1,High
Inner Girivalam Path / Forest Tract (Restricted),12.239752348031898,79.08358065200663,8,0,1,6,High,Low,Low,High,71.1,High
Inner Girivalam Path / Forest Tract (Restricted),12.238582567346262,79.08336090536216,7,1,0,3,Low,Low,High,High,65.4,Medium
Inner Girivalam Path / Forest Tract (Restricted),12.241303151826026,79.08663565316678,11,0,0,4,Low,Low,High,High,64.7,Medium
Inner Girivalam Path / Forest Tract (Restricted),12.2413832061152,79.08610640835725,22,0,0,4,Medium,Low,Medium,High,80.8,High
Inner Girivalam Path / Forest Tract (Restricted),12.239706974210101,79.08397749587013,11,0,0,3,Medium,Low,High,High,59.9,Medium
Inner Girivalam Path / Forest Tract (Restricted),12.240766544940358,79.08611005455991,4,0,0,4,Medium,Low,High,High,83.3,High
Inner Girivalam Path / Forest Tract (Restricted),12.240479194304339,79.08645845230703,15,0,0,6,Low,High,Low,High,90.0,High
Inner Girivalam Path / Forest Tract (Restricted),12.24172554625366,79.08560611794051,21,0,0,2,Low,Medium,Low,High,64.3,Medium
Inner Girivalam Path / Forest Tract (Restricted),12.240694967271983,79.08494950917601,7,0,0,1,Low,Low,High,High,61.9,Medium
Inner Girivalam Path / Forest Tract (Restricted),12.239169821206573,79.08616390535286,11,0,0,4,Low,High,Medium,High,86.2,High
Inner Girivalam Path / Forest Tract (Restricted),12.2388445528299,79.08389713786306,3,0,0,2,Low,Low,Low,High,78.0,High
Inner Girivalam Path / Forest Tract (Restricted),12.239042312862917,79.0840867198872,20,0,0,6,High,Medium,High,High,86.4,High
Inner Girivalam Path / Forest Tract (Restricted),12.238375330311266,79.08669557702449,20,0,0,4,Low,High,Medium,High,90.4,High
Inner Girivalam Path / Forest Tract (Restricted),12.2413177458629,79.084952420389,18,0,0,4,Low,Low,Low,High,61.6,Medium
Inner Girivalam Path / Forest Tract (Restricted),12.241198223268198,79.08660716857345,21,0,0,6,High,High,Medium,High,72.1,High
Inner Girivalam Path / Forest Tract (Restricted),12.238637097227855,79.0853985644731,0,1,0,5,Low,High,Low,High,100.0,High
Inner Girivalam Path / Forest Tract (Restricted),12.239640049384793,79.08559880159208,14,0,0,0,High,Low,High,High,34.7,Medium
Inner Girivalam Path / Forest Tract (Restricted),12.24025002901182,79.08345862109618,1,0,0,1,Low,Low,High,High,72.0,High
Inner Girivalam Path / Forest Tract (Restricted),12.239310833284009,79.08564019259299,12,0,1,6,Low,Low,Medium,High,77.3,High
Inner Girivalam Path / Forest Tract (Restricted),12.238382490997845,79.08529456959506,9,0,0,1,Low,Low,High,High,51.0,Medium
Inner Girivalam Path / Forest Tract (Restricted),12.239306740259478,79.08692312229957,22,0,0,4,Medium,Low,Medium,High,84.2,High
Inner Girivalam Path / Forest Tract (Restricted),12.240575303063803,79.08311425301287,2,0,0,5,Low,Medium,High,High,100.0,High
Inner Girivalam Path / Forest Tract (Restricted),12.239088883837857,79.08303893830865,23,0,0,4,High,Low,Medium,High,71.8,High
Inner Girivalam Path / Forest Tract (Restricted),12.23942222458084,79.08619295376714,15,0,0,4,Medium,High,Low,High,71.4,High
Inner Girivalam Path / Forest Tract (Restricted),12.239440592104787,79.08673794296685,5,0,0,5,Medium,High,High,High,89.4,High
Inner Girivalam Path / Forest Tract (Restricted),12.239252421332155,79.08664815817426,20,0,0,5,Medium,Low,Low,High,69.3,Medium
Inner Girivalam Path / Forest Tract (Restricted),12.238611140045963,79.08520704498244,19,0,0,7,Low,Medium,Low,High,87.3,High
Inner Girivalam Path / Forest Tract (Restricted),12.24057186404349,79.08302768064736,16,0,1,3,Low,High,Medium,High,83.8,High
Inner Girivalam Path / Forest Tract (Restricted),12.241118455420049,79.08596757781243,4,1,0,6,High,Medium,Medium,High,86.4,High
Inner Girivalam Path / Forest Tract (Restricted),12.239223087683662,79.08611239047421,4,0,1,2,High,Low,Medium,High,59.1,Medium
Inner Girivalam Path / Forest Tract (Restricted),12.23857426469079,79.08642224123322,9,0,0,3,Low,Low,Medium,High,65.2,Medium
Inner Girivalam Path / Forest Tract (Restricted),12.238230511509233,79.08455829310216,9,0,1,8,Medium,Medium,High,High,85.2,High
Inner Girivalam Path / Forest Tract (Restricted),12.238594170113911,79.08497714125637,1,0,0,2,High,Medium,High,High,76.0,High
Inner Girivalam Path / Forest Tract (Restricted),12.241653294860505,79.08488151682945,15,0,0,6,Medium,High,High,High,90.2,High
Inner Girivalam Path / Forest Tract (Restricted),12.238643805628422,79.08405925151557,9,0,0,7,High,Medium,Medium,High,71.8,High
Inner Girivalam Path / Forest Tract (Restricted),12.241069513486142,79.08661831934488,2,0,0,3,High,High,High,High,93.0,High
Inner Girivalam Path / Forest Tract (Restricted),12.238641254391899,79.08587581265635,21,0,0,4,Low,High,High,High,82.4,High
Inner Girivalam Path / Forest Tract (Restricted),12.238246636309263,79.08650191057698,23,0,0,0,Low,Medium,Medium,High,78.8,High
Inner Girivalam Path / Forest Tract (Restricted),12.241276280902722,79.08598200984144,19,1,0,1,Medium,Low,Medium,High,32.4,Medium
Inner Girivalam Path / Forest Tract (Restricted),12.238499854032822,79.08408173594675,3,0,0,6,Medium,Low,High,High,94.0,High
Inner Girivalam Path / Forest Tract (Restricted),12.241354969773393,79.08323101136445,1,0,0,5,Low,Medium,Medium,High,100.0,High
Inner Girivalam Path / Forest Tract (Restricted),12.238555854913539,79.08377826507936,11,0,1,1,Medium,Low,High,High,43.3,Medium
Inner Girivalam Path / Forest Tract (Restricted),12.238682991544996,79.08355403219807,22,0,0,1,Low,Low,Medium,High,75.0,High
Inner Girivalam Path / Forest Tract (Restricted),12.241281294183919,79.08355536572175,1,1,0,5,Medium,Medium,Low,High,97.5,High
Inner Girivalam Path / Forest Tract (Restricted),12.24062482888252,79.08450847007741,16,0,0,5,Low,Low,High,High,80.4,High
Inner Girivalam Path / Forest Tract (Restricted),12.239183831518709,79.08534667506487,6,0,0,4,Medium,Low,High,High,67.0,Medium
Inner Girivalam Path / Forest Tract (Restricted),12.240994532563082,79.08398973468267,11,0,0,1,Low,Low,Medium,High,47.3,Medium
Inner Girivalam Path / Forest Tract (Restricted),12.240914766367862,79.08377810127877,16,0,1,3,Medium,Low,High,High,49.8,Medium
Inner Girivalam Path / Forest Tract (Restricted),12.24042090256636,79.08489184565809,9,0,1,6,Low,Medium,High,High,92.5,High
Inner Girivalam Path / Forest Tract (Restricted),12.239596572997453,79.08398862640571,23,0,0,5,High,Low,Low,High,75.8,High
Inner Girivalam Path / Forest Tract (Restricted),12.240092641702295,79.08674395307358,23,0,0,5,Medium,Low,Medium,High,89.5,High
Inner Girivalam Path / Forest Tract (Restricted),12.241977065661976,79.08431261698925,11,0,0,9,Low,Medium,High,High,89.6,High
Inner Girivalam Path / Forest Tract (Restricted),12.239472988984609,79.08439021980318,14,0,0,1,High,Medium,High,High,47.8,Medium
Inner Girivalam Path / Forest Tract (Restricted),12.239448376096659,79.08528508688543,10,0,0,0,Medium,Low,Low,High,26.0,Low
Inner Girivalam Path / Forest Tract (Restricted),12.239865734221189,79.0845866739853,4,0,0,3,Low,Low,High,High,92.4,High
Inner Girivalam Path / Forest Tract (Restricted),12.240766708889597,79.08564123762541,0,0,0,3,Medium,Low,High,High,85.8,High
Inner Girivalam Path / Forest Tract (Restricted),12.239922690866923,79.08565714781699,9,0,0,4,Low,Low,High,High,73.0,High
Inner Girivalam Path / Forest Tract (Restricted),12.241717428854457,79.08449327716576,4,0,0,1,Low,Medium,Low,High,80.2,High
Inner Girivalam Path / Forest Tract (Restricted),12.241665137770825,79.08375323640561,16,0,0,1,Low,High,Medium,High,68.1,Medium
Inner Girivalam Path / Forest Tract (Restricted),12.24172073531959,79.08387465817971,18,0,0,6,Medium,Low,Medium,High,67.7,Medium
Inner Girivalam Path / Forest Tract (Restricted),12.241645278463105,79.0848759950576,0,0,0,5,Low,Low,Low,High,97.5,High
Inner Girivalam Path / Forest Tract (Restricted),12.241943958188578,79.08316240844482,21,0,1,9,Medium,High,Low,High,80.3,High
Inner Girivalam Path / Forest Tract (Restricted),12.238227968046797,79.08432124574222,14,0,0,0,Medium,Medium,High,High,44.5,Medium
Inner Girivalam Path / Forest Tract (Restricted),12.238835072220972,79.0832583181905,3,0,0,6,Medium,Low,High,High,83.5,High
Inner Girivalam Path / Forest Tract (Restricted),12.23944535447818,79.08396057127541,10,1,0,3,Low,Medium,Medium,High,73.7,High
Inner Girivalam Path / Forest Tract (Restricted),12.241609364245535,79.08324652642838,1,0,0,5,Low,Low,High,High,100.0,High
Inner Girivalam Path / Forest Tract (Restricted),12.239311819448957,79.08495294984341,19,0,0,4,Medium,Medium,Low,High,62.0,Medium
Inner Girivalam Path / Forest Tract (Restricted),12.239138743968697,79.0861191843254,3,0,1,3,Medium,Medium,Medium,High,91.9,High
Inner Girivalam Path / Forest Tract (Restricted),12.23900512636033,79.0833284834921,9,0,0,9,Medium,Low,High,High,69.3,Medium
Inner Girivalam Path / Forest Tract (Restricted),12.239060241673405,79.08502183087762,3,0,0,5,Low,Medium,Medium,High,100.0,High
Inner Girivalam Path / Forest Tract (Restricted),12.24045995631107,79.08618581208306,16,0,0,4,Medium,Medium,Medium,High,68.8,Medium
Inner Girivalam Path / Forest Tract (Restricted),12.239810037902293,79.08525317854854,0,1,0,5,Medium,Medium,High,High,91.6,High
Inner Girivalam Path / Forest Tract (Restricted),12.238981173339557,79.08536884134014,19,0,0,2,Low,High,Low,High,69.7,Medium
Inner Girivalam Path / Forest Tract (Restricted),12.239647142083381,79.08520198994232,6,0,0,6,Medium,Medium,Medium,High,81.8,High
Inner Girivalam Path / Forest Tract (Restricted),12.241047067915053,79.08362354025378,13,0,0,4,Medium,High,Low,High,66.6,Medium
Inner Girivalam Path / Forest Tract (Restricted),12.240138360668675,79.08681703862017,9,0,0,3,Medium,Medium,Low,High,57.5,Medium
Inner Girivalam Path / Forest Tract (Restricted),12.24164366426738,79.08369290950812,8,0,0,5,Medium,Medium,Medium,High,67.2,Medium
Inner Girivalam Path / Forest Tract (Restricted),12.238536733976789,79.08559786591658,18,0,0,4,High,Low,Low,High,56.5,Medium
Inner Girivalam Path / Forest Tract (Restricted),12.238975261871548,79.08600561338201,11,0,0,3,Medium,High,Low,High,67.7,Medium
Inner Girivalam Path / Forest Tract (Restricted),12.239683788114316,79.08615779529768,17,0,1,9,Low,Low,Medium,High,67.0,Medium
Inner Girivalam Path / Forest Tract (Restricted),12.240795607395183,79.08309184707761,23,0,0,5,Low,Low,Low,High,91.1,High
Inner Girivalam Path / Forest Tract (Restricted),12.24076017538435,79.08664605690237,17,0,0,3,High,Low,High,High,56.5,Medium
Inner Girivalam Path / Forest Tract (Restricted),12.238807554866149,79.08663702190255,6,0,0,3,High,Medium,High,High,64.0,Medium
Inner Girivalam Path / Forest Tract (Restricted),12.239809516954557,79.08541329568794,4,0,0,4,High,Low,Low,High,66.5,Medium
Inner Girivalam Path / Forest Tract (Restricted),12.241376885263225,79.08463650483596,3,0,0,4,Low,High,High,High,100.0,High
Inner Girivalam Path / Forest Tract (Restricted),12.239163499856748,79.08326967715433,8,0,0,4,Low,Medium,Medium,High,80.5,High
Inner Girivalam Path / Forest Tract (Restricted),12.241034600776544,79.08623814500835,1,0,0,4,Low,Low,Medium,High,100.0,High
Inner Girivalam Path / Forest Tract (Restricted),12.238909911431012,79.08541509931592,15,0,0,5,Medium,Medium,High,High,77.3,High
Inner Girivalam Path / Forest Tract (Restricted),12.239069526059534,79.083077166083,12,0,0,1,Medium,Medium,High,High,52.1,Medium
Inner Girivalam Path / Forest Tract (Restricted),12.241330942555715,79.08333913762483,0,0,0,7,Medium,Low,Low,High,81.7,High
Inner Girivalam Path / Forest Tract (Restricted),12.239302048650892,79.08554150417602,16,0,0,5,High,Low,Medium,High,62.0,Medium
Inner Girivalam Path / Forest Tract (Restricted),12.239677681638641,79.083850388215,12,0,1,9,Low,Low,Low,High,78.8,High
Inner Girivalam Path / Forest Tract (Restricted),12.239061487625591,79.08623632406838,16,0,0,4,High,Medium,Medium,High,57.7,Medium
Inner Girivalam Path / Forest Tract (Restricted),12.239791398885151,79.08669810287103,15,0,1,4,Low,Low,Medium,High,65.9,Medium
Inner Girivalam Path / Forest Tract (Restricted),12.241808337460354,79.08587045380092,20,0,0,2,Low,High,Medium,High,78.0,High
Inner Girivalam Path / Forest Tract (Restricted),12.241752415458972,79.08347219350745,11,0,0,3,Medium,High,High,High,77.8,High
Inner Girivalam Path / Forest Tract (Restricted),12.24173612285217,79.08640446400264,3,0,0,1,High,Low,High,High,73.6,High
Inner Girivalam Path / Forest Tract (Restricted),12.241371853220308,79.08369548955694,17,0,0,2,Low,Low,Low,High,49.9,Medium
Inner Girivalam Path / Forest Tract (Restricted),12.241928666860247,79.08316569093276,8,0,0,2,Low,Medium,High,High,75.0,High
Inner Girivalam Path / Forest Tract (Restricted),12.241738301003211,79.0855552165543,11,0,0,3,Medium,Low,Medium,High,58.6,Medium
Inner Girivalam Path / Forest Tract (Restricted),12.238708449208607,79.08398655388109,13,0,0,7,Low,Low,Low,High,65.6,Medium
Inner Girivalam Path / Forest Tract (Restricted),12.239307786961003,79.08324244237195,8,0,0,5,Medium,Low,Medium,High,66.8,Medium
Inner Girivalam Path / Forest Tract (Restricted),12.239376230365233,79.0840304203188,22,1,0,1,Medium,Low,Medium,High,55.1,Medium
Inner Girivalam Path / Forest Tract (Restricted),12.238542916736439,79.08318435317693,2,0,0,4,Medium,Low,High,High,84.7,High
Inner Girivalam Path / Forest Tract (Restricted),12.239118662662436,79.08309542553988,0,0,1,4,High,Low,Low,High,74.8,High
Inner Girivalam Path / Forest Tract (Restricted),12.239028837069448,79.08352521408666,7,0,0,8,Medium,Low,Medium,High,64.2,Medium
Inner Girivalam Path / Forest Tract (Restricted),12.241388931206595,79.08534568940895,23,0,1,6,Low,Low,Medium,High,94.5,High
Inner Girivalam Path / Forest Tract (Restricted),12.24064463706134,79.08514173343946,20,0,0,6,Low,Medium,High,High,95.6,High
Inner Girivalam Path / Forest Tract (Restricted),12.239126120092784,79.08403239948261,8,0,0,5,Low,Medium,Medium,High,80.4,High
Inner Girivalam Path / Forest Tract (Restricted),12.240996465817425,79.08452892964719,2,0,0,5,Medium,Medium,Low,High,84.8,High
Inner Girivalam Path / Forest Tract (Restricted),12.241578207055747,79.08413720507838,19,0,0,2,Medium,Medium,Medium,High,58.0,Medium
Inner Girivalam Path / Forest Tract (Restricted),12.2416467818637,79.08493132471366,22,0,0,4,High,Low,Low,High,77.4,High
Inner Girivalam Path / Forest Tract (Restricted),12.240391373685394,79.08576046262048,0,0,0,6,Medium,Low,Medium,High,86.6,High
Inner Girivalam Path / Forest Tract (Restricted),12.238805437625045,79.08522340695178,21,0,0,1,High,Low,Low,High,33.4,Medium
Inner Girivalam Path / Forest Tract (Restricted),12.238854432489692,79.0860711134264,23,0,0,3,Low,Medium,Medium,High,90.4,High
Inner Girivalam Path / Forest Tract (Restricted),12.238561249265999,79.08343236804387,3,0,0,2,Low,Low,Medium,High,82.4,High
Inner Girivalam Path / Forest Tract (Restricted),12.238934114612624,79.08311770231688,21,0,0,3,Low,High,High,High,83.6,High
Inner Girivalam Path / Forest Tract (Restricted),12.240907906752923,79.08637537984397,2,0,1,5,Low,Medium,High,High,100.0,High
Inner Girivalam Path / Forest Tract (Restricted),12.240163661116101,79.08316387721422,8,0,0,4,High,Low,Low,High,52.2,Medium
Inner Girivalam Path / Forest Tract (Restricted),12.23831455866171,79.08317801529472,16,0,0,7,High,Medium,High,High,64.7,Medium
Inner Girivalam Path / Forest Tract (Restricted),12.241228443011718,79.08305091217677,4,0,0,9,Medium,Low,Medium,High,85.6,High
Inner Girivalam Path / Forest Tract (Restricted),12.23897325099018,79.08508986073434,11,0,0,3,Medium,Medium,Low,High,54.3,Medium
Inner Girivalam Path / Forest Tract (Restricted),12.2382520471562,79.08590699639728,17,0,0,3,High,Medium,Low,High,52.0,Medium
Inner Girivalam Path / Forest Tract (Restricted),12.240647377544647,79.08595037810123,18,0,0,5,High,Medium,Medium,High,67.5,Medium
Inner Girivalam Path / Forest Tract (Restricted),12.240841653662779,79.0839167011245,0,0,0,7,Low,Low,Low,High,95.0,High
Inner Girivalam Path / Forest Tract (Restricted),12.239159228619245,79.08517392073988,5,0,0,4,Medium,High,High,High,72.6,High
Inner Girivalam Path / Forest Tract (Restricted),12.238345727095375,79.08401650095348,18,0,0,5,Low,Medium,Medium,High,82.1,High
Inner Girivalam Path / Forest Tract (Restricted),12.240769839668681,79.08390896802239,8,0,0,6,Low,Low,High,High,75.3,High
Inner Girivalam Path / Forest Tract (Restricted),12.239525410476954,79.08357609620293,10,0,1,4,High,Low,High,High,62.2,Medium
Inner Girivalam Path / Forest Tract (Restricted),12.240794424083862,79.08444693674923,5,0,0,1,High,Medium,Low,High,40.8,Medium
Inner Girivalam Path / Forest Tract (Restricted),12.238753665780619,79.08632132931716,19,0,1,4,High,Low,Medium,High,56.7,Medium
Inner Girivalam Path / Forest Tract (Restricted),12.240910711469724,79.08585333874183,12,0,0,3,Low,Low,High,High,60.6,Medium
Inner Girivalam Path / Forest Tract (Restricted),12.238781574706394,79.08399204363458,5,0,0,15,Medium,High,Low,High,81.9,High
Inner Girivalam Path / Forest Tract (Restricted),12.238470544621993,79.08655061799612,16,0,0,2,Medium,Low,High,High,54.0,Medium
Inner Girivalam Path / Forest Tract (Restricted),12.239371291531219,79.08491652452676,7,0,0,4,High,Low,High,High,60.1,Medium
Inner Girivalam Path / Forest Tract (Restricted),12.238950236090046,79.08382105051926,23,0,0,8,Medium,Medium,High,High,97.4,High
Inner Girivalam Path / Forest Tract (Restricted),12.238080238748058,79.08558898411914,22,0,0,6,Low,Medium,High,High,100.0,High
Inner Girivalam Path / Forest Tract (Restricted),12.238433022654181,79.083283265263,13,0,0,7,Low,High,High,High,88.5,High
Inner Girivalam Path / Forest Tract (Restricted),12.241456015430133,79.08549843836998,6,0,0,5,High,Low,High,High,69.6,Medium
Inner Girivalam Path / Forest Tract (Restricted),12.238817556536691,79.08612648846594,1,0,0,4,Medium,Medium,Low,High,79.9,High
Inner Girivalam Path / Forest Tract (Restricted),12.239371140243948,79.0868806424946,19,0,0,4,Medium,Medium,Medium,High,67.9,Medium
Inner Girivalam Path / Forest Tract (Restricted),12.240680889254833,79.08507041032759,15,0,0,2,Medium,Low,Medium,High,49.1,Medium
Inner Girivalam Path / Forest Tract (Restricted),12.240115739256987,79.08420803350981,8,0,0,2,Low,High,Medium,High,74.1,High
Inner Girivalam Path / Forest Tract (Restricted),12.238208665242809,79.08335336890443,14,0,0,5,High,Low,High,High,71.2,High
Inner Girivalam Path / Forest Tract (Restricted),12.239813162168913,79.08314753170548,18,0,1,2,Low,Medium,High,High,68.3,Medium
Inner Girivalam Path / Forest Tract (Restricted),12.238539278697747,79.08524895296401,5,0,1,3,Medium,High,High,High,73.5,High
Inner Girivalam Path / Forest Tract (Restricted),12.238098716821092,79.08596480778486,3,0,0,2,Medium,Medium,Medium,High,70.1,High
Inner Girivalam Path / Forest Tract (Restricted),12.241387782128653,79.08487949339532,6,0,0,7,High,Medium,Low,High,62.8,Medium
Inner Girivalam Path / Forest Tract (Restricted),12.241195811357755,79.0865837113193,16,0,0,6,Low,High,Low,High,84.7,High
Inner Girivalam Path / Forest Tract (Restricted),12.241626020524683,79.08382915270082,16,0,0,5,Low,Low,Medium,High,84.8,High
Inner Girivalam Path / Forest Tract (Restricted),12.241019498384865,79.08440783015837,7,0,0,3,High,Medium,Medium,High,66.0,Medium
Inner Girivalam Path / Forest Tract (Restricted),12.238331358556625,79.08444559414501,13,0,0,2,Medium,Low,Low,High,45.8,Medium
Inner Girivalam Path / Forest Tract (Restricted),12.24065371163667,79.08456442525876,10,0,1,9,Low,High,Medium,High,95.2,High
Inner Girivalam Path / Forest Tract (Restricted),12.238846700797225,79.0837800578859,16,0,0,4,Low,Medium,Low,High,76.3,High
Inner Girivalam Path / Forest Tract (Restricted),12.240560684529486,79.08597198359581,23,0,1,4,Low,Low,Low,High,84.8,High
Inner Girivalam Path / Forest Tract (Restricted),12.241851505648482,79.08459914548496,8,0,1,3,Low,Low,Low,High,59.6,Medium
Inner Girivalam Path / Forest Tract (Restricted),12.240963855886907,79.08379970118605,23,0,0,1,Low,High,High,High,93.6,High
Inner Girivalam Path / Forest Tract (Restricted),12.238171990894479,79.08516164846868,22,0,0,0,Low,Low,Medium,High,67.9,Medium
Inner Girivalam Path / Forest Tract (Restricted),12.238307080404782,79.08403199027178,2,0,0,11,High,Medium,Low,High,87.1,High
Inner Girivalam Path / Forest Tract (Restricted),12.240624048631242,79.08509849117841,4,0,1,6,Low,Low,High,High,99.7,High
Inner Girivalam Path / Forest Tract (Restricted),12.238292427353288,79.08549282120133,14,0,0,4,Medium,Medium,High,High,65.7,Medium
Inner Girivalam Path / Forest Tract (Restricted),12.240805489106178,79.08540476955618,9,0,0,8,High,Low,High,High,65.4,Medium
Inner Girivalam Path / Forest Tract (Restricted),12.24018200951811,79.08521071023993,2,0,0,6,High,Medium,Medium,High,80.2,High
Inner Girivalam Path / Forest Tract (Restricted),12.239788108483603,79.08331419736976,12,0,1,7,Medium,Medium,Medium,High,69.6,Medium
Inner Girivalam Path / Forest Tract (Restricted),12.23920135555136,79.08374875824416,18,0,0,3,Low,High,High,High,84.3,High
Inner Girivalam Path / Forest Tract (Restricted),12.241047534466974,79.08483154418062,14,0,0,3,Medium,Medium,Low,High,62.6,Medium
Inner Girivalam Path / Forest Tract (Restricted),12.241511990283453,79.08666265888878,1,0,0,2,Medium,Low,Medium,High,76.2,High
Inner Girivalam Path / Forest Tract (Restricted),12.239681263440515,79.08393671080891,17,0,0,3,Medium,Medium,High,High,72.7,High
Inner Girivalam Path / Forest Tract (Restricted),12.240259079544181,79.08417591324452,4,0,0,0,Medium,Medium,Medium,High,63.3,Medium
Inner Girivalam Path / Forest Tract (Restricted),12.241456514455844,79.08439591935505,19,0,0,3,Medium,Medium,Medium,High,67.2,Medium
Inner Girivalam Path / Forest Tract (Restricted),12.241337475990331,79.08556979000909,13,0,0,5,Low,High,Medium,High,97.1,High
Inner Girivalam Path / Forest Tract (Restricted),12.239642894270437,79.0865047287173,19,0,0,4,Low,Low,Medium,High,72.0,High
Inner Girivalam Path / Forest Tract (Restricted),12.238788760057293,79.08438342890969,11,0,0,2,Low,Low,High,High,67.1,Medium
Inner Girivalam Path / Forest Tract (Restricted),12.241618695549542,79.08557018582961,10,0,0,2,High,Medium,High,High,58.5,Medium
Inner Girivalam Path / Forest Tract (Restricted),12.238320887769966,79.08506849424369,6,0,0,5,High,Low,Low,High,57.6,Medium
Inner Girivalam Path / Forest Tract (Restricted),12.239136786787338,79.08634305153133,16,0,0,4,Low,Medium,Low,High,66.7,Medium
Inner Girivalam Path / Forest Tract (Restricted),12.240892442372864,79.08690156181189,17,0,1,5,Low,Medium,Low,High,80.9,High
Inner Girivalam Path / Forest Tract (Restricted),12.240806287449281,79.08408612327753,19,0,0,4,High,Medium,High,High,69.7,Medium
Inner Girivalam Path / Forest Tract (Restricted),12.241833398154299,79.08399818939517,2,0,0,2,Medium,Low,High,High,77.5,High
Inner Girivalam Path / Forest Tract (Restricted),12.240804569662547,79.08650497838967,11,0,0,1,Low,Medium,Low,High,57.1,Medium
Inner Girivalam Path / Forest Tract (Restricted),12.23878464204316,79.08409337556895,4,0,0,5,Low,Low,Low,High,96.3,High
Inner Girivalam Path / Forest Tract (Restricted),12.238849924451191,79.08687762910098,21,0,0,4,High,Low,High,High,60.2,Medium
Inner Girivalam Path / Forest Tract (Restricted),12.239084865159041,79.08613134315934,12,0,0,2,Low,Medium,High,High,72.9,High
Inner Girivalam Path / Forest Tract (Restricted),12.241200809828156,79.08440563776364,13,0,0,6,Medium,Low,Medium,High,63.6,Medium
Inner Girivalam Path / Forest Tract (Restricted),12.241701157594528,79.08643985138868,21,0,0,5,Medium,Low,Low,High,57.7,Medium
Inner Girivalam Path / Forest Tract (Restricted),12.240000294008553,79.08623519761285,2,0,0,5,Low,Low,Medium,High,100.0,High
Inner Girivalam Path / Forest Tract (Restricted),12.240592154034342,79.08405149754284,21,0,0,7,Medium,Low,High,High,67.7,Medium
Inner Girivalam Path / Forest Tract (Restricted),12.241487160812744,79.08513646631329,17,0,0,3,Low,Low,High,High,75.7,High
Inner Girivalam Path / Forest Tract (Restricted),12.239176647572938,79.08417708122262,23,0,0,5,Medium,Medium,Low,High,98.1,High
Inner Girivalam Path / Forest Tract (Restricted),12.241934516542004,79.08482330627464,4,0,0,5,Low,Low,Low,High,88.0,High
Inner Girivalam Path / Forest Tract (Restricted),12.240328262325217,79.08305395438832,19,0,1,7,Low,Medium,Medium,High,91.1,High
Inner Girivalam Path / Forest Tract (Restricted),12.241191317183088,79.0858770194365,2,0,0,3,Low,Low,High,High,97.5,High
Inner Girivalam Path / Forest Tract (Restricted),12.241455375010888,79.08319633718425,23,0,0,3,High,Medium,Low,High,77.3,High
Inner Girivalam Path / Forest Tract (Restricted),12.241438068831878,79.08331226416439,18,0,0,7,Low,Low,Low,High,80.0,High
Inner Girivalam Path / Forest Tract (Restricted),12.238688914019994,79.08659234081351,3,0,0,4,Low,Low,Medium,High,85.4,High
Inner Girivalam Path / Forest Tract (Restricted),12.238428236094482,79.08602879393402,22,0,0,4,Low,Low,Low,High,98.4,High
Inner Girivalam Path / Forest Tract (Restricted),12.241286014164984,79.08473516871831,7,0,1,1,Medium,Medium,High,High,55.7,Medium
Inner Girivalam Path / Forest Tract (Restricted),12.238581682437765,79.08587786108532,1,0,0,6,High,Low,Medium,High,90.7,High
Inner Girivalam Path / Forest Tract (Restricted),12.24045399866215,79.08537252966073,9,0,0,4,Medium,Medium,Medium,High,64.5,Medium
Inner Girivalam Path / Forest Tract (Restricted),12.23968881305976,79.08393034731934,10,0,1,5,Low,Low,High,High,74.8,High
Inner Girivalam Path / Forest Tract (Restricted),12.24080903866999,79.08520977765937,5,0,0,6,Low,High,Low,High,85.5,High
Inner Girivalam Path / Forest Tract (Restricted),12.241615669711297,79.083000011473,2,0,0,3,Medium,Low,Medium,High,75.2,High
Inner Girivalam Path / Forest Tract (Restricted),12.24017126262015,79.08332291324615,1,0,0,2,High,Low,Low,High,60.5,Medium
Inner Girivalam Path / Forest Tract (Restricted),12.241665962151773,79.08432537612467,9,0,0,6,Medium,Low,Medium,High,74.6,High
Inner Girivalam Path / Forest Tract (Restricted),12.239333315106922,79.08546844136711,8,0,0,7,Low,Low,High,High,84.8,High
Inner Girivalam Path / Forest Tract (Restricted),12.240877347699731,79.08512539349717,21,0,0,4,Low,Low,Medium,High,75.0,High
Inner Girivalam Path / Forest Tract (Restricted),12.23827623163519,79.08533041144462,2,0,1,7,Medium,High,High,High,100.0,High
Inner Girivalam Path / Forest Tract (Restricted),12.2409286912399,79.08396396442114,8,0,0,0,Medium,Low,Low,High,27.4,Low
Inner Girivalam Path / Forest Tract (Restricted),12.240138652932789,79.08329107674298,5,0,0,4,Low,High,Medium,High,83.9,High
Inner Girivalam Path / Forest Tract (Restricted),12.239289495821739,79.08501770670529,23,0,0,6,High,High,High,High,100.0,High
Inner Girivalam Path / Forest Tract (Restricted),12.238783688076968,79.08543791890591,22,0,0,4,High,Medium,Low,High,86.8,High
Inner Girivalam Path / Forest Tract (Restricted),12.240269271080965,79.08410231297499,4,0,0,2,High,Low,High,High,80.4,High
Inner Girivalam Path / Forest Tract (Restricted),12.238781998790374,79.0853805470768,3,0,0,7,Low,Medium,Medium,High,100.0,High
Inner Girivalam Path / Forest Tract (Restricted),12.241288874035567,79.08563439050901,13,0,1,5,High,Medium,Low,High,62.1,Medium
Inner Girivalam Path / Forest Tract (Restricted),12.241954039784515,79.08446784517497,0,0,1,3,High,Medium,Low,High,67.3,Medium
Inner Girivalam Path / Forest Tract (Restricted),12.23986268756203,79.08661755979209,6,0,1,3,Medium,Low,High,High,58.3,Medium
Inner Girivalam Path / Forest Tract (Restricted),12.238253620065185,79.08403756235006,20,0,0,7,High,Medium,High,High,65.4,Medium
Inner Girivalam Path / Forest Tract (Restricted),12.240238547143717,79.08651411462873,10,0,0,1,High,High,Low,High,41.0,Medium
Inner Girivalam Path / Forest Tract (Restricted),12.240037827774527,79.0852630234735,14,0,0,8,Medium,Low,High,High,66.0,Medium
Inner Girivalam Path / Forest Tract (Restricted),12.240140244209309,79.08494659682731,21,0,0,3,Medium,Low,Low,High,48.0,Medium
Inner Girivalam Path / Forest Tract (Restricted),12.23953037196642,79.0866703404558,23,0,0,3,High,Medium,Low,High,82.7,High
Inner Girivalam Path / Forest Tract (Restricted),12.238825262606,79.08638150761699,16,0,0,1,Medium,High,Medium,High,64.1,Medium
Inner Girivalam Path / Forest Tract (Restricted),12.240285905732943,79.08462174282405,5,0,0,3,Medium,High,Medium,High,81.8,High
Inner Girivalam Path / Forest Tract (Restricted),12.240346801370002,79.08301212897517,19,0,0,3,Low,Low,Low,High,50.8,Medium
Inner Girivalam Path / Forest Tract (Restricted),12.241084199970997,79.08475221868552,6,0,0,3,Low,Low,Medium,High,68.1,Medium
Inner Girivalam Path / Forest Tract (Restricted),12.241257990073096,79.08440863846536,17,0,1,5,Medium,Low,Low,High,64.7,Medium
Inner Girivalam Path / Forest Tract (Restricted),12.240099562498433,79.08304395303242,3,0,0,4,Low,Low,Low,High,94.1,High
Inner Girivalam Path / Forest Tract (Restricted),12.241599501529784,79.08660438687944,0,0,0,3,Low,Medium,High,High,94.7,High
Inner Girivalam Path / Forest Tract (Restricted),12.238000190243397,79.08576290864225,20,0,0,3,Medium,Low,Low,High,56.1,Medium
Inner Girivalam Path / Forest Tract (Restricted),12.239842873443433,79.08558885121558,15,0,0,1,Low,Medium,Medium,High,58.1,Medium
Inner Girivalam Path / Forest Tract (Restricted),12.23961882254309,79.08443286048406,6,0,0,3,Medium,Low,High,High,56.5,Medium
Inner Girivalam Path / Forest Tract (Restricted),12.239413532952764,79.08433446848534,19,0,0,5,Medium,Medium,High,High,82.1,High
Inner Girivalam Path / Forest Tract (Restricted),12.238607159040459,79.08645042674476,12,0,0,2,Medium,Low,Low,High,34.4,Medium
Inner Girivalam Path / Forest Tract (Restricted),12.239360910164939,79.08641387777027,9,0,0,4,Low,High,Medium,High,81.1,High
Inner Girivalam Path / Forest Tract (Restricted),12.240354764924868,79.08430275996913,22,0,0,3,High,Medium,Medium,High,76.6,High
Inner Girivalam Path / Forest Tract (Restricted),12.238329165541836,79.08498893158179,4,0,1,4,Medium,Low,Low,High,77.1,High
Inner Girivalam Path / Forest Tract (Restricted),12.238693710061678,79.08415625907257,16,0,0,5,Low,Low,Medium,High,81.5,High
Inner Girivalam Path / Forest Tract (Restricted),12.241738819105683,79.08522687594112,9,0,1,4,High,Medium,Low,High,67.0,Medium
Inner Girivalam Path / Forest Tract (Restricted),12.240108449481667,79.08672225189721,1,0,0,4,Medium,Medium,High,High,95.7,High
Inner Girivalam Path / Forest Tract (Restricted),12.23923573022313,79.08437886914068,18,0,0,3,Low,High,Low,High,66.4,Medium
Inner Girivalam Path / Forest Tract (Restricted),12.239308557321817,79.08423196861058,22,0,0,3,Low,Low,Medium,High,94.1,High
Inner Girivalam Path / Forest Tract (Restricted),12.239865536535456,79.084035161735,11,0,0,4,Low,Medium,High,High,78.4,High
Inner Girivalam Path / Forest Tract (Restricted),12.239962031143033,79.08401588313156,12,0,0,1,Medium,Medium,Medium,High,45.0,Medium
Inner Girivalam Path / Forest Tract (Restricted),12.240578866570484,79.08477818259927,9,0,0,7,Medium,Low,High,High,64.2,Medium
Inner Girivalam Path / Forest Tract (Restricted),12.239898930094514,79.08582718234098,13,0,1,4,High,Medium,Low,High,64.1,Medium
Inner Girivalam Path / Forest Tract (Restricted),12.241569207405023,79.08341003669896,19,0,0,4,Medium,Medium,High,High,76.2,High
Inner Girivalam Path / Forest Tract (Restricted),12.240094042293617,79.0841209424716,16,0,1,3,Low,Low,High,High,75.8,High
Inner Girivalam Path / Forest Tract (Restricted),12.23984883676143,79.08695121022747,20,0,1,0,Medium,Low,High,High,36.0,Medium
Inner Girivalam Path / Forest Tract (Restricted),12.239330803572038,79.08593865949652,3,0,1,5,Medium,Low,Low,High,78.5,High
Inner Girivalam Path / Forest Tract (Restricted),12.238399392279707,79.0849941014296,6,0,0,3,Medium,Low,Medium,High,49.3,Medium
Inner Girivalam Path / Forest Tract (Restricted),12.241528501503387,79.08692456575302,0,0,0,5,Low,Low,High,High,100.0,High
Inner Girivalam Path / Forest Tract (Restricted),12.239505106040493,79.08573991865941,10,1,0,2,Medium,Medium,Low,High,46.1,Medium
Inner Girivalam Path / Forest Tract (Restricted),12.240398638659048,79.08320170198073,2,0,0,3,High,Medium,High,High,88.4,High
Inner Girivalam Path / Forest Tract (Restricted),12.239899895272956,79.08575023890943,17,0,0,4,Low,High,Medium,High,87.5,High
Inner Girivalam Path / Forest Tract (Restricted),12.24094354470955,79.08373453929046,9,0,0,5,High,Low,High,High,67.9,Medium
Inner Girivalam Path / Forest Tract (Restricted),12.239315114245125,79.0857639345183,5,0,0,3,Medium,Low,High,High,59.2,Medium
Inner Girivalam Path / Forest Tract (Restricted),12.240996336377636,79.08503857699685,6,1,0,8,Low,Low,Medium,High,77.7,High
Inner Girivalam Path / Forest Tract (Restricted),12.24029042718479,79.08452382580647,3,0,1,0,Low,Low,High,High,74.3,High
Inner Girivalam Path / Forest Tract (Restricted),12.238178432226887,79.08676874810081,15,0,0,1,Low,Low,Low,High,55.8,Medium
Inner Girivalam Path / Forest Tract (Restricted),12.238990240503886,79.0852709692846,7,0,1,4,Medium,Low,Low,High,55.6,Medium
Inner Girivalam Path / Forest Tract (Restricted),12.239319657072285,79.08511843322107,14,0,0,4,Medium,Low,Medium,High,62.5,Medium
Inner Girivalam Path / Forest Tract (Restricted),12.241711571475099,79.0855164033873,12,0,0,1,Low,Medium,Medium,High,60.9,Medium
Inner Girivalam Path / Forest Tract (Restricted),12.239584688722282,79.0831869117162,12,0,0,4,Low,Low,High,High,69.3,Medium
Inner Girivalam Path / Forest Tract (Restricted),12.24112547131148,79.08575602075456,18,0,0,3,Low,Medium,Low,High,65.7,Medium
Inner Girivalam Path / Forest Tract (Restricted),12.240678269149061,79.08542846972544,4,0,0,2,Low,Low,Medium,High,85.1,High
Inner Girivalam Path / Forest Tract (Restricted),12.239547414141642,79.0857996387184,12,0,0,8,Medium,Low,Medium,High,75.5,High
Inner Girivalam Path / Forest Tract (Restricted),12.238555274485362,79.08520146479985,19,0,0,3,Medium,Low,Low,High,54.5,Medium
Inner Girivalam Path / Forest Tract (Restricted),12.240732991438643,79.08501668745679,1,0,0,4,Low,Medium,High,High,100.0,High
Inner Girivalam Path / Forest Tract (Restricted),12.241674108022234,79.08418885926339,9,0,0,5,Medium,Medium,Medium,High,76.2,High
Inner Girivalam Path / Forest Tract (Restricted),12.241564579220366,79.08513287329284,13,0,1,3,Low,Low,Medium,High,58.9,Medium
Inner Girivalam Path / Forest Tract (Restricted),12.240893181010891,79.08691357425074,1,0,0,1,Low,Low,Low,High,63.2,Medium
Inner Girivalam Path / Forest Tract (Restricted),12.238715180959376,79.08697726560565,23,0,0,3,Medium,High,Low,High,97.3,High
Inner Girivalam Path / Forest Tract (Restricted),12.241184209140563,79.08558813714463,2,0,0,2,High,Low,Medium,High,69.7,Medium
Inner Girivalam Path / Forest Tract (Restricted),12.238939620289791,79.08482321014222,18,0,0,4,Medium,Medium,Medium,High,56.2,Medium
Inner Girivalam Path / Forest Tract (Restricted),12.238891087776718,79.08505653572901,0,0,0,3,Medium,Low,High,High,72.0,High
Inner Girivalam Path / Forest Tract (Restricted),12.24103661581684,79.08306397213315,12,0,0,3,Medium,Low,Medium,High,53.7,Medium
Inner Girivalam Path / Forest Tract (Restricted),12.238206692130147,79.08558202513358,23,0,0,5,Low,Low,Medium,High,93.7,High
Inner Girivalam Path / Forest Tract (Restricted),12.240429666910599,79.08376490126625,2,0,0,7,High,Low,Medium,High,95.1,High
Inner Girivalam Path / Forest Tract (Restricted),12.240231952702235,79.08480990856661,11,0,0,1,Medium,Medium,Medium,High,44.0,Medium
Inner Girivalam Path / Forest Tract (Restricted),12.239700860909352,79.08527742822486,11,0,1,5,Low,Medium,Medium,High,94.5,High
Inner Girivalam Path / Forest Tract (Restricted),12.241013597485193,79.08633457078196,15,0,0,7,Medium,Low,Medium,High,71.1,High
Inner Girivalam Path / Forest Tract (Restricted),12.23993566263901,79.08598510614046,12,0,0,4,High,Low,Low,High,51.0,Medium
Inner Girivalam Path / Forest Tract (Restricted),12.24011419541391,79.08622761373819,7,0,0,2,Medium,Low,High,High,56.1,Medium
Inner Girivalam Path / Forest Tract (Restricted),12.239775158388106,79.0834379969005,1,0,0,2,Medium,Low,Medium,High,69.0,Medium
Inner Girivalam Path / Forest Tract (Restricted),12.239423982127969,79.08503175701667,18,0,0,11,High,Low,High,High,69.2,Medium
Inner Girivalam Path / Forest Tract (Restricted),12.241669417160095,79.08412160361343,20,0,0,3,High,Low,Medium,High,53.7,Medium
Inner Girivalam Path / Forest Tract (Restricted),12.24088551885927,79.08613110318646,21,0,0,4,Medium,Medium,Medium,High,67.6,Medium
Inner Girivalam Path / Forest Tract (Restricted),12.241841534918741,79.08362567295055,11,0,0,2,Low,High,Medium,High,75.0,High
Inner Girivalam Path / Forest Tract (Restricted),12.24179581022041,79.08431798738465,16,0,0,5,Low,Medium,Low,High,81.3,High
Inner Girivalam Path / Forest Tract (Restricted),12.238945626603126,79.08549019435125,12,0,1,6,High,Low,Medium,High,66.3,Medium
Inner Girivalam Path / Forest Tract (Restricted),12.238980623627361,79.08550762420937,0,0,0,3,Low,Low,High,High,87.6,High
Inner Girivalam Path / Forest Tract (Restricted),12.239825629051715,79.08465642625228,5,0,0,3,Low,Medium,Low,High,64.3,Medium
Inner Girivalam Path / Forest Tract (Restricted),12.23944320237637,79.0836414753953,13,0,0,4,Medium,Medium,High,High,76.1,High
Inner Girivalam Path / Forest Tract (Restricted),12.240499734894227,79.08597804809659,10,0,1,3,Medium,Low,Low,High,49.6,Medium
Inner Girivalam Path / Forest Tract (Restricted),12.238089197655805,79.08549759222271,5,0,1,4,Medium,Low,Low,High,50.3,Medium
Inner Girivalam Path / Forest Tract (Restricted),12.240521693182886,79.08593771848032,1,0,0,7,Medium,Low,Medium,High,92.6,High
Inner Girivalam Path / Forest Tract (Restricted),12.23821895292758,79.08612306353068,20,0,0,4,High,Medium,Low,High,51.9,Medium
Inner Girivalam Path / Forest Tract (Restricted),12.240090139542563,79.08582277238362,3,0,0,3,Low,High,High,High,100.0,High
Inner Girivalam Path / Forest Tract (Restricted),12.239131166070523,79.08541876598912,21,0,0,6,Medium,Medium,High,High,72.5,High
Inner Girivalam Path / Forest Tract (Restricted),12.23911916984587,79.08420484739709,0,0,0,4,Low,Low,Medium,High,88.9,High
Inner Girivalam Path / Forest Tract (Restricted),12.23879040023324,79.0847580224131,12,0,0,2,Medium,Low,Medium,High,39.1,Medium
Inner Girivalam Path / Forest Tract (Restricted),12.239687529765439,79.08663007655991,14,0,0,6,Medium,Low,Medium,High,68.3,Medium
Inner Girivalam Path / Forest Tract (Restricted),12.241863696906652,79.08645597257382,13,0,0,5,Low,Low,High,High,75.4,High
Inner Girivalam Path / Forest Tract (Restricted),12.239625459109165,79.08698931126058,13,0,0,5,Medium,High,High,High,80.7,High
Inner Girivalam Path / Forest Tract (Restricted),12.24049723570617,79.08543186847545,11,0,0,4,Medium,Low,High,High,64.4,Medium
Inner Girivalam Path / Forest Tract (Restricted),12.2411665362463,79.08646884554047,19,0,0,0,Medium,Low,Low,High,25.6,Low
Inner Girivalam Path / Forest Tract (Restricted),12.239933154710895,79.08520756521028,17,0,0,5,High,Low,Medium,High,54.9,Medium
Inner Girivalam Path / Forest Tract (Restricted),12.238034689498987,79.08585761378475,20,0,0,1,High,Medium,Medium,High,41.5,Medium
Inner Girivalam Path / Forest Tract (Restricted),12.24107801601395,79.0841782424295,1,0,0,4,Medium,Low,High,High,91.8,High
Inner Girivalam Path / Forest Tract (Restricted),12.240628102555068,79.08622195231374,21,0,0,2,High,Medium,Medium,High,53.1,Medium
Inner Girivalam Path / Forest Tract (Restricted),12.238193327134976,79.08326834600196,10,0,0,4,Medium,Low,High,High,56.3,Medium
Inner Girivalam Path / Forest Tract (Restricted),12.239916555649504,79.08609643066461,6,0,0,6,Medium,Low,Low,High,62.3,Medium
Inner Girivalam Path / Forest Tract (Restricted),12.238571710518304,79.08433056378313,2,0,0,5,Medium,Medium,Medium,High,91.4,High
Inner Girivalam Path / Forest Tract (Restricted),12.238981136654234,79.08628052405358,14,0,0,7,High,Low,Low,High,62.0,Medium
Inner Girivalam Path / Forest Tract (Restricted),12.240145013170789,79.08551291101162,3,0,0,6,Medium,Low,High,High,95.6,High
Inner Girivalam Path / Forest Tract (Restricted),12.239682086323876,79.08583311866168,6,0,1,3,Low,Medium,Low,High,58.1,Medium
Inner Girivalam Path / Forest Tract (Restricted),12.239600685852666,79.08438077854076,4,1,0,1,Low,Low,Low,High,71.6,High
Inner Girivalam Path / Forest Tract (Restricted),12.23873308801298,79.08562541522987,15,0,0,3,Medium,Low,High,High,57.7,Medium
Inner Girivalam Path / Forest Tract (Restricted),12.239387301512124,79.08364580794168,16,0,0,4,High,Low,Low,High,46.8,Medium
Inner Girivalam Path / Forest Tract (Restricted),12.239312381156617,79.08399181457439,20,0,0,4,Low,Low,High,High,71.8,High
Inner Girivalam Path / Forest Tract (Restricted),12.240827961158793,79.08561375439123,3,0,0,1,Low,Low,Medium,High,75.6,High
Inner Girivalam Path / Forest Tract (Restricted),12.240377056425244,79.08653003530861,4,0,0,3,Medium,Low,Low,High,70.5,High
Inner Girivalam Path / Forest Tract (Restricted),12.239660353429215,79.08497176010789,20,0,0,7,Low,Low,High,High,79.6,High
Inner Girivalam Path / Forest Tract (Restricted),12.239475116600117,79.08489774824339,4,0,1,1,Medium,Low,Medium,High,71.1,High
Inner Girivalam Path / Forest Tract (Restricted),12.23896385763998,79.08354727379943,0,0,0,3,Low,Medium,Medium,High,90.7,High
Inner Girivalam Path / Forest Tract (Restricted),12.24119602692619,79.0847512867588,15,0,0,2,High,Low,Medium,High,51.8,Medium
Inner Girivalam Path / Forest Tract (Restricted),12.240792506488877,79.08436355207598,19,0,0,6,High,Low,Medium,High,61.7,Medium
Inner Girivalam Path / Forest Tract (Restricted),12.24122316639976,79.08684962382085,11,0,1,3,High,Medium,High,High,64.5,Medium
Inner Girivalam Path / Forest Tract (Restricted),12.240225124888171,79.08671907697249,3,0,1,6,Medium,Medium,Medium,High,95.0,High
Inner Girivalam Path / Forest Tract (Restricted),12.239470562508066,79.0850119940439,5,0,0,1,Low,Medium,Medium,High,66.2,Medium
Inner Girivalam Path / Forest Tract (Restricted),12.238333010508237,79.08301100669128,14,0,0,3,Low,Medium,High,High,66.3,Medium
Inner Girivalam Path / Forest Tract (Restricted),12.23896103983479,79.08346057051772,0,0,0,7,High,Medium,Low,High,97.8,High
Inner Girivalam Path / Forest Tract (Restricted),12.240484638602968,79.08687564800651,6,0,0,6,Medium,Low,Medium,High,66.4,Medium
Inner Girivalam Path / Forest Tract (Restricted),12.238253069016444,79.08423212559596,16,0,1,1,High,Low,Low,High,34.7,Medium
Inner Girivalam Path / Forest Tract (Restricted),12.240503918330766,79.08383200473124,21,0,0,6,High,Medium,Medium,High,74.6,High
Inner Girivalam Path / Forest Tract (Restricted),12.239874668052002,79.08472604706307,7,0,0,9,Low,Low,Medium,High,75.7,High
Inner Girivalam Path / Forest Tract (Restricted),12.240272594095062,79.08488800308837,5,0,1,3,High,Medium,Low,High,51.9,Medium
Inner Girivalam Path / Forest Tract (Restricted),12.239870904897066,79.08363160509148,2,0,0,5,High,Low,Medium,High,73.8,High
Inner Girivalam Path / Forest Tract (Restricted),12.241758067865929,79.08634929412084,22,0,0,4,Medium,Low,Medium,High,81.4,High
Inner Girivalam Path / Forest Tract (Restricted),12.23877410672661,79.08624248960889,0,0,0,5,Medium,Low,High,High,91.6,High
Inner Girivalam Path / Forest Tract (Restricted),12.239994693255618,79.0834278894362,11,0,0,5,High,Low,High,High,60.2,Medium
Inner Girivalam Path / Forest Tract (Restricted),12.240550821804758,79.08557594636235,11,1,1,3,Medium,Medium,Low,High,46.7,Medium
Inner Girivalam Path / Forest Tract (Restricted),12.239334229319894,79.08457213404402,10,0,0,2,Low,Low,Medium,High,64.4,Medium
Inner Girivalam Path / Forest Tract (Restricted),12.240070710210134,79.08649010092364,18,0,0,2,Medium,Medium,Medium,High,54.0,Medium
Inner Girivalam Path / Forest Tract (Restricted),12.238403202631988,79.08665475726185,8,0,0,5,High,Medium,Low,High,68.6,Medium
Inner Girivalam Path / Forest Tract (Restricted),12.239830563172571,79.08328753508137,20,0,0,2,Low,Medium,Medium,High,68.8,Medium
Inner Girivalam Path / Forest Tract (Restricted),12.239233348893523,79.08506291289315,19,0,0,5,Low,Medium,Medium,High,75.1,High
Inner Girivalam Path / Forest Tract (Restricted),12.238566248078543,79.08371599537011,19,0,0,5,Medium,Low,High,High,76.6,High
Inner Girivalam Path / Forest Tract (Restricted),12.239314197257908,79.08339695354074,21,0,0,8,Medium,Low,Low,High,61.1,Medium
Inner Girivalam Path / Forest Tract (Restricted),12.241734967643485,79.08539537135904,0,0,0,3,Medium,Medium,Medium,High,85.9,High
Inner Girivalam Path / Forest Tract (Restricted),12.239166380036194,79.08659035473768,10,0,1,1,High,High,Low,High,49.8,Medium
Inner Girivalam Path / Forest Tract (Restricted),12.238314066663477,79.08558344925767,5,0,1,1,High,Low,Low,High,29.8,Low
Inner Girivalam Path / Forest Tract (Restricted),12.239521310878468,79.08446113473144,9,0,0,3,Medium,Low,Low,High,42.8,Medium
Inner Girivalam Path / Forest Tract (Restricted),12.241249962558891,79.08310369719149,10,0,0,3,High,Medium,High,High,56.4,Medium
Inner Girivalam Path / Forest Tract (Restricted),12.241982980541014,79.08382637467783,12,0,0,2,High,Low,Low,High,45.0,Medium
Inner Girivalam Path / Forest Tract (Restricted),12.240001191206995,79.08583586491596,1,1,0,3,Low,Medium,Medium,High,87.4,High
Inner Girivalam Path / Forest Tract (Restricted),12.2406288845106,79.08390945417716,18,1,0,3,High,Low,High,High,47.6,Medium
Inner Girivalam Path / Forest Tract (Restricted),12.241048864345542,79.08545763303391,0,0,0,3,Low,Medium,Low,High,90.0,High
Inner Girivalam Path / Forest Tract (Restricted),12.241743228797487,79.08418461563936,6,0,0,5,High,Medium,Medium,High,76.8,High
Inner Girivalam Path / Forest Tract (Restricted),12.23972545950387,79.08669194803124,20,0,1,4,Medium,Low,Medium,High,64.5,Medium
Inner Girivalam Path / Forest Tract (Restricted),12.239412523677318,79.08349151677784,5,0,0,2,Low,Medium,Low,High,63.6,Medium
Inner Girivalam Path / Forest Tract (Restricted),12.241374752388511,79.08586595212277,6,0,0,5,Medium,Medium,Low,High,73.1,High
Inner Girivalam Path / Forest Tract (Restricted),12.241782757373837,79.0831849022325,14,0,0,2,Low,Low,Medium,High,57.3,Medium
Inner Girivalam Path / Forest Tract (Restricted),12.241053019819496,79.08547978196992,1,0,0,1,Low,Low,Medium,High,68.5,Medium
Inner Girivalam Path / Forest Tract (Restricted),12.240600890562705,79.0842994400981,7,0,0,7,Medium,Low,Medium,High,72.2,High
Inner Girivalam Path / Forest Tract (Restricted),12.241445724431891,79.08349612300067,20,1,0,6,Medium,Medium,Medium,High,72.3,High
Inner Girivalam Path / Forest Tract (Restricted),12.241447291769614,79.08435122767885,6,0,0,5,Medium,Medium,Medium,High,82.6,High
Inner Girivalam Path / Forest Tract (Restricted),12.239964409001415,79.08430763474261,19,1,0,6,Low,Low,Low,High,72.5,High
Inner Girivalam Path / Forest Tract (Restricted),12.241192469376637,79.0850962650112,4,0,0,2,Medium,Medium,High,High,77.6,High
Inner Girivalam Path / Forest Tract (Restricted),12.24117201559453,79.08495667947629,19,0,1,6,Medium,Low,Medium,High,62.0,Medium
Inner Girivalam Path / Forest Tract (Restricted),12.23895162535754,79.08678408218475,20,0,0,3,Low,Low,High,High,67.3,Medium
Inner Girivalam Path / Forest Tract (Restricted),12.239687976236016,79.08533350932731,15,0,0,4,High,Low,High,High,65.0,Medium
Inner Girivalam Path / Forest Tract (Restricted),12.241048356188873,79.08494990144868,16,1,0,1,Medium,Low,Medium,High,41.0,Medium
Inner Girivalam Path / Forest Tract (Restricted),12.241167840681811,79.08599152906154,13,0,0,3,Medium,Low,Medium,High,61.8,Medium
Inner Girivalam Path / Forest Tract (Restricted),12.24160538524842,79.08613156073889,21,0,0,2,Medium,Medium,Low,High,56.9,Medium
Inner Girivalam Path / Forest Tract (Restricted),12.24008017961969,79.08546362142314,11,0,0,4,Medium,Medium,High,High,72.5,High
Inner Girivalam Path / Forest Tract (Restricted),12.24132158935625,79.08443846367264,20,0,0,2,Medium,Medium,High,High,58.4,Medium
Inner Girivalam Path / Forest Tract (Restricted),12.238877010480637,79.08458597051961,1,0,0,1,Medium,Low,Medium,High,71.1,High
Inner Girivalam Path / Forest Tract (Restricted),12.240408291199692,79.08503842061921,20,0,0,5,Low,Medium,Low,High,79.8,High
Inner Girivalam Path / Forest Tract (Restricted),12.240170710158495,79.08670015760143,8,0,1,2,High,Low,High,High,45.2,Medium
Inner Girivalam Path / Forest Tract (Restricted),12.239933445700087,79.0841991641322,7,0,0,2,High,Low,High,High,50.1,Medium
Inner Girivalam Path / Forest Tract (Restricted),12.239086740749485,79.08322049850837,14,0,0,4,High,Low,High,High,59.6,Medium
Inner Girivalam Path / Forest Tract (Restricted),12.241420670044512,79.08557610416176,12,0,0,1,Medium,Low,Medium,High,38.7,Medium
Inner Girivalam Path / Forest Tract (Restricted),12.239603679022498,79.08560066544362,22,0,0,2,High,Medium,Medium,High,71.8,High
Inner Girivalam Path / Forest Tract (Restricted),12.24012841714702,79.0854090592224,21,0,0,6,Low,Low,Medium,High,77.5,High
Inner Girivalam Path / Forest Tract (Restricted),12.239888146576707,79.08488052158914,23,1,1,2,High,Low,Low,High,73.2,High
Inner Girivalam Path / Forest Tract (Restricted),12.23941303951889,79.08354727211471,13,0,0,4,Medium,Medium,High,High,69.3,Medium
Inner Girivalam Path / Forest Tract (Restricted),12.23820162495284,79.0835465008803,5,0,0,2,Low,Low,Medium,High,49.6,Medium
Inner Girivalam Path / Forest Tract (Restricted),12.239672454676692,79.08351362849896,19,0,1,3,Low,Low,Low,High,63.4,Medium
Inner Girivalam Path / Forest Tract (Restricted),12.241834184948528,79.08451701783537,20,0,0,1,High,Medium,Medium,High,52.5,Medium
Inner Girivalam Path / Forest Tract (Restricted),12.238390739883334,79.08441079890163,9,0,1,4,Low,Low,Low,High,70.1,High
Inner Girivalam Path / Forest Tract (Restricted),12.240883992195847,79.08375829739418,21,1,0,3,Medium,Low,Medium,High,54.4,Medium
Inner Girivalam Path / Forest Tract (Restricted),12.239239026237428,79.08581966090651,13,0,0,1,Low,Low,Low,High,46.5,Medium
Inner Girivalam Path / Forest Tract (Restricted),12.238553931386248,79.0837153692783,11,0,0,7,Low,Medium,Low,High,82.0,High
Inner Girivalam Path / Forest Tract (Restricted),12.241206121654344,79.08508350436377,23,0,0,6,Low,Low,Medium,High,100.0,High
Inner Girivalam Path / Forest Tract (Restricted),12.241070270744208,79.08625441541851,14,0,1,6,Medium,High,High,High,81.2,High
Inner Girivalam Path / Forest Tract (Restricted),12.239507588008896,79.0867748919299,18,0,0,3,High,Low,High,High,50.0,Medium
Inner Girivalam Path / Forest Tract (Restricted),12.241276433068544,79.08559965325121,14,0,1,3,Medium,Low,High,High,59.7,Medium
Inner Girivalam Path / Forest Tract (Restricted),12.241572013574208,79.08543117159252,16,0,0,3,High,Low,Medium,High,40.0,Medium
Inner Girivalam Path / Forest Tract (Restricted),12.240021144469317,79.08628054739162,23,0,0,4,Medium,Low,Low,High,85.7,High
Inner Girivalam Path / Forest Tract (Restricted),12.239159199836175,79.08493172079719,14,0,0,2,Medium,Medium,Medium,High,56.6,Medium
Inner Girivalam Path / Forest Tract (Restricted),12.238975739364209,79.08365507609786,11,0,0,4,High,Low,High,High,72.2,High
Inner Girivalam Path / Forest Tract (Restricted),12.240766240090714,79.08432496710762,1,0,0,5,Medium,Medium,Low,High,85.9,High
Inner Girivalam Path / Forest Tract (Restricted),12.238633236018822,79.08602541307118,0,0,0,4,Low,Low,Low,High,91.5,High
Inner Girivalam Path / Forest Tract (Restricted),12.23902377044891,79.086873971579,13,0,0,2,Medium,Medium,Low,High,54.3,Medium
Inner Girivalam Path / Forest Tract (Restricted),12.24096793821879,79.08587926198577,9,0,0,4,Medium,High,Low,High,71.7,High
Inner Girivalam Path / Forest Tract (Restricted),12.2405260256461,79.08410590798768,0,0,0,4,Medium,Low,Low,High,78.3,High
Inner Girivalam Path / Forest Tract (Restricted),12.238967821464486,79.086101167411,4,1,0,5,Medium,Low,Medium,High,85.1,High
Inner Girivalam Path / Forest Tract (Restricted),12.240640802000371,79.0853785441794,4,0,1,3,Medium,Medium,Medium,High,86.6,High
Inner Girivalam Path / Forest Tract (Restricted),12.240801128384744,79.08323376088283,7,0,0,5,Low,Medium,Low,High,84.2,High
Inner Girivalam Path / Forest Tract (Restricted),12.239468943352978,79.08484526939628,18,0,0,3,Low,Low,High,High,66.5,Medium
Inner Girivalam Path / Forest Tract (Restricted),12.239338822856515,79.08666720490662,9,0,0,3,Medium,Medium,Medium,High,54.3,Medium
Inner Girivalam Path / Forest Tract (Restricted),12.238222386620114,79.0865646312282,16,0,0,4,Low,Low,Medium,High,64.5,Medium
Inner Girivalam Path / Forest Tract (Restricted),12.238499457275173,79.08405693124874,20,0,0,2,Medium,High,Medium,High,62.1,Medium
Inner Girivalam Path / Forest Tract (Restricted),12.238785219931412,79.08324903842741,9,0,0,5,High,High,Low,High,70.1,High
Inner Girivalam Path / Forest Tract (Restricted),12.241998596975701,79.08440997101881,22,0,0,4,Low,Low,Medium,High,86.5,High
Inner Girivalam Path / Forest Tract (Restricted),12.24032516171073,79.08538508777286,3,0,0,0,Medium,High,Low,High,62.0,Medium
Inner Girivalam Path / Forest Tract (Restricted),12.240510215375503,79.0848154406799,17,0,0,3,Low,Low,Low,High,64.2,Medium
Inner Girivalam Path / Forest Tract (Restricted),12.239177243594636,79.08538864168379,10,0,0,2,High,Medium,Medium,High,48.9,Medium
Inner Girivalam Path / Forest Tract (Restricted),12.239953810973999,79.08554738552016,3,1,0,3,Low,Low,Medium,High,94.3,High
Inner Girivalam Path / Forest Tract (Restricted),12.239606852505087,79.08647556817658,5,1,0,5,High,Medium,Medium,High,76.7,High
Inner Girivalam Path / Forest Tract (Restricted),12.241955808191461,79.08593666315454,11,0,0,1,Medium,Medium,High,High,45.3,Medium
Inner Girivalam Path / Forest Tract (Restricted),12.240604759147447,79.08602800909851,23,0,0,5,Medium,Low,Medium,High,94.6,High
Inner Girivalam Path / Forest Tract (Restricted),12.24042303074738,79.08387898839814,17,0,0,5,High,Medium,High,High,68.4,Medium
Inner Girivalam Path / Forest Tract (Restricted),12.23868759679414,79.08551588579074,6,0,0,3,Medium,Low,Medium,High,57.2,Medium
Inner Girivalam Path / Forest Tract (Restricted),12.241506868634824,79.08383339979459,20,0,0,3,Low,Low,Medium,High,62.6,Medium
Inner Girivalam Path / Forest Tract (Restricted),12.238319085910828,79.08319228564089,22,0,0,2,Medium,Low,High,High,66.9,Medium
Inner Girivalam Path / Forest Tract (Restricted),12.239293411274488,79.08569181778996,21,0,0,2,Low,Medium,Low,High,59.7,Medium
Inner Girivalam Path / Forest Tract (Restricted),12.240663010312145,79.08645400380819,8,0,0,2,Low,Low,Medium,High,59.9,Medium
Inner Girivalam Path / Forest Tract (Restricted),12.241462740868393,79.08692067480598,8,0,0,5,Medium,High,Low,High,76.4,High
Inner Girivalam Path / Forest Tract (Restricted),12.23931215704285,79.08636657446074,12,0,0,4,Medium,High,High,High,77.5,High
"VOC Nagar (Hill Base, Landslide-Prone Zone)",12.227269258193406,79.06361974799606,22,0,0,2,High,Medium,Low,Medium,47.4,Medium
"VOC Nagar (Hill Base, Landslide-Prone Zone)",12.226513326089322,79.0628787108477,12,0,0,1,Medium,Low,Low,Medium,17.9,Low
"VOC Nagar (Hill Base, Landslide-Prone Zone)",12.226604281977082,79.0620567336268,0,0,0,2,Low,Medium,High,Medium,80.1,High
"VOC Nagar (Hill Base, Landslide-Prone Zone)",12.226972754005702,79.06571371876508,14,0,1,7,Low,High,Medium,High,98.4,High
"VOC Nagar (Hill Base, Landslide-Prone Zone)",12.22972919339893,79.062158952545,8,0,0,1,Low,Medium,High,Medium,39.4,Medium
"VOC Nagar (Hill Base, Landslide-Prone Zone)",12.229254287108837,79.0657551124991,16,0,0,3,Low,High,Medium,Medium,66.2,Medium
"VOC Nagar (Hill Base, Landslide-Prone Zone)",12.227781475467932,79.06240656264643,12,0,0,2,Medium,Low,High,Medium,31.1,Medium
"VOC Nagar (Hill Base, Landslide-Prone Zone)",12.228996520367817,79.0632286437775,14,0,0,5,Medium,High,Medium,Medium,60.8,Medium
"VOC Nagar (Hill Base, Landslide-Prone Zone)",12.227683530790225,79.06478459060232,8,0,0,4,Medium,Low,Low,Medium,33.1,Medium
"VOC Nagar (Hill Base, Landslide-Prone Zone)",12.228214790374503,79.06472172914563,12,0,0,4,Low,Medium,Medium,Medium,64.6,Medium
"VOC Nagar (Hill Base, Landslide-Prone Zone)",12.228955155633763,79.06498018419403,7,0,1,3,Medium,High,High,High,79.2,High
"VOC Nagar (Hill Base, Landslide-Prone Zone)",12.226255998791489,79.06394651567624,13,0,0,2,Low,Low,Low,Medium,40.5,Medium
"VOC Nagar (Hill Base, Landslide-Prone Zone)",12.229842550674833,79.06265739849347,15,0,0,2,Medium,Medium,Medium,Medium,30.4,Medium
"VOC Nagar (Hill Base, Landslide-Prone Zone)",12.228928953973579,79.06386543938807,6,0,0,2,Medium,Low,Medium,Medium,33.9,Medium
"VOC Nagar (Hill Base, Landslide-Prone Zone)",12.228103272213309,79.06224715171045,23,0,1,3,Medium,High,Medium,High,89.1,High
"VOC Nagar (Hill Base, Landslide-Prone Zone)",12.227120053131587,79.06599494451642,6,0,0,0,High,Low,High,Medium,19.3,Low
"VOC Nagar (Hill Base, Landslide-Prone Zone)",12.229551810397618,79.06519050042328,3,0,0,2,Low,Low,Medium,Medium,65.4,Medium
"VOC Nagar (Hill Base, Landslide-Prone Zone)",12.22912450947067,79.06414363350699,8,0,0,2,High,Low,High,Medium,32.2,Medium
"VOC Nagar (Hill Base, Landslide-Prone Zone)",12.227035617825535,79.06383615174677,1,1,0,0,High,High,Medium,Medium,56.4,Medium
"VOC Nagar (Hill Base, Landslide-Prone Zone)",12.228972907574162,79.06431332700328,22,0,0,1,Medium,Low,Medium,Medium,41.8,Medium
"VOC Nagar (Hill Base, Landslide-Prone Zone)",12.2291513780962,79.06216379095554,15,0,0,3,Medium,Medium,High,Medium,47.4,Medium
"VOC Nagar (Hill Base, Landslide-Prone Zone)",12.228814958183166,79.06247243356981,17,0,0,1,Low,Medium,Low,Medium,43.3,Medium
"VOC Nagar (Hill Base, Landslide-Prone Zone)",12.227472569344904,79.06553233327064,9,0,0,2,Low,Low,Low,Medium,32.2,Medium
"VOC Nagar (Hill Base, Landslide-Prone Zone)",12.227957214282227,79.06238736369953,18,0,0,5,Medium,High,Medium,Medium,62.9,Medium
"VOC Nagar (Hill Base, Landslide-Prone Zone)",12.226775490041899,79.06564557560009,5,1,0,1,Medium,Medium,Medium,Medium,30.4,Medium
"VOC Nagar (Hill Base, Landslide-Prone Zone)",12.22981014957348,79.06248837154271,4,0,0,2,High,High,Medium,Medium,69.0,Medium
"VOC Nagar (Hill Base, Landslide-Prone Zone)",12.227308760233402,79.06286346023667,3,0,0,1,Low,Low,Medium,Medium,60.0,Medium
"VOC Nagar (Hill Base, Landslide-Prone Zone)",12.227966356677014,79.0629603659596,11,0,0,0,Low,Medium,Low,Medium,32.8,Medium
"VOC Nagar (Hill Base, Landslide-Prone Zone)",12.227611081323456,79.065957213465,18,0,0,2,Low,Low,Medium,Medium,39.6,Medium
"VOC Nagar (Hill Base, Landslide-Prone Zone)",12.227623703949558,79.0651224909315,11,0,0,0,Medium,Medium,Low,Medium,21.8,Low
"VOC Nagar (Hill Base, Landslide-Prone Zone)",12.228263043320307,79.06593447572534,2,0,0,3,Low,Low,High,Medium,81.4,High
"VOC Nagar (Hill Base, Landslide-Prone Zone)",12.226065257833106,79.06300925143911,23,0,0,5,Medium,Medium,Medium,Medium,75.9,High
"VOC Nagar (Hill Base, Landslide-Prone Zone)",12.227335396303124,79.06385604589993,10,0,0,1,Low,Low,Low,Medium,37.5,Medium
"VOC Nagar (Hill Base, Landslide-Prone Zone)",12.228403998228456,79.06278979579137,22,0,1,4,Medium,High,High,High,100.0,High
"VOC Nagar (Hill Base, Landslide-Prone Zone)",12.228034743621777,79.06543850510556,6,0,0,5,Medium,Medium,High,Medium,59.3,Medium
"VOC Nagar (Hill Base, Landslide-Prone Zone)",12.227183828929672,79.06223955799568,11,0,0,0,High,Low,Medium,Medium,14.0,Low
"VOC Nagar (Hill Base, Landslide-Prone Zone)",12.227920993428562,79.06352915498199,23,0,0,2,Medium,Low,Low,Medium,58.8,Medium
"VOC Nagar (Hill Base, Landslide-Prone Zone)",12.229378335530678,79.06223801612335,12,0,1,4,Low,High,Medium,High,82.7,High
"VOC Nagar (Hill Base, Landslide-Prone Zone)",12.228841404571071,79.06336730560415,19,0,1,3,High,High,Medium,High,66.0,Medium
"VOC Nagar (Hill Base, Landslide-Prone Zone)",12.229155805046373,79.06484685417507,5,0,0,1,High,Low,Medium,Medium,19.8,Low
"VOC Nagar (Hill Base, Landslide-Prone Zone)",12.229137468389222,79.06585104154104,20,0,0,1,Medium,Low,Low,Medium,20.1,Low
"VOC Nagar (Hill Base, Landslide-Prone Zone)",12.22740770302938,79.06368202325072,13,0,1,5,Medium,High,Medium,High,81.8,High
"VOC Nagar (Hill Base, Landslide-Prone Zone)",12.227199755436226,79.06434114753864,8,0,0,1,Low,Medium,High,Medium,47.0,Medium
"VOC Nagar (Hill Base, Landslide-Prone Zone)",12.22790080180657,79.06390829662729,11,0,0,3,Medium,Medium,Medium,Medium,44.4,Medium
"VOC Nagar (Hill Base, Landslide-Prone Zone)",12.22770132774351,79.06467177623402,13,1,0,0,Low,Low,Medium,Medium,21.9,Low
"VOC Nagar (Hill Base, Landslide-Prone Zone)",12.229000322503872,79.06413431869656,18,0,0,2,Low,Low,Medium,Medium,40.0,Medium
"VOC Nagar (Hill Base, Landslide-Prone Zone)",12.227593188492254,79.06284388491662,4,0,0,2,Medium,Low,High,Medium,63.3,Medium
"VOC Nagar (Hill Base, Landslide-Prone Zone)",12.226005612526366,79.06297726748605,16,0,0,1,Medium,Medium,Medium,Medium,37.8,Medium
"VOC Nagar (Hill Base, Landslide-Prone Zone)",12.226056453447745,79.06413037740937,13,0,0,1,Low,Low,High,Medium,45.6,Medium
"VOC Nagar (Hill Base, Landslide-Prone Zone)",12.226885349973843,79.06527121890234,10,0,1,0,Medium,High,Medium,High,53.3,Medium
"VOC Nagar (Hill Base, Landslide-Prone Zone)",12.226367233119715,79.06549933539239,12,1,0,0,Low,High,Low,Medium,31.9,Medium
"VOC Nagar (Hill Base, Landslide-Prone Zone)",12.228600318957646,79.06426900493842,22,0,0,2,High,High,Medium,Medium,70.1,High
"VOC Nagar (Hill Base, Landslide-Prone Zone)",12.22985395148031,79.06212889995307,14,0,0,2,Low,Low,Low,Medium,36.1,Medium
"VOC Nagar (Hill Base, Landslide-Prone Zone)",12.227985485381403,79.06287928624481,11,0,0,1,High,Medium,Medium,Medium,35.1,Medium
"VOC Nagar (Hill Base, Landslide-Prone Zone)",12.2278983919771,79.06456001626634,7,0,0,3,Low,Low,High,Medium,49.0,Medium
"VOC Nagar (Hill Base, Landslide-Prone Zone)",12.229474202631772,79.06481518183965,6,0,0,0,Low,Medium,Low,Medium,29.7,Low
"VOC Nagar (Hill Base, Landslide-Prone Zone)",12.229124808749036,79.06268785729891,2,0,0,2,Medium,Low,Low,Medium,47.0,Medium
"VOC Nagar (Hill Base, Landslide-Prone Zone)",12.226672673463497,79.06388189777311,22,0,0,2,Low,High,Low,Medium,68.7,Medium
"VOC Nagar (Hill Base, Landslide-Prone Zone)",12.229357824049558,79.06494244353188,20,0,0,1,Medium,Low,High,Medium,30.3,Medium
"VOC Nagar (Hill Base, Landslide-Prone Zone)",12.22954881155524,79.06359187905215,17,0,0,2,Medium,Low,High,Medium,31.2,Medium
"VOC Nagar (Hill Base, Landslide-Prone Zone)",12.226859703713197,79.0635724365236,16,0,0,2,Medium,Low,High,Medium,34.4,Medium
"VOC Nagar (Hill Base, Landslide-Prone Zone)",12.228460173518142,79.06566305881006,10,0,1,4,Low,High,High,High,97.0,High
"VOC Nagar (Hill Base, Landslide-Prone Zone)",12.227213393992196,79.06322794375774,15,0,0,1,Medium,Medium,Low,Medium,31.5,Medium
"VOC Nagar (Hill Base, Landslide-Prone Zone)",12.228881453175758,79.0630087579873,16,0,1,2,High,High,Low,High,49.0,Medium
"VOC Nagar (Hill Base, Landslide-Prone Zone)",12.227992258161892,79.0656558345085,2,0,0,0,Low,High,Medium,Medium,61.4,Medium
"VOC Nagar (Hill Base, Landslide-Prone Zone)",12.22710155311166,79.06419013956588,2,0,0,1,High,Low,High,Medium,51.3,Medium
"VOC Nagar (Hill Base, Landslide-Prone Zone)",12.226964409635908,79.06542645451627,13,0,0,3,Low,Medium,High,Medium,63.4,Medium
"VOC Nagar (Hill Base, Landslide-Prone Zone)",12.22716210397615,79.06591585072205,16,0,0,2,Low,Low,Medium,Medium,46.5,Medium
"VOC Nagar (Hill Base, Landslide-Prone Zone)",12.227277366039845,79.06254515076998,3,0,0,0,Low,Medium,Medium,Medium,60.8,Medium
"VOC Nagar (Hill Base, Landslide-Prone Zone)",12.229282818177472,79.06469681602566,2,0,0,2,Low,Low,Medium,Medium,62.9,Medium
"VOC Nagar (Hill Base, Landslide-Prone Zone)",12.227663303921245,79.06530696202576,9,0,0,6,Low,Low,High,Medium,67.3,Medium
"VOC Nagar (Hill Base, Landslide-Prone Zone)",12.229641919619587,79.06279472892723,17,0,0,1,High,Medium,Medium,Medium,28.6,Low
"VOC Nagar (Hill Base, Landslide-Prone Zone)",12.226907364078457,79.06234566461609,22,0,0,3,Medium,Low,High,Medium,64.7,Medium
"VOC Nagar (Hill Base, Landslide-Prone Zone)",12.226396172120445,79.06592740541068,23,0,0,0,Medium,Medium,Medium,Medium,50.9,Medium
"VOC Nagar (Hill Base, Landslide-Prone Zone)",12.22890262005962,79.06272986491975,14,0,1,1,Low,High,Medium,High,65.3,Medium
"VOC Nagar (Hill Base, Landslide-Prone Zone)",12.228246225316004,79.06526314380807,22,0,0,1,Low,Low,High,Medium,62.8,Medium
"VOC Nagar (Hill Base, Landslide-Prone Zone)",12.227026048527117,79.06251510253679,11,0,0,3,High,High,Medium,Medium,52.8,Medium
"VOC Nagar (Hill Base, Landslide-Prone Zone)",12.227362486358752,79.0654948402034,21,0,0,2,High,Medium,High,Medium,38.3,Medium
"VOC Nagar (Hill Base, Landslide-Prone Zone)",12.228233142492838,79.06562043119109,5,0,0,1,Low,Low,Medium,Medium,34.8,Medium
"VOC Nagar (Hill Base, Landslide-Prone Zone)",12.22895316540796,79.06480858800472,8,0,0,1,Low,High,Low,Medium,40.8,Medium
"VOC Nagar (Hill Base, Landslide-Prone Zone)",12.228475040169014,79.06371686471356,9,0,0,3,Medium,Low,Medium,Medium,35.3,Medium
"VOC Nagar (Hill Base, Landslide-Prone Zone)",12.22883839812617,79.06406645274592,6,0,1,6,High,High,Medium,High,74.9,High
"VOC Nagar (Hill Base, Landslide-Prone Zone)",12.227046860390253,79.06448490957246,16,0,0,2,Medium,Low,High,Medium,32.0,Medium
"VOC Nagar (Hill Base, Landslide-Prone Zone)",12.228540629280861,79.06428994622568,12,0,0,2,Low,Medium,Low,Medium,40.0,Medium
"VOC Nagar (Hill Base, Landslide-Prone Zone)",12.227632012375778,79.06495071122043,6,1,0,0,Low,Low,High,Medium,46.9,Medium
"VOC Nagar (Hill Base, Landslide-Prone Zone)",12.228547656466514,79.06235269824276,12,0,0,1,Low,High,High,Medium,52.2,Medium
"VOC Nagar (Hill Base, Landslide-Prone Zone)",12.229766470003302,79.06438086884881,16,0,0,0,Low,Low,High,Medium,40.8,Medium
"VOC Nagar (Hill Base, Landslide-Prone Zone)",12.226073893124898,79.06413947680763,13,0,0,1,Low,Low,Medium,Medium,40.4,Medium
"VOC Nagar (Hill Base, Landslide-Prone Zone)",12.226201540994854,79.06588952501615,6,0,1,1,High,High,Medium,High,54.6,Medium
"VOC Nagar (Hill Base, Landslide-Prone Zone)",12.227223878787361,79.06444543459568,11,0,0,2,Low,Medium,High,Medium,49.5,Medium
"VOC Nagar (Hill Base, Landslide-Prone Zone)",12.229855158438044,79.06427126794338,13,0,0,5,Low,Low,High,Medium,61.9,Medium
"VOC Nagar (Hill Base, Landslide-Prone Zone)",12.227533196213564,79.06488555705917,10,0,0,3,Medium,High,Medium,Medium,51.8,Medium
"VOC Nagar (Hill Base, Landslide-Prone Zone)",12.228436300835465,79.06515894308252,17,0,0,2,Medium,High,Medium,Medium,44.4,Medium
"VOC Nagar (Hill Base, Landslide-Prone Zone)",12.226231918850296,79.06228174035432,5,0,0,1,Low,Medium,High,Medium,45.1,Medium
"VOC Nagar (Hill Base, Landslide-Prone Zone)",12.229677710851561,79.06312084530911,21,0,0,8,Low,Low,High,Medium,67.8,Medium
"VOC Nagar (Hill Base, Landslide-Prone Zone)",12.228577800462643,79.06333835660837,21,0,0,4,Medium,Medium,High,Medium,51.6,Medium
"VOC Nagar (Hill Base, Landslide-Prone Zone)",12.226443814684124,79.0652592021063,16,0,0,1,High,High,High,Medium,37.8,Medium
"VOC Nagar (Hill Base, Landslide-Prone Zone)",12.228166539350392,79.06256354206529,2,0,0,1,Medium,Low,Low,Medium,46.9,Medium
"VOC Nagar (Hill Base, Landslide-Prone Zone)",12.226810497173416,79.06421372335198,10,0,0,1,Medium,Low,High,Medium,33.1,Medium
"VOC Nagar (Hill Base, Landslide-Prone Zone)",12.22853914117229,79.06503235762725,18,0,0,3,High,Medium,Medium,Medium,38.4,Medium
"VOC Nagar (Hill Base, Landslide-Prone Zone)",12.226463781725425,79.06388051411942,12,0,1,3,Low,High,Low,High,66.9,Medium
"VOC Nagar (Hill Base, Landslide-Prone Zone)",12.227487588364086,79.06340462584875,6,0,0,4,Medium,Medium,Low,Medium,45.0,Medium
"VOC Nagar (Hill Base, Landslide-Prone Zone)",12.228690431434135,79.06519792250985,21,0,0,1,High,Low,High,Medium,30.9,Medium
"VOC Nagar (Hill Base, Landslide-Prone Zone)",12.228114834198166,79.06360441856977,23,0,0,3,High,Medium,Medium,Medium,58.5,Medium
"VOC Nagar (Hill Base, Landslide-Prone Zone)",12.229373783784261,79.06499518226343,23,0,0,5,Medium,Low,Medium,Medium,65.1,Medium
"VOC Nagar (Hill Base, Landslide-Prone Zone)",12.229654927961976,79.06361244399311,17,0,0,3,Medium,Medium,High,Medium,49.5,Medium
"VOC Nagar (Hill Base, Landslide-Prone Zone)",12.229919938256783,79.06287449027259,17,0,0,1,High,Medium,Low,Medium,33.6,Medium
"VOC Nagar (Hill Base, Landslide-Prone Zone)",12.227707886005398,79.06279305980654,18,0,0,2,High,Low,High,Medium,30.3,Medium
"VOC Nagar (Hill Base, Landslide-Prone Zone)",12.229509968531307,79.06203642366782,19,0,0,1,Low,Medium,Low,Medium,46.0,Medium
"VOC Nagar (Hill Base, Landslide-Prone Zone)",12.227540969376205,79.06444197838815,16,0,0,2,High,Low,Medium,Medium,35.4,Medium
"VOC Nagar (Hill Base, Landslide-Prone Zone)",12.229797592690888,79.06584807997191,4,1,0,1,Medium,High,High,Medium,69.0,Medium
"VOC Nagar (Hill Base, Landslide-Prone Zone)",12.229701496071197,79.06262497549118,11,0,0,1,Low,Low,Medium,Medium,33.3,Medium
"VOC Nagar (Hill Base, Landslide-Prone Zone)",12.227074483821772,79.06249249833489,10,0,0,4,Medium,Medium,Medium,Medium,56.4,Medium
"VOC Nagar (Hill Base, Landslide-Prone Zone)",12.229057897458215,79.06320984269112,16,0,0,1,Low,High,Medium,Medium,47.3,Medium
"VOC Nagar (Hill Base, Landslide-Prone Zone)",12.227160177801823,79.06287203949486,4,0,0,0,Medium,Low,Medium,Medium,41.8,Medium
"VOC Nagar (Hill Base, Landslide-Prone Zone)",12.226124416787444,79.06419876148755,9,0,1,2,High,High,Medium,High,61.1,Medium
"VOC Nagar (Hill Base, Landslide-Prone Zone)",12.226342755404396,79.06523232966316,12,0,0,1,Low,Medium,Medium,Medium,41.9,Medium
"VOC Nagar (Hill Base, Landslide-Prone Zone)",12.227810486838873,79.06577651060903,0,0,0,2,Low,High,Low,Medium,85.0,High
"VOC Nagar (Hill Base, Landslide-Prone Zone)",12.228028564298466,79.06365759944767,16,0,0,2,Medium,Medium,Medium,Medium,45.0,Medium
"VOC Nagar (Hill Base, Landslide-Prone Zone)",12.22620550516352,79.06509544047962,9,0,0,1,Medium,High,Low,Medium,31.8,Medium
"VOC Nagar (Hill Base, Landslide-Prone Zone)",12.228539964498156,79.06443888338586,6,0,0,1,High,Low,High,Medium,16.5,Low
"VOC Nagar (Hill Base, Landslide-Prone Zone)",12.229177274394946,79.06534270233605,3,0,0,1,Medium,Low,High,Medium,53.3,Medium
"VOC Nagar (Hill Base, Landslide-Prone Zone)",12.228158697239913,79.06433429019329,5,0,0,0,Medium,Medium,Low,Medium,25.3,Low
"VOC Nagar (Hill Base, Landslide-Prone Zone)",12.229185312844429,79.0630214268222,0,0,0,0,Medium,Medium,High,Medium,49.0,Medium
"VOC Nagar (Hill Base, Landslide-Prone Zone)",12.226961051461059,79.06286123411024,16,0,0,0,Low,Medium,Low,Medium,34.8,Medium
"VOC Nagar (Hill Base, Landslide-Prone Zone)",12.228106540340745,79.06565312683895,17,0,0,2,Medium,Low,High,Medium,39.4,Medium
"VOC Nagar (Hill Base, Landslide-Prone Zone)",12.228706925859292,79.06527669603429,10,0,1,2,High,High,Medium,High,49.8,Medium
"VOC Nagar (Hill Base, Landslide-Prone Zone)",12.228806995474134,79.06275360448106,17,0,0,0,Low,Low,Low,Medium,33.8,Medium
"VOC Nagar (Hill Base, Landslide-Prone Zone)",12.228306128697989,79.06383312685612,17,1,0,1,Medium,Low,Low,Medium,30.1,Medium
"VOC Nagar (Hill Base, Landslide-Prone Zone)",12.228275008924447,79.06557988433678,22,0,0,2,Low,High,Low,Medium,79.3,High
"VOC Nagar (Hill Base, Landslide-Prone Zone)",12.229724331816406,79.06542382781052,1,1,0,2,Low,High,Low,Medium,83.2,High
"VOC Nagar (Hill Base, Landslide-Prone Zone)",12.227508101724041,79.06493519343817,1,1,1,4,Medium,High,Medium,High,95.8,High
"VOC Nagar (Hill Base, Landslide-Prone Zone)",12.229757077117032,79.06270108996608,7,0,0,1,Medium,Low,Medium,Medium,33.1,Medium
"VOC Nagar (Hill Base, Landslide-Prone Zone)",12.22671258374587,79.06586798884732,12,0,0,4,Medium,Medium,Low,Medium,54.3,Medium
"VOC Nagar (Hill Base, Landslide-Prone Zone)",12.227565903798197,79.06579636107463,18,0,1,8,Low,High,Medium,High,89.2,High
"VOC Nagar (Hill Base, Landslide-Prone Zone)",12.229613770050287,79.0650445980208,16,0,0,4,High,Low,Medium,Medium,32.3,Medium
"VOC Nagar (Hill Base, Landslide-Prone Zone)",12.228628513809317,79.06459626235177,22,0,0,4,Low,Low,Medium,Medium,73.7,High
"VOC Nagar (Hill Base, Landslide-Prone Zone)",12.226157002505722,79.06325591641327,2,0,1,3,Medium,High,Medium,High,87.9,High
"VOC Nagar (Hill Base, Landslide-Prone Zone)",12.227867136018371,79.06433585145635,2,0,0,4,Medium,Medium,Medium,Medium,75.7,High
"VOC Nagar (Hill Base, Landslide-Prone Zone)",12.227659717282481,79.06381974110974,18,0,1,3,Low,High,High,High,83.7,High
"VOC Nagar (Hill Base, Landslide-Prone Zone)",12.227094866938252,79.06240662030078,11,0,0,5,Medium,Medium,Medium,Medium,50.2,Medium
"VOC Nagar (Hill Base, Landslide-Prone Zone)",12.227354960197792,79.06506908306385,23,0,0,4,Low,Low,High,Medium,82.7,High
"VOC Nagar (Hill Base, Landslide-Prone Zone)",12.227487277999375,79.06524329615004,14,0,0,2,Low,Medium,Medium,Medium,58.0,Medium
"VOC Nagar (Hill Base, Landslide-Prone Zone)",12.227520592341936,79.06391545820271,22,0,0,4,Low,Low,High,Medium,88.6,High
"VOC Nagar (Hill Base, Landslide-Prone Zone)",12.228829400749568,79.06522530402032,20,0,0,3,Medium,Low,Medium,Medium,43.5,Medium
"VOC Nagar (Hill Base, Landslide-Prone Zone)",12.228005899432684,79.06399711132342,14,0,1,3,High,High,High,High,71.6,High
"VOC Nagar (Hill Base, Landslide-Prone Zone)",12.229347087399317,79.0654797555293,5,0,0,1,High,Medium,Low,Medium,26.1,Low
"VOC Nagar (Hill Base, Landslide-Prone Zone)",12.228950769916754,79.06454761094966,1,0,0,4,Low,Low,Low,Medium,63.0,Medium
"VOC Nagar (Hill Base, Landslide-Prone Zone)",12.227430089411259,79.06445802314637,14,0,0,1,High,Low,Medium,Medium,20.5,Low
"VOC Nagar (Hill Base, Landslide-Prone Zone)",12.228965952005309,79.06258694603241,17,1,0,2,Low,Low,Medium,Medium,48.3,Medium
"VOC Nagar (Hill Base, Landslide-Prone Zone)",12.226097470501301,79.06582014572736,21,0,1,3,Medium,High,Medium,High,74.0,High
"VOC Nagar (Hill Base, Landslide-Prone Zone)",12.22741663129208,79.065682993955,12,0,0,3,Medium,Low,Medium,Medium,32.7,Medium
"VOC Nagar (Hill Base, Landslide-Prone Zone)",12.226717435707023,79.06296584549452,9,0,0,0,High,Medium,Medium,Medium,24.8,Low
"VOC Nagar (Hill Base, Landslide-Prone Zone)",12.229335940166926,79.06464873412104,9,0,0,1,Medium,Medium,High,Medium,41.5,Medium
"VOC Nagar (Hill Base, Landslide-Prone Zone)",12.22952233410075,79.06345176396036,23,0,0,3,Medium,Low,Medium,Medium,65.4,Medium
"VOC Nagar (Hill Base, Landslide-Prone Zone)",12.228082629186794,79.0625027829839,7,0,0,4,Medium,Low,Medium,Medium,40.8,Medium
"VOC Nagar (Hill Base, Landslide-Prone Zone)",12.226756015256507,79.06581012298383,15,0,0,1,High,Medium,High,Medium,36.8,Medium
"VOC Nagar (Hill Base, Landslide-Prone Zone)",12.228179999786356,79.06249139836693,15,0,0,2,High,High,Medium,Medium,50.1,Medium
"VOC Nagar (Hill Base, Landslide-Prone Zone)",12.229568852818714,79.06520644071534,1,0,0,3,Low,Medium,Medium,Medium,74.3,High
"VOC Nagar (Hill Base, Landslide-Prone Zone)",12.22634800770202,79.06262355498208,21,0,0,1,Low,Low,High,Medium,41.6,Medium
"VOC Nagar (Hill Base, Landslide-Prone Zone)",12.228917414323345,79.06476525726617,21,0,0,4,Medium,Low,Medium,Medium,52.6,Medium
"VOC Nagar (Hill Base, Landslide-Prone Zone)",12.229428674723085,79.06336763606438,2,0,0,2,Low,Low,Medium,Medium,61.4,Medium
"VOC Nagar (Hill Base, Landslide-Prone Zone)",12.228159294685943,79.06269128555527,7,0,0,2,High,High,Low,Medium,41.9,Medium
"VOC Nagar (Hill Base, Landslide-Prone Zone)",12.22616080444789,79.06465038116379,3,0,0,1,Medium,Medium,Medium,Medium,53.1,Medium
"VOC Nagar (Hill Base, Landslide-Prone Zone)",12.227308974958117,79.06460134611642,22,0,0,1,High,Low,Low,Medium,36.1,Medium
"VOC Nagar (Hill Base, Landslide-Prone Zone)",12.228102215071862,79.06304746308514,4,0,0,1,Medium,Medium,Medium,Medium,52.2,Medium
"VOC Nagar (Hill Base, Landslide-Prone Zone)",12.226823997599245,79.06382704422158,1,0,0,2,Low,Low,High,Medium,66.3,Medium
"VOC Nagar (Hill Base, Landslide-Prone Zone)",12.22975810385486,79.06202427091907,0,0,0,1,Medium,Medium,Low,Medium,55.5,Medium
"VOC Nagar (Hill Base, Landslide-Prone Zone)",12.229176512791673,79.06491877724248,2,0,0,4,Low,Low,Medium,Medium,72.3,High
"VOC Nagar (Hill Base, Landslide-Prone Zone)",12.227286036235602,79.06303982837831,7,0,0,1,Low,Low,Medium,Medium,39.4,Medium
"VOC Nagar (Hill Base, Landslide-Prone Zone)",12.22785929589575,79.06325209865305,1,0,0,4,Medium,High,Low,Medium,72.5,High
"VOC Nagar (Hill Base, Landslide-Prone Zone)",12.226591744846958,79.06243867805856,22,0,0,0,High,Medium,Medium,Medium,49.5,Medium
"VOC Nagar (Hill Base, Landslide-Prone Zone)",12.226305424564488,79.06383434166729,1,0,0,0,Medium,High,Low,Medium,59.9,Medium
"VOC Nagar (Hill Base, Landslide-Prone Zone)",12.228080985255218,79.06312503836435,3,0,0,1,Medium,Medium,High,Medium,51.6,Medium
"VOC Nagar (Hill Base, Landslide-Prone Zone)",12.228074786024262,79.06325215324242,8,0,0,1,Low,Low,Low,Medium,30.3,Medium
"VOC Nagar (Hill Base, Landslide-Prone Zone)",12.228886952274316,79.06578963397924,18,0,0,2,Low,Low,Low,Medium,42.7,Medium
"VOC Nagar (Hill Base, Landslide-Prone Zone)",12.226510386905815,79.06221740664415,14,0,1,6,Low,High,Medium,High,100.0,High
"VOC Nagar (Hill Base, Landslide-Prone Zone)",12.228118584938114,79.0635542159995,15,0,0,1,Low,Low,Low,Medium,32.2,Medium
"VOC Nagar (Hill Base, Landslide-Prone Zone)",12.229939068133199,79.06465163574002,12,0,1,6,Medium,High,Medium,High,72.9,High
"VOC Nagar (Hill Base, Landslide-Prone Zone)",12.227380820528321,79.06477038803762,22,0,0,1,Medium,Low,High,Medium,50.7,Medium
"VOC Nagar (Hill Base, Landslide-Prone Zone)",12.227461674434066,79.06567431583748,5,0,0,1,High,Low,Medium,Medium,26.4,Low
"VOC Nagar (Hill Base, Landslide-Prone Zone)",12.227783433208218,79.06230199632702,14,1,0,2,High,Medium,Low,Medium,37.0,Medium
"VOC Nagar (Hill Base, Landslide-Prone Zone)",12.229681598092677,79.06575209485275,0,0,1,5,Medium,High,Low,High,100.0,High
"VOC Nagar (Hill Base, Landslide-Prone Zone)",12.226871454892295,79.06589377114533,8,0,0,1,Low,Medium,Medium,Medium,49.4,Medium
"VOC Nagar (Hill Base, Landslide-Prone Zone)",12.226266077505798,79.0647850904635,9,0,0,0,Medium,Medium,Low,Medium,26.2,Low
"VOC Nagar (Hill Base, Landslide-Prone Zone)",12.22723725309925,79.06311523210012,10,0,0,2,Medium,Low,Low,Medium,27.0,Low
"VOC Nagar (Hill Base, Landslide-Prone Zone)",12.22714936496183,79.06478647853827,19,0,0,1,Low,Low,Medium,Medium,31.8,Medium
"VOC Nagar (Hill Base, Landslide-Prone Zone)",12.228161545874306,79.06321571323676,12,0,0,3,Medium,Low,Medium,Medium,43.9,Medium
"VOC Nagar (Hill Base, Landslide-Prone Zone)",12.228905383748153,79.06410635923795,1,0,1,2,Medium,High,High,High,87.8,High
"VOC Nagar (Hill Base, Landslide-Prone Zone)",12.229275285081707,79.06257810595008,0,0,0,2,Low,High,High,Medium,80.4,High
"VOC Nagar (Hill Base, Landslide-Prone Zone)",12.229657080079486,79.06386593619462,0,0,0,1,Low,Low,Medium,Medium,47.5,Medium
"VOC Nagar (Hill Base, Landslide-Prone Zone)",12.22959139273116,79.06476404126933,0,0,0,2,High,Low,Low,Medium,48.3,Medium
"VOC Nagar (Hill Base, Landslide-Prone Zone)",12.228239035002575,79.0659005604045,18,0,0,1,Low,Low,Low,Medium,35.9,Medium
"VOC Nagar (Hill Base, Landslide-Prone Zone)",12.22633509749453,79.06418017539649,12,0,0,2,Low,Low,Medium,Medium,38.0,Medium
"VOC Nagar (Hill Base, Landslide-Prone Zone)",12.226869642056384,79.06348363990891,5,0,0,5,High,Low,Medium,Medium,42.8,Medium
"VOC Nagar (Hill Base, Landslide-Prone Zone)",12.229380681145845,79.06370120713338,19,1,0,2,Medium,Medium,Medium,Medium,42.4,Medium
"VOC Nagar (Hill Base, Landslide-Prone Zone)",12.227862512637582,79.0644597589736,7,0,0,2,Low,Low,Medium,Medium,49.8,Medium
"VOC Nagar (Hill Base, Landslide-Prone Zone)",12.228944247531356,79.0643328728653,15,0,0,1,High,Low,Medium,Medium,17.7,Low
"VOC Nagar (Hill Base, Landslide-Prone Zone)",12.227288091211207,79.06565268358217,13,0,1,1,Low,High,High,High,80.6,High
"VOC Nagar (Hill Base, Landslide-Prone Zone)",12.227787603944256,79.06419260983016,4,0,0,1,Low,Medium,Medium,Medium,60.3,Medium
"VOC Nagar (Hill Base, Landslide-Prone Zone)",12.228612232104346,79.06385925691762,19,0,0,3,High,High,High,Medium,59.4,Medium
"VOC Nagar (Hill Base, Landslide-Prone Zone)",12.228973874636555,79.0644408105422,15,0,0,1,High,Low,High,Medium,35.4,Medium
"VOC Nagar (Hill Base, Landslide-Prone Zone)",12.229923724925643,79.06340855386068,14,0,0,5,Medium,Low,High,Medium,53.5,Medium
"VOC Nagar (Hill Base, Landslide-Prone Zone)",12.229329844774593,79.0633402799985,11,0,0,1,Medium,High,Low,Medium,49.0,Medium
"VOC Nagar (Hill Base, Landslide-Prone Zone)",12.227814371706616,79.06455641185116,22,0,0,1,Medium,Low,Medium,Medium,55.9,Medium
"VOC Nagar (Hill Base, Landslide-Prone Zone)",12.22907930213289,79.0653800506262,5,0,0,1,Medium,Low,High,Medium,24.0,Low
"VOC Nagar (Hill Base, Landslide-Prone Zone)",12.227105369801158,79.06379534606815,6,0,0,0,Medium,Low,High,Medium,24.5,Low
"VOC Nagar (Hill Base, Landslide-Prone Zone)",12.229630396014892,79.06227588313929,2,0,0,4,Medium,Low,High,Medium,72.0,High
"VOC Nagar (Hill Base, Landslide-Prone Zone)",12.228020255284633,79.06422882239248,1,0,0,0,High,Medium,Medium,Medium,38.6,Medium
"VOC Nagar (Hill Base, Landslide-Prone Zone)",12.227249057472553,79.06213766389924,11,0,0,4,Low,Medium,Medium,Medium,74.8,High
"VOC Nagar (Hill Base, Landslide-Prone Zone)",12.229157513992,79.06337107677022,23,0,0,2,Low,High,High,Medium,86.0,High
"VOC Nagar (Hill Base, Landslide-Prone Zone)",12.229009908565125,79.06243960453423,12,0,0,2,Low,Medium,High,Medium,52.9,Medium
"VOC Nagar (Hill Base, Landslide-Prone Zone)",12.22699943242527,79.06546625310858,2,0,0,0,Low,Low,Low,Medium,46.3,Medium
"VOC Nagar (Hill Base, Landslide-Prone Zone)",12.227575059465146,79.06327341043449,19,0,0,1,Medium,Low,Medium,Medium,28.3,Low
"VOC Nagar (Hill Base, Landslide-Prone Zone)",12.227472963814593,79.06529123378934,20,0,0,2,Low,Medium,High,Medium,46.8,Medium
"VOC Nagar (Hill Base, Landslide-Prone Zone)",12.229634774695471,79.06276293217469,21,0,0,3,Low,Medium,Medium,Medium,45.9,Medium
"VOC Nagar (Hill Base, Landslide-Prone Zone)",12.228302257344557,79.06274205157311,4,0,0,0,Low,Low,High,Medium,61.3,Medium
"VOC Nagar (Hill Base, Landslide-Prone Zone)",12.229902708911279,79.06360409437043,9,0,0,0,Low,Medium,Medium,Medium,44.4,Medium
"VOC Nagar (Hill Base, Landslide-Prone Zone)",12.229374187637266,79.06476108187049,21,0,1,2,High,High,Low,High,51.3,Medium
"VOC Nagar (Hill Base, Landslide-Prone Zone)",12.226620574233293,79.06426412486685,2,0,0,4,Low,Medium,Low,Medium,87.2,High
"VOC Nagar (Hill Base, Landslide-Prone Zone)",12.227522677290162,79.06447591728308,21,0,1,2,Medium,High,Medium,High,62.0,Medium
"VOC Nagar (Hill Base, Landslide-Prone Zone)",12.229042306575879,79.06326432860664,19,0,1,4,Low,High,High,High,96.0,High
"VOC Nagar (Hill Base, Landslide-Prone Zone)",12.228957846480318,79.06414290650707,18,0,0,2,Low,Low,High,Medium,47.1,Medium
"VOC Nagar (Hill Base, Landslide-Prone Zone)",12.226627069693617,79.06309436477734,22,0,0,5,Low,Medium,High,Medium,100.0,High
"VOC Nagar (Hill Base, Landslide-Prone Zone)",12.2273095995392,79.06274214398294,21,0,0,1,Medium,Medium,Medium,Medium,32.0,Medium
"VOC Nagar (Hill Base, Landslide-Prone Zone)",12.227277475500399,79.06466802650972,11,0,0,1,Low,Low,Medium,Medium,37.5,Medium
"VOC Nagar (Hill Base, Landslide-Prone Zone)",12.228163715170673,79.06567396908565,14,0,0,0,Low,Medium,Low,Medium,33.9,Medium
"VOC Nagar (Hill Base, Landslide-Prone Zone)",12.228611958486525,79.06381327958803,5,0,0,0,Low,Medium,High,Medium,43.4,Medium
"VOC Nagar (Hill Base, Landslide-Prone Zone)",12.228610994096842,79.06472037835057,5,0,0,2,Low,Medium,Medium,Medium,41.2,Medium
"VOC Nagar (Hill Base, Landslide-Prone Zone)",12.228715538408615,79.06461990492845,16,0,0,1,Low,Medium,Medium,Medium,43.4,Medium
"VOC Nagar (Hill Base, Landslide-Prone Zone)",12.227677345445423,79.06578901594317,18,0,0,1,High,Low,Medium,Medium,14.6,Low
"VOC Nagar (Hill Base, Landslide-Prone Zone)",12.2274366160223,79.06262310191084,1,0,1,4,Low,High,Low,High,100.0,High
"VOC Nagar (Hill Base, Landslide-Prone Zone)",12.228941106010211,79.0630791907474,12,0,1,7,Medium,High,Low,High,89.6,High
"VOC Nagar (Hill Base, Landslide-Prone Zone)",12.226181622735108,79.06465601564284,23,0,0,1,Medium,Low,Low,Medium,46.1,Medium
"VOC Nagar (Hill Base, Landslide-Prone Zone)",12.227952239784932,79.06421379469388,3,0,0,2,Medium,Low,Medium,Medium,57.1,Medium
"VOC Nagar (Hill Base, Landslide-Prone Zone)",12.229328674399865,79.06508375849548,9,0,0,0,Medium,Medium,High,Medium,35.0,Medium
"VOC Nagar (Hill Base, Landslide-Prone Zone)",12.226482566307487,79.06507405692705,16,0,0,1,High,Low,Medium,Medium,22.4,Low
"VOC Nagar (Hill Base, Landslide-Prone Zone)",12.22978674049238,79.06591751717266,2,0,0,0,Low,Medium,Medium,Medium,69.4,Medium
"VOC Nagar (Hill Base, Landslide-Prone Zone)",12.226790691392603,79.06413068277764,9,1,0,3,Low,High,Medium,Medium,66.4,Medium
"VOC Nagar (Hill Base, Landslide-Prone Zone)",12.22890699497156,79.06406614266467,4,0,0,0,Medium,High,Low,Medium,62.1,Medium
"VOC Nagar (Hill Base, Landslide-Prone Zone)",12.229838098371944,79.06239983156858,21,0,1,3,High,High,High,High,64.5,Medium
"VOC Nagar (Hill Base, Landslide-Prone Zone)",12.229760970152139,79.06349626732899,4,0,0,4,Medium,Low,High,Medium,70.1,High
"VOC Nagar (Hill Base, Landslide-Prone Zone)",12.22972801541801,79.0649431210682,13,0,0,3,Low,Low,Medium,Medium,41.5,Medium
"VOC Nagar (Hill Base, Landslide-Prone Zone)",12.22844323442256,79.06411732398705,9,1,0,2,Medium,Low,High,Medium,32.2,Medium
"VOC Nagar (Hill Base, Landslide-Prone Zone)",12.227945760417803,79.06571761128762,21,1,1,6,Low,High,Medium,High,88.4,High
"VOC Nagar (Hill Base, Landslide-Prone Zone)",12.229521153179373,79.0651576846859,12,0,0,2,Low,High,Medium,Medium,54.6,Medium
"VOC Nagar (Hill Base, Landslide-Prone Zone)",12.228145633879247,79.06304989879307,23,0,0,1,Medium,Low,Medium,Medium,39.4,Medium
"VOC Nagar (Hill Base, Landslide-Prone Zone)",12.228981942581672,79.06270054715183,10,0,0,4,Medium,Low,Medium,Medium,37.2,Medium
"VOC Nagar (Hill Base, Landslide-Prone Zone)",12.229418148727973,79.06543456626483,6,0,0,0,High,Low,Low,Medium,19.0,Low
"VOC Nagar (Hill Base, Landslide-Prone Zone)",12.228231040729987,79.06292107912103,16,0,0,2,Low,Low,Low,Medium,43.0,Medium
"VOC Nagar (Hill Base, Landslide-Prone Zone)",12.226848242216473,79.06319320107444,0,0,0,0,High,High,Medium,Medium,62.0,Medium
"VOC Nagar (Hill Base, Landslide-Prone Zone)",12.22901911107459,79.06288765143883,15,0,0,1,High,Medium,Low,Medium,25.5,Low
"VOC Nagar (Hill Base, Landslide-Prone Zone)",12.226797052837544,79.06243616603373,9,0,0,1,Low,Low,Medium,Medium,34.9,Medium
"VOC Nagar (Hill Base, Landslide-Prone Zone)",12.228199591826993,79.06340907257842,9,0,0,0,Medium,Low,Medium,Medium,19.0,Low
"VOC Nagar (Hill Base, Landslide-Prone Zone)",12.228494921028805,79.06497518418898,5,0,0,2,Low,Low,High,Medium,43.6,Medium
"VOC Nagar (Hill Base, Landslide-Prone Zone)",12.227740412603284,79.06509213705377,0,0,0,4,Medium,Medium,Low,Medium,73.8,High
"VOC Nagar (Hill Base, Landslide-Prone Zone)",12.22943263393671,79.0625902782601,9,0,0,2,Medium,Low,High,Medium,34.1,Medium
"VOC Nagar (Hill Base, Landslide-Prone Zone)",12.229425739747246,79.06207261176723,1,1,0,3,Medium,Medium,Medium,Medium,69.4,Medium
"VOC Nagar (Hill Base, Landslide-Prone Zone)",12.229133262130357,79.06308510298406,20,0,0,4,Low,Low,High,Medium,54.7,Medium
"VOC Nagar (Hill Base, Landslide-Prone Zone)",12.22846486807332,79.06351517758709,0,0,0,0,Low,Medium,High,Medium,67.0,Medium
"VOC Nagar (Hill Base, Landslide-Prone Zone)",12.228248595572813,79.06594012940577,9,0,0,0,Low,High,Low,Medium,44.4,Medium
"VOC Nagar (Hill Base, Landslide-Prone Zone)",12.228349809675164,79.06574069883047,19,0,0,0,Medium,Low,High,Medium,24.6,Low
"VOC Nagar (Hill Base, Landslide-Prone Zone)",12.226529095669628,79.06297624949349,13,0,1,1,Medium,High,Low,High,53.7,Medium
"VOC Nagar (Hill Base, Landslide-Prone Zone)",12.226956271753467,79.06592968417519,1,0,0,3,Low,Medium,Medium,Medium,76.8,High
"VOC Nagar (Hill Base, Landslide-Prone Zone)",12.227432919364412,79.06331120165348,15,0,0,2,Low,Low,Low,Medium,33.2,Medium
"VOC Nagar (Hill Base, Landslide-Prone Zone)",12.228120848420744,79.06231402618566,3,0,0,5,High,Medium,Medium,Medium,78.3,High
"VOC Nagar (Hill Base, Landslide-Prone Zone)",12.229157851846425,79.06527812081303,15,0,1,6,Low,High,Medium,High,93.9,High
"VOC Nagar (Hill Base, Landslide-Prone Zone)",12.228187063396208,79.06381888910903,18,0,0,1,Medium,Medium,Medium,Medium,31.3,Medium
"VOC Nagar (Hill Base, Landslide-Prone Zone)",12.229355188087034,79.06305984494281,18,0,0,5,Medium,High,Low,Medium,59.8,Medium
"VOC Nagar (Hill Base, Landslide-Prone Zone)",12.227259289285216,79.06311945509242,21,1,0,1,Medium,Medium,Medium,Medium,30.1,Medium
"VOC Nagar (Hill Base, Landslide-Prone Zone)",12.226331872120923,79.06299262761772,9,0,0,0,Medium,Medium,Medium,Medium,27.2,Low
"VOC Nagar (Hill Base, Landslide-Prone Zone)",12.226051788570574,79.06453758972599,4,0,0,4,Medium,High,Low,Medium,81.9,High
"VOC Nagar (Hill Base, Landslide-Prone Zone)",12.226295892013665,79.06444313745745,8,0,0,2,High,High,Medium,Medium,36.1,Medium
"VOC Nagar (Hill Base, Landslide-Prone Zone)",12.227471321505641,79.06340585934616,9,0,0,0,High,Low,Low,Medium,12.9,Low
"VOC Nagar (Hill Base, Landslide-Prone Zone)",12.228675895383548,79.0636705959768,7,0,0,1,Low,High,Medium,Medium,47.7,Medium
"VOC Nagar (Hill Base, Landslide-Prone Zone)",12.227173992948433,79.06283751305473,19,0,0,2,Medium,Medium,High,Medium,51.4,Medium
"VOC Nagar (Hill Base, Landslide-Prone Zone)",12.228388692415091,79.0646130507964,9,0,0,3,Medium,Low,Medium,Medium,37.9,Medium
"VOC Nagar (Hill Base, Landslide-Prone Zone)",12.229243481090531,79.06414672992267,12,0,0,2,Low,Medium,High,Medium,57.9,Medium
"VOC Nagar (Hill Base, Landslide-Prone Zone)",12.229299108298408,79.06511742582563,3,0,0,3,High,Medium,Medium,Medium,65.9,Medium
"VOC Nagar (Hill Base, Landslide-Prone Zone)",12.22903655691527,79.06345940307902,13,0,0,2,Low,Low,Low,Medium,31.1,Medium
"VOC Nagar (Hill Base, Landslide-Prone Zone)",12.228781174117207,79.06240286422992,17,0,0,3,Low,High,High,Medium,75.9,High
"VOC Nagar (Hill Base, Landslide-Prone Zone)",12.229769995821886,79.06449283979377,8,0,0,2,Medium,High,High,Medium,45.7,Medium
"VOC Nagar (Hill Base, Landslide-Prone Zone)",12.228695462287678,79.06393602433678,8,0,0,6,Low,Medium,High,Medium,70.9,High
"VOC Nagar (Hill Base, Landslide-Prone Zone)",12.2279481873232,79.06211312398212,23,0,0,3,Medium,Low,High,Medium,60.7,Medium
"VOC Nagar (Hill Base, Landslide-Prone Zone)",12.2292632249927,79.06384527038053,0,0,1,5,Medium,High,Low,High,97.6,High
"VOC Nagar (Hill Base, Landslide-Prone Zone)",12.228293809580329,79.06428994868419,16,0,0,4,Low,Medium,Medium,Medium,62.1,Medium
"VOC Nagar (Hill Base, Landslide-Prone Zone)",12.228914416756057,79.06491847512581,17,0,0,0,Low,High,Medium,Medium,49.3,Medium
"VOC Nagar (Hill Base, Landslide-Prone Zone)",12.22867480912095,79.06338383329917,21,0,1,6,Low,High,Medium,High,86.5,High
"VOC Nagar (Hill Base, Landslide-Prone Zone)",12.229249626353045,79.06383331477838,2,0,0,2,Low,Low,High,Medium,67.1,Medium
"VOC Nagar (Hill Base, Landslide-Prone Zone)",12.226229884267843,79.0654156908862,0,0,0,2,Medium,Medium,Low,Medium,60.1,Medium
"VOC Nagar (Hill Base, Landslide-Prone Zone)",12.228130034943728,79.0634879890654,6,0,0,3,High,Low,Low,Medium,33.8,Medium
"VOC Nagar (Hill Base, Landslide-Prone Zone)",12.227304228659962,79.0657642696272,5,0,1,1,Medium,High,High,High,58.8,Medium
"VOC Nagar (Hill Base, Landslide-Prone Zone)",12.226448938687012,79.06578177205186,19,0,0,0,Low,Medium,Medium,Medium,47.6,Medium
"VOC Nagar (Hill Base, Landslide-Prone Zone)",12.229847887942407,79.06347186204746,15,0,0,1,Medium,Medium,High,Medium,37.0,Medium
"VOC Nagar (Hill Base, Landslide-Prone Zone)",12.228462513916325,79.06402675243054,4,0,0,3,Low,High,Medium,Medium,81.2,High
"VOC Nagar (Hill Base, Landslide-Prone Zone)",12.229313343628412,79.06490296063548,19,0,0,3,Low,High,High,Medium,69.8,Medium
"VOC Nagar (Hill Base, Landslide-Prone Zone)",12.226680069451351,79.06397376690103,7,0,1,6,High,High,Low,High,74.8,High
"VOC Nagar (Hill Base, Landslide-Prone Zone)",12.228671028056638,79.06243890382004,8,0,1,3,Low,High,High,High,87.2,High
"VOC Nagar (Hill Base, Landslide-Prone Zone)",12.22704569754482,79.06511793827015,11,0,1,5,Low,High,Medium,High,94.8,High
"VOC Nagar (Hill Base, Landslide-Prone Zone)",12.22788475952025,79.06240985097347,23,0,0,3,Low,Medium,Medium,Medium,80.2,High
"VOC Nagar (Hill Base, Landslide-Prone Zone)",12.227208523082373,79.06463458747257,6,0,1,3,Medium,High,Medium,High,57.9,Medium
"VOC Nagar (Hill Base, Landslide-Prone Zone)",12.228591425162413,79.06301482011817,23,0,0,3,High,Low,High,Medium,59.6,Medium
"VOC Nagar (Hill Base, Landslide-Prone Zone)",12.226948703265917,79.0653614771201,2,0,0,2,Medium,Medium,High,Medium,66.0,Medium
"VOC Nagar (Hill Base, Landslide-Prone Zone)",12.226894020030832,79.06590270727754,12,0,0,2,High,Low,Medium,Medium,22.0,Low
"VOC Nagar (Hill Base, Landslide-Prone Zone)",12.227379625697472,79.06557784298967,15,0,0,1,High,Medium,High,Medium,28.7,Low
"VOC Nagar (Hill Base, Landslide-Prone Zone)",12.226988858058315,79.06432836024231,18,0,0,2,Low,High,High,Medium,57.2,Medium
"VOC Nagar (Hill Base, Landslide-Prone Zone)",12.228283092054738,79.06494815049133,19,0,0,0,Medium,Medium,Medium,Medium,28.0,Low
"VOC Nagar (Hill Base, Landslide-Prone Zone)",12.229663533190683,79.06296351063754,23,0,0,3,Medium,Low,High,Medium,61.4,Medium
"VOC Nagar (Hill Base, Landslide-Prone Zone)",12.226522815390439,79.06308992892959,15,0,0,3,Low,Low,Low,Medium,42.3,Medium
"VOC Nagar (Hill Base, Landslide-Prone Zone)",12.226802534348725,79.06329033439066,17,0,0,2,High,Low,Medium,Medium,26.7,Low
"VOC Nagar (Hill Base, Landslide-Prone Zone)",12.228104673481562,79.0628990543348,6,0,0,2,High,High,Low,Medium,30.5,Medium
"VOC Nagar (Hill Base, Landslide-Prone Zone)",12.228244326329,79.0653488062262,9,0,0,1,Medium,Low,High,Medium,30.4,Medium
"VOC Nagar (Hill Base, Landslide-Prone Zone)",12.228700217324294,79.06287457720387,17,0,0,2,Low,Low,Low,Medium,31.7,Medium
"VOC Nagar (Hill Base, Landslide-Prone Zone)",12.227602029798348,79.06306162594925,21,0,0,5,Medium,Low,High,Medium,54.4,Medium
"VOC Nagar (Hill Base, Landslide-Prone Zone)",12.229112392105723,79.06448233487188,5,0,1,3,High,High,High,High,70.5,High
"VOC Nagar (Hill Base, Landslide-Prone Zone)",12.22759800282736,79.06392543023526,3,0,0,1,Low,Medium,Low,Medium,62.9,Medium
"VOC Nagar (Hill Base, Landslide-Prone Zone)",12.22665013115741,79.06488670721559,22,0,0,5,Low,Medium,Low,Medium,81.7,High
"VOC Nagar (Hill Base, Landslide-Prone Zone)",12.22917392337425,79.06486488321855,13,0,0,1,Low,High,High,Medium,60.9,Medium
"VOC Nagar (Hill Base, Landslide-Prone Zone)",12.22953540921234,79.0640466139837,20,0,0,1,Medium,Low,High,Medium,30.3,Medium
"VOC Nagar (Hill Base, Landslide-Prone Zone)",12.229356294602896,79.06505161471371,10,0,1,6,Low,High,Medium,High,98.1,High
"VOC Nagar (Hill Base, Landslide-Prone Zone)",12.227849071260884,79.06364965943828,7,0,0,6,Low,Medium,Low,Medium,63.0,Medium
"VOC Nagar (Hill Base, Landslide-Prone Zone)",12.22945888003886,79.06591376488043,2,0,0,2,Low,Low,High,Medium,63.4,Medium
"VOC Nagar (Hill Base, Landslide-Prone Zone)",12.227185289700659,79.06501210039849,11,0,1,2,Medium,High,High,High,68.8,Medium
"VOC Nagar (Hill Base, Landslide-Prone Zone)",12.228478644441953,79.06261140735174,23,0,1,2,High,High,Low,High,91.5,High
"VOC Nagar (Hill Base, Landslide-Prone Zone)",12.227323171281315,79.06568047941974,20,0,0,1,High,Medium,Medium,Medium,25.4,Low
"VOC Nagar (Hill Base, Landslide-Prone Zone)",12.22820755494196,79.06380721152881,18,0,0,2,Medium,High,Medium,Medium,55.0,Medium
"VOC Nagar (Hill Base, Landslide-Prone Zone)",12.226271161006245,79.06253301410288,4,0,0,2,Low,Medium,Medium,Medium,66.5,Medium
"VOC Nagar (Hill Base, Landslide-Prone Zone)",12.229360155607603,79.06233075923566,7,0,0,1,Low,Low,Low,Medium,35.1,Medium
"VOC Nagar (Hill Base, Landslide-Prone Zone)",12.226559713013009,79.06544705535097,12,0,0,2,Low,Low,High,Medium,42.1,Medium
"VOC Nagar (Hill Base, Landslide-Prone Zone)",12.229964801897399,79.06207046611685,1,0,0,1,Low,Low,High,Medium,63.6,Medium
"VOC Nagar (Hill Base, Landslide-Prone Zone)",12.22607939496938,79.06512418640546,6,0,0,2,Medium,Low,Medium,Medium,40.6,Medium
"VOC Nagar (Hill Base, Landslide-Prone Zone)",12.229897243042094,79.06381758505624,10,0,0,2,High,Medium,High,Medium,39.5,Medium
"VOC Nagar (Hill Base, Landslide-Prone Zone)",12.227353077160098,79.06375545691417,0,0,0,0,Medium,High,Medium,Medium,56.5,Medium
"VOC Nagar (Hill Base, Landslide-Prone Zone)",12.227951232106049,79.06232458858284,4,0,0,1,Medium,Low,High,Medium,47.8,Medium
"VOC Nagar (Hill Base, Landslide-Prone Zone)",12.22660873997443,79.06312646859266,4,0,0,0,High,Low,High,Medium,44.5,Medium
"VOC Nagar (Hill Base, Landslide-Prone Zone)",12.228525693380323,79.06365883471757,8,0,1,2,Medium,High,Low,High,55.6,Medium
"VOC Nagar (Hill Base, Landslide-Prone Zone)",12.22936372280882,79.06419006752391,22,0,1,3,Medium,High,High,High,91.0,High
"VOC Nagar (Hill Base, Landslide-Prone Zone)",12.228673973681435,79.06414159752295,9,0,0,2,Low,Medium,Low,Medium,47.3,Medium
"VOC Nagar (Hill Base, Landslide-Prone Zone)",12.229782987730314,79.0658197868132,10,0,0,3,Medium,Medium,Medium,Medium,50.5,Medium
"VOC Nagar (Hill Base, Landslide-Prone Zone)",12.226308654831335,79.06443626889953,16,0,0,4,Low,Medium,Medium,Medium,61.3,Medium
"VOC Nagar (Hill Base, Landslide-Prone Zone)",12.227154450797219,79.06429812272874,11,0,0,0,Low,High,Low,Medium,49.2,Medium
"VOC Nagar (Hill Base, Landslide-Prone Zone)",12.22902741327402,79.06302013277873,0,0,0,3,Medium,Low,High,Medium,66.3,Medium
"VOC Nagar (Hill Base, Landslide-Prone Zone)",12.227631488149768,79.0635135204467,13,0,0,2,High,Low,Medium,Medium,30.1,Medium
"VOC Nagar (Hill Base, Landslide-Prone Zone)",12.22629779801225,79.06288734418621,16,0,1,5,Low,High,Medium,High,89.2,High
"VOC Nagar (Hill Base, Landslide-Prone Zone)",12.227963179972399,79.06505056826214,4,0,0,2,Medium,Low,Medium,Medium,50.2,Medium
"VOC Nagar (Hill Base, Landslide-Prone Zone)",12.229953545871052,79.06393439332182,0,0,0,3,Medium,Medium,High,Medium,74.6,High
"VOC Nagar (Hill Base, Landslide-Prone Zone)",12.228610262035867,79.0653000696933,11,0,0,1,Medium,Low,Low,Medium,22.7,Low
"VOC Nagar (Hill Base, Landslide-Prone Zone)",12.229401498915443,79.06540394010587,8,1,0,2,Medium,Medium,Medium,Medium,40.5,Medium
"VOC Nagar (Hill Base, Landslide-Prone Zone)",12.226097749134718,79.06278299162749,8,0,1,8,Low,High,High,High,94.1,High
"VOC Nagar (Hill Base, Landslide-Prone Zone)",12.229602582847667,79.0644120047294,23,0,0,4,Medium,Medium,Medium,Medium,79.4,High
"VOC Nagar (Hill Base, Landslide-Prone Zone)",12.227036883761345,79.06439309267435,13,0,0,1,Medium,Low,Medium,Medium,14.7,Low
"VOC Nagar (Hill Base, Landslide-Prone Zone)",12.228035341652452,79.06283751480466,11,0,0,3,Medium,Medium,High,Medium,46.3,Medium
"VOC Nagar (Hill Base, Landslide-Prone Zone)",12.2271252618379,79.06367651531902,21,1,1,2,Low,High,Medium,High,65.6,Medium
"VOC Nagar (Hill Base, Landslide-Prone Zone)",12.227055911753908,79.06349570135845,23,1,0,1,Low,Low,High,Medium,56.0,Medium
"VOC Nagar (Hill Base, Landslide-Prone Zone)",12.227983677670059,79.06334740822264,18,1,0,4,Low,Medium,High,Medium,73.1,High
"VOC Nagar (Hill Base, Landslide-Prone Zone)",12.227032476844112,79.06251032396096,23,0,0,2,Low,Low,Medium,Medium,58.9,Medium
"VOC Nagar (Hill Base, Landslide-Prone Zone)",12.229568425023801,79.06427132947753,8,0,1,3,High,High,Medium,High,70.0,High
"VOC Nagar (Hill Base, Landslide-Prone Zone)",12.22769453216285,79.0655123791183,10,0,0,2,Medium,Low,Low,Medium,35.2,Medium
"VOC Nagar (Hill Base, Landslide-Prone Zone)",12.227397047818371,79.06439087163885,18,0,0,0,Low,Low,High,Medium,36.2,Medium
"VOC Nagar (Hill Base, Landslide-Prone Zone)",12.228352050953356,79.06358871276744,14,0,0,2,Medium,Medium,High,Medium,47.9,Medium
"VOC Nagar (Hill Base, Landslide-Prone Zone)",12.229426620645546,79.06558551279166,4,0,0,2,Medium,Low,High,Medium,61.1,Medium
"VOC Nagar (Hill Base, Landslide-Prone Zone)",12.226360783756295,79.0655378727495,18,0,0,1,Medium,Low,Low,Medium,25.5,Low
"VOC Nagar (Hill Base, Landslide-Prone Zone)",12.229892100535018,79.06296596738085,4,0,0,2,High,High,High,Medium,84.3,High
"VOC Nagar (Hill Base, Landslide-Prone Zone)",12.226275069942702,79.06362261063241,10,0,0,1,Medium,Medium,Low,Medium,27.1,Low
"VOC Nagar (Hill Base, Landslide-Prone Zone)",12.226683636634815,79.0631093370549,11,0,1,2,High,High,Low,High,55.8,Medium
"VOC Nagar (Hill Base, Landslide-Prone Zone)",12.228281114198575,79.0628835172003,8,0,0,2,Low,Low,Low,Medium,30.1,Medium
"VOC Nagar (Hill Base, Landslide-Prone Zone)",12.22684012252442,79.06552751992979,16,0,0,1,Low,Medium,High,Medium,53.4,Medium
"VOC Nagar (Hill Base, Landslide-Prone Zone)",12.226242857175706,79.06395922136475,20,0,0,0,Low,Low,Medium,Medium,31.1,Medium
"VOC Nagar (Hill Base, Landslide-Prone Zone)",12.2266090494755,79.06203803300245,1,1,0,3,Medium,Medium,Low,Medium,65.5,Medium
"VOC Nagar (Hill Base, Landslide-Prone Zone)",12.228909038339637,79.06510987731583,20,0,0,3,Low,Low,Low,Medium,46.0,Medium
"VOC Nagar (Hill Base, Landslide-Prone Zone)",12.227185372531496,79.06383650764126,3,0,1,7,Medium,High,Medium,High,100.0,High
"VOC Nagar (Hill Base, Landslide-Prone Zone)",12.227813042407268,79.0658875078413,6,0,0,2,High,Low,Medium,Medium,27.8,Low
"VOC Nagar (Hill Base, Landslide-Prone Zone)",12.2287434759162,79.06237958159421,11,0,0,1,High,Medium,Low,Medium,22.8,Low
"VOC Nagar (Hill Base, Landslide-Prone Zone)",12.227803642088626,79.06477866278397,22,1,0,3,Low,Medium,Medium,Medium,82.7,High
"VOC Nagar (Hill Base, Landslide-Prone Zone)",12.226715390606033,79.06575517410852,11,0,0,2,Medium,High,Medium,Medium,45.1,Medium
"VOC Nagar (Hill Base, Landslide-Prone Zone)",12.227178652195184,79.06277815377516,5,0,1,5,High,High,Medium,High,83.0,High
"VOC Nagar (Hill Base, Landslide-Prone Zone)",12.22620481717989,79.06319455184891,7,0,0,2,Low,Low,High,Medium,48.9,Medium
"VOC Nagar (Hill Base, Landslide-Prone Zone)",12.227229247701775,79.0626965056704,21,0,1,4,Medium,High,Low,High,72.2,High
"VOC Nagar (Hill Base, Landslide-Prone Zone)",12.227816802949302,79.06221110128233,9,0,0,0,Low,Medium,High,Medium,40.3,Medium
"VOC Nagar (Hill Base, Landslide-Prone Zone)",12.22989791208977,79.06369423899484,11,0,1,5,Medium,High,Low,High,75.6,High
"VOC Nagar (Hill Base, Landslide-Prone Zone)",12.227421935536709,79.06414780410424,18,1,0,1,Low,Low,Medium,Medium,33.4,Medium
"VOC Nagar (Hill Base, Landslide-Prone Zone)",12.226380047587268,79.06409808645721,0,0,0,4,Medium,Low,Medium,Medium,69.6,Medium
"VOC Nagar (Hill Base, Landslide-Prone Zone)",12.229457874787904,79.06393077041572,20,0,0,1,Low,Low,Medium,Medium,31.5,Medium
"VOC Nagar (Hill Base, Landslide-Prone Zone)",12.229337925145765,79.06319992122502,19,0,0,0,High,Low,Medium,Medium,15.8,Low
"VOC Nagar (Hill Base, Landslide-Prone Zone)",12.229371834625272,79.06595741316103,21,0,0,3,High,Medium,High,Medium,53.9,Medium
"VOC Nagar (Hill Base, Landslide-Prone Zone)",12.226538654793154,79.06239309662789,20,0,1,5,High,High,Low,High,70.7,High
"VOC Nagar (Hill Base, Landslide-Prone Zone)",12.227021850947981,79.0642837559876,23,0,0,1,High,Low,High,Medium,43.3,Medium
"VOC Nagar (Hill Base, Landslide-Prone Zone)",12.229137814551105,79.06244335056095,14,0,0,3,Medium,Low,Low,Medium,45.3,Medium
"VOC Nagar (Hill Base, Landslide-Prone Zone)",12.227059547332173,79.06233191649396,22,0,0,2,Low,Low,Low,Medium,58.1,Medium
"VOC Nagar (Hill Base, Landslide-Prone Zone)",12.226070044922784,79.06467991717422,8,0,0,0,High,Medium,High,Medium,17.1,Low
"VOC Nagar (Hill Base, Landslide-Prone Zone)",12.229214906416885,79.06318313501032,16,0,0,1,Medium,Medium,Medium,Medium,42.9,Medium
"VOC Nagar (Hill Base, Landslide-Prone Zone)",12.228759260330468,79.06575431528603,14,0,0,4,Low,Medium,High,Medium,68.9,Medium
"VOC Nagar (Hill Base, Landslide-Prone Zone)",12.227612197244293,79.06210970868963,17,0,0,1,Low,Medium,Low,Medium,44.6,Medium
"VOC Nagar (Hill Base, Landslide-Prone Zone)",12.226718722956383,79.06442837088755,12,0,0,1,Low,Low,Low,Medium,34.6,Medium
"VOC Nagar (Hill Base, Landslide-Prone Zone)",12.226469637057171,79.06452915850032,12,0,0,0,Medium,Low,Medium,Medium,22.8,Low
"VOC Nagar (Hill Base, Landslide-Prone Zone)",12.229979311675331,79.06451932263857,14,0,0,1,Medium,Medium,Low,Medium,25.3,Low
"VOC Nagar (Hill Base, Landslide-Prone Zone)",12.22672917606859,79.06241120254892,22,0,0,2,Medium,Low,Medium,Medium,51.0,Medium
"VOC Nagar (Hill Base, Landslide-Prone Zone)",12.229112988256901,79.06336373357067,21,0,0,4,Low,Medium,Low,Medium,61.9,Medium
"VOC Nagar (Hill Base, Landslide-Prone Zone)",12.226568416495418,79.06459710735771,5,0,0,2,Medium,Medium,High,Medium,39.8,Medium
"VOC Nagar (Hill Base, Landslide-Prone Zone)",12.228923553662206,79.06585099958981,12,0,0,4,Low,Medium,Medium,Medium,65.2,Medium
"VOC Nagar (Hill Base, Landslide-Prone Zone)",12.229203286160821,79.06414043731255,8,1,0,1,Low,Low,Medium,Medium,39.4,Medium
"VOC Nagar (Hill Base, Landslide-Prone Zone)",12.22935060639868,79.06465827758808,19,1,0,0,Low,Medium,Medium,Medium,35.4,Medium
"VOC Nagar (Hill Base, Landslide-Prone Zone)",12.228363863075279,79.06331857746652,22,0,0,1,Medium,Medium,Low,Medium,54.2,Medium
"VOC Nagar (Hill Base, Landslide-Prone Zone)",12.227274943800245,79.0629690002919,10,0,0,1,Low,Low,Medium,Medium,36.6,Medium
"VOC Nagar (Hill Base, Landslide-Prone Zone)",12.229507864216073,79.06433972186716,0,0,0,2,Medium,Medium,Medium,Medium,59.3,Medium
"VOC Nagar (Hill Base, Landslide-Prone Zone)",12.227936159352433,79.06457983786608,3,0,0,3,Medium,Low,Low,Medium,53.8,Medium
"VOC Nagar (Hill Base, Landslide-Prone Zone)",12.22804678182415,79.06331417007263,13,0,0,1,High,Low,Low,Medium,14.1,Low
"VOC Nagar (Hill Base, Landslide-Prone Zone)",12.226286413431195,79.06436056476976,20,0,0,4,Medium,Low,Medium,Medium,45.1,Medium
"VOC Nagar (Hill Base, Landslide-Prone Zone)",12.22733755804583,79.062367389431,7,0,0,0,High,Medium,Medium,Medium,27.0,Low
"VOC Nagar (Hill Base, Landslide-Prone Zone)",12.229875936749336,79.06496666214467,12,0,0,2,Medium,Medium,High,Medium,42.0,Medium
"VOC Nagar (Hill Base, Landslide-Prone Zone)",12.22738620785694,79.0620014222953,9,0,0,1,Low,Low,Medium,Medium,50.1,Medium
"VOC Nagar (Hill Base, Landslide-Prone Zone)",12.22891858104097,79.06499158011984,12,0,0,1,Medium,Low,Low,Medium,27.0,Low
"VOC Nagar (Hill Base, Landslide-Prone Zone)",12.226440267266494,79.0638345696737,3,0,0,0,High,Medium,Medium,Medium,35.8,Medium
"VOC Nagar (Hill Base, Landslide-Prone Zone)",12.229111173349617,79.06276287173166,11,0,0,0,High,High,Low,Medium,22.3,Low
"VOC Nagar (Hill Base, Landslide-Prone Zone)",12.227400072109093,79.06469403135009,18,0,0,0,Low,Medium,Medium,Medium,43.2,Medium
"VOC Nagar (Hill Base, Landslide-Prone Zone)",12.229899893699605,79.06378328544629,20,0,0,3,High,Medium,Medium,Medium,36.2,Medium
"VOC Nagar (Hill Base, Landslide-Prone Zone)",12.227287951727122,79.06519446777158,22,0,1,0,Medium,High,High,High,69.5,Medium
"VOC Nagar (Hill Base, Landslide-Prone Zone)",12.229945954244723,79.06598438592353,10,0,0,3,Medium,Low,Medium,Medium,45.0,Medium
"VOC Nagar (Hill Base, Landslide-Prone Zone)",12.22848384373697,79.06312917493322,12,0,0,2,Low,Medium,Medium,Medium,42.6,Medium
"VOC Nagar (Hill Base, Landslide-Prone Zone)",12.229079809310196,79.06240200569383,14,0,0,2,High,Medium,Medium,Medium,29.4,Low
"VOC Nagar (Hill Base, Landslide-Prone Zone)",12.229413026095848,79.06375154491171,3,0,0,3,Low,Low,Medium,Medium,82.4,High
"VOC Nagar (Hill Base, Landslide-Prone Zone)",12.229538391081661,79.0659611917076,12,0,0,0,High,Low,High,Medium,12.0,Low
"VOC Nagar (Hill Base, Landslide-Prone Zone)",12.228862027134387,79.06305147407849,11,0,0,1,Medium,Low,Low,Medium,20.3,Low
"VOC Nagar (Hill Base, Landslide-Prone Zone)",12.229858804041061,79.06522029505474,21,0,1,4,Medium,High,Medium,High,77.6,High
"VOC Nagar (Hill Base, Landslide-Prone Zone)",12.22866057202597,79.06462646250709,11,0,0,3,Low,Medium,High,Medium,58.7,Medium
"VOC Nagar (Hill Base, Landslide-Prone Zone)",12.229215074896446,79.06266756370412,9,0,0,1,Low,High,Low,Medium,47.6,Medium
"VOC Nagar (Hill Base, Landslide-Prone Zone)",12.227393097988271,79.06507588221272,10,0,0,1,Medium,Low,Medium,Medium,23.9,Low
"VOC Nagar (Hill Base, Landslide-Prone Zone)",12.22955166298713,79.06469070890921,16,0,0,1,High,Low,Medium,Medium,22.4,Low
"VOC Nagar (Hill Base, Landslide-Prone Zone)",12.228820694153532,79.06396454027508,11,0,0,0,Medium,Low,Medium,Medium,22.1,Low
"VOC Nagar (Hill Base, Landslide-Prone Zone)",12.226110669268511,79.06299196008038,3,0,0,2,Low,Low,Medium,Medium,67.9,Medium
"VOC Nagar (Hill Base, Landslide-Prone Zone)",12.22976978636151,79.06563747422042,23,0,0,0,Medium,Low,Low,Medium,34.7,Medium
"VOC Nagar (Hill Base, Landslide-Prone Zone)",12.229344292584521,79.06248617655167,3,0,0,2,Medium,Low,Medium,Medium,53.7,Medium
"VOC Nagar (Hill Base, Landslide-Prone Zone)",12.229848320679261,79.06223398155302,20,0,0,0,Medium,Medium,High,Medium,32.0,Medium
"VOC Nagar (Hill Base, Landslide-Prone Zone)",12.226917533166842,79.06213075409376,6,0,0,3,Low,Low,Medium,Medium,54.4,Medium
"VOC Nagar (Hill Base, Landslide-Prone Zone)",12.22648963510603,79.0637309119039,13,0,0,2,Medium,Medium,Medium,Medium,42.0,Medium
"VOC Nagar (Hill Base, Landslide-Prone Zone)",12.229410286960483,79.06266334317245,0,1,0,0,Medium,High,High,Medium,63.8,Medium
"VOC Nagar (Hill Base, Landslide-Prone Zone)",12.228657736077363,79.06339851778307,17,0,0,2,Low,Low,High,Medium,51.6,Medium
"VOC Nagar (Hill Base, Landslide-Prone Zone)",12.229441757010086,79.06272170432817,17,0,0,3,Medium,Low,Medium,Medium,36.7,Medium
"VOC Nagar (Hill Base, Landslide-Prone Zone)",12.22864308299914,79.06293945702775,17,0,0,3,High,Low,Low,Medium,14.4,Low
"VOC Nagar (Hill Base, Landslide-Prone Zone)",12.22787984994234,79.06337519046531,1,0,0,2,High,Low,High,Medium,51.0,Medium
"VOC Nagar (Hill Base, Landslide-Prone Zone)",12.228005765297166,79.06307736889491,12,0,1,7,Low,High,Medium,High,85.6,High
"VOC Nagar (Hill Base, Landslide-Prone Zone)",12.226716334179008,79.06560472521136,9,0,0,0,High,Medium,Medium,Medium,20.2,Low
"VOC Nagar (Hill Base, Landslide-Prone Zone)",12.226759277378616,79.06244344313431,17,0,0,3,Low,High,Medium,Medium,56.5,Medium
"VOC Nagar (Hill Base, Landslide-Prone Zone)",12.229323925720038,79.06309956037491,5,0,0,4,Low,Low,Medium,Medium,53.5,Medium
"VOC Nagar (Hill Base, Landslide-Prone Zone)",12.22949942284824,79.06202312729317,3,0,0,0,Medium,Low,Medium,Medium,42.7,Medium
"VOC Nagar (Hill Base, Landslide-Prone Zone)",12.226588600203995,79.06333764994311,10,0,0,0,Low,Medium,Medium,Medium,30.9,Medium
"VOC Nagar (Hill Base, Landslide-Prone Zone)",12.227368357961613,79.0658462800038,14,0,0,0,Medium,High,High,Medium,47.5,Medium
"VOC Nagar (Hill Base, Landslide-Prone Zone)",12.227684482723065,79.06357841253227,9,0,0,3,Medium,High,Low,Medium,57.3,Medium
"VOC Nagar (Hill Base, Landslide-Prone Zone)",12.226174974776479,79.06366620786382,22,0,0,2,Medium,Medium,High,Medium,62.9,Medium
"VOC Nagar (Hill Base, Landslide-Prone Zone)",12.229546461872458,79.06442723983336,3,0,1,4,Low,High,High,High,100.0,High
"VOC Nagar (Hill Base, Landslide-Prone Zone)",12.229532543851514,79.06437414832085,9,0,1,2,Low,High,Medium,High,79.8,High
"VOC Nagar (Hill Base, Landslide-Prone Zone)",12.22758927621897,79.06467822909838,0,0,1,5,Medium,High,Medium,High,100.0,High
"VOC Nagar (Hill Base, Landslide-Prone Zone)",12.226291752577172,79.06206440282944,10,1,0,3,Medium,Low,High,Medium,43.5,Medium
"VOC Nagar (Hill Base, Landslide-Prone Zone)",12.226395266414935,79.06453001004331,11,0,1,2,High,High,High,High,68.2,Medium
"VOC Nagar (Hill Base, Landslide-Prone Zone)",12.229361482387109,79.06540764949123,4,0,0,2,Low,Low,High,Medium,71.2,High
"VOC Nagar (Hill Base, Landslide-Prone Zone)",12.226804809869588,79.06363134359907,21,0,0,1,Low,Medium,Low,Medium,46.2,Medium
"VOC Nagar (Hill Base, Landslide-Prone Zone)",12.227878000042333,79.0620598481478,1,0,1,2,Medium,High,Medium,High,81.2,High
"VOC Nagar (Hill Base, Landslide-Prone Zone)",12.22913603669857,79.0630982468829,0,1,0,1,Low,Low,Medium,Medium,59.3,Medium
"VOC Nagar (Hill Base, Landslide-Prone Zone)",12.227584161500216,79.06373731105953,20,0,0,0,Medium,High,High,Medium,36.3,Medium
"VOC Nagar (Hill Base, Landslide-Prone Zone)",12.226491478669692,79.06571150871633,17,0,0,2,Medium,Low,Medium,Medium,24.3,Low
"VOC Nagar (Hill Base, Landslide-Prone Zone)",12.229997533128245,79.06287064968801,12,0,0,4,Medium,Low,Low,Medium,39.0,Medium
"VOC Nagar (Hill Base, Landslide-Prone Zone)",12.229246183582744,79.06425161864624,3,0,0,2,Low,Low,Low,Medium,58.8,Medium
"VOC Nagar (Hill Base, Landslide-Prone Zone)",12.22896879740061,79.06539923020648,21,0,0,1,Medium,Medium,Medium,Medium,35.0,Medium
"VOC Nagar (Hill Base, Landslide-Prone Zone)",12.226187924348064,79.06486679268409,8,1,0,3,Medium,High,Medium,Medium,43.4,Medium
"VOC Nagar (Hill Base, Landslide-Prone Zone)",12.227185305247675,79.06556525698547,11,0,0,1,High,Medium,Medium,Medium,27.9,Low
"VOC Nagar (Hill Base, Landslide-Prone Zone)",12.22676715494013,79.06532382076516,12,0,0,1,Low,Low,High,Medium,39.3,Medium
"VOC Nagar (Hill Base, Landslide-Prone Zone)",12.226831070815225,79.06577792242524,7,0,0,2,Medium,Low,High,Medium,35.0,Medium
"VOC Nagar (Hill Base, Landslide-Prone Zone)",12.228333065203092,79.06358025806168,2,0,0,3,Medium,Low,Low,Medium,45.8,Medium
"VOC Nagar (Hill Base, Landslide-Prone Zone)",12.228921557001836,79.0650440934012,3,1,0,3,Medium,Low,Low,Medium,57.7,Medium
"VOC Nagar (Hill Base, Landslide-Prone Zone)",12.227265477473654,79.0620145908073,11,0,0,3,Low,Low,Medium,Medium,43.3,Medium
"VOC Nagar (Hill Base, Landslide-Prone Zone)",12.228408032181653,79.06447547449135,23,0,1,5,Low,High,Low,High,100.0,High
"VOC Nagar (Hill Base, Landslide-Prone Zone)",12.227910150285085,79.06566041285721,16,0,0,4,Medium,Medium,Low,Medium,48.4,Medium
"VOC Nagar (Hill Base, Landslide-Prone Zone)",12.229117800865572,79.06414495151077,6,0,0,1,Low,Low,Low,Medium,29.7,Low
"VOC Nagar (Hill Base, Landslide-Prone Zone)",12.228018427565818,79.06492304450589,6,0,0,0,High,Medium,High,Medium,35.3,Medium
"VOC Nagar (Hill Base, Landslide-Prone Zone)",12.226685758836089,79.0637703160912,0,0,0,0,Medium,Low,High,Medium,45.0,Medium
"VOC Nagar (Hill Base, Landslide-Prone Zone)",12.227223404894497,79.0648607478028,3,0,0,1,Low,Low,Medium,Medium,48.6,Medium
"VOC Nagar (Hill Base, Landslide-Prone Zone)",12.228527497336925,79.06466428621373,13,0,0,0,Low,Low,Medium,Medium,36.0,Medium
"VOC Nagar (Hill Base, Landslide-Prone Zone)",12.22784637605669,79.06561882136616,10,0,0,2,High,High,Medium,Medium,39.1,Medium
"VOC Nagar (Hill Base, Landslide-Prone Zone)",12.226038632270628,79.0646556727029,2,0,0,3,Medium,Low,High,Medium,65.2,Medium
"VOC Nagar (Hill Base, Landslide-Prone Zone)",12.229506183953784,79.06524758057,16,0,0,4,Low,Low,Low,Medium,56.3,Medium
"VOC Nagar (Hill Base, Landslide-Prone Zone)",12.227420778970036,79.06279614130959,1,0,0,1,Low,Low,Low,Medium,52.3,Medium
"VOC Nagar (Hill Base, Landslide-Prone Zone)",12.226421239817505,79.06297676814351,7,0,1,5,Low,High,High,High,95.4,High
"VOC Nagar (Hill Base, Landslide-Prone Zone)",12.22745480944825,79.0631289863266,15,0,0,0,High,Low,Low,Medium,15.6,Low
"VOC Nagar (Hill Base, Landslide-Prone Zone)",12.22973302130051,79.0637402629223,19,0,1,1,Medium,High,Medium,High,58.5,Medium
"VOC Nagar (Hill Base, Landslide-Prone Zone)",12.226129540841816,79.06551063256093,19,0,0,2,Low,Low,Medium,Medium,37.7,Medium
"VOC Nagar (Hill Base, Landslide-Prone Zone)",12.226313181353019,79.06339503261692,22,0,0,2,Low,Low,Medium,Medium,66.0,Medium
"VOC Nagar (Hill Base, Landslide-Prone Zone)",12.227904021488389,79.06555673179015,4,0,0,2,Low,Medium,Medium,Medium,71.2,High
"VOC Nagar (Hill Base, Landslide-Prone Zone)",12.226717933421718,79.06451426679014,16,0,0,1,Medium,Low,High,Medium,40.5,Medium
"VOC Nagar (Hill Base, Landslide-Prone Zone)",12.228323608405008,79.06560984853813,0,0,0,2,High,High,High,Medium,70.0,High
"VOC Nagar (Hill Base, Landslide-Prone Zone)",12.228792877866042,79.06378753699819,23,0,0,0,High,High,Medium,Medium,57.5,Medium
"VOC Nagar (Hill Base, Landslide-Prone Zone)",12.229918489868963,79.0644420087273,14,0,0,0,Medium,Low,Low,Medium,13.6,Low
"VOC Nagar (Hill Base, Landslide-Prone Zone)",12.227922805501654,79.06327682533667,7,0,0,3,Low,High,High,Medium,68.2,Medium
"VOC Nagar (Hill Base, Landslide-Prone Zone)",12.228311855535907,79.06320640016557,9,0,0,0,Low,Low,Medium,Medium,32.9,Medium
"VOC Nagar (Hill Base, Landslide-Prone Zone)",12.229571725988327,79.06219168260849,8,0,0,2,Medium,Medium,High,Medium,36.9,Medium
"VOC Nagar (Hill Base, Landslide-Prone Zone)",12.228264916958606,79.06569750543457,1,0,0,3,High,Low,High,Medium,60.2,Medium
"VOC Nagar (Hill Base, Landslide-Prone Zone)",12.228373509726977,79.06461836979112,2,0,1,5,Low,High,Low,High,100.0,High
"VOC Nagar (Hill Base, Landslide-Prone Zone)",12.228805682039244,79.06574708977507,6,0,0,6,Medium,High,Low,Medium,64.2,Medium
"VOC Nagar (Hill Base, Landslide-Prone Zone)",12.227379194460072,79.06410498416665,14,0,0,1,Medium,Low,Medium,Medium,21.1,Low
"VOC Nagar (Hill Base, Landslide-Prone Zone)",12.227244970671405,79.06534939691566,6,0,0,1,Low,Low,Medium,Medium,27.3,Low
"VOC Nagar (Hill Base, Landslide-Prone Zone)",12.226161427012794,79.06225716407045,12,0,0,1,Low,Low,Medium,Medium,33.6,Medium
Hilltop Beacon Ground (Karthigai Deepam site),12.237040374653397,79.07230797171735,16,0,0,0,Low,Medium,Low,Low,12.2,Low
Hilltop Beacon Ground (Karthigai Deepam site),12.236937057272614,79.06944542473518,10,0,0,2,High,High,High,Low,32.5,Medium
Hilltop Beacon Ground (Karthigai Deepam site),12.236079462293485,79.07080028993025,11,0,0,1,Medium,High,Low,Low,14.2,Low
Hilltop Beacon Ground (Karthigai Deepam site),12.239529301946408,79.07107690206574,13,0,0,0,Low,Low,High,Low,12.5,Low
Hilltop Beacon Ground (Karthigai Deepam site),12.23775536752567,79.07151817354962,11,0,0,0,Medium,Low,Low,Low,0.0,Low
Hilltop Beacon Ground (Karthigai Deepam site),12.239749003856094,79.07180236793299,21,1,0,2,High,Low,High,High,61.4,Medium
Hilltop Beacon Ground (Karthigai Deepam site),12.236793006995065,79.07016762418961,19,0,0,1,Low,Low,Medium,Low,14.2,Low
Hilltop Beacon Ground (Karthigai Deepam site),12.237566280736793,79.06936226590928,18,0,0,3,High,Medium,Medium,Low,29.7,Low
Hilltop Beacon Ground (Karthigai Deepam site),12.238993798180926,79.0707481228177,18,0,1,0,High,Medium,Medium,Low,5.8,Low
Hilltop Beacon Ground (Karthigai Deepam site),12.236482062074261,79.07090434291291,20,0,0,2,Low,Low,Low,Low,7.7,Low
Hilltop Beacon Ground (Karthigai Deepam site),12.239070757795162,79.07176263317108,10,0,0,0,Low,Medium,Medium,Low,12.0,Low
Hilltop Beacon Ground (Karthigai Deepam site),12.236990615225741,79.07090058223359,19,0,0,2,Low,Medium,High,Low,33.6,Medium
Hilltop Beacon Ground (Karthigai Deepam site),12.236738137237019,79.07080354446732,0,0,0,1,Low,Low,Medium,Low,19.2,Low
Hilltop Beacon Ground (Karthigai Deepam site),12.238142512554894,79.07009432396117,12,0,1,2,Low,Medium,Medium,Low,24.1,Low
Hilltop Beacon Ground (Karthigai Deepam site),12.237427817143603,79.06937066040956,10,1,0,5,High,Low,High,High,77.1,High
Hilltop Beacon Ground (Karthigai Deepam site),12.23705377390727,79.0690607254739,2,0,0,0,Medium,Low,Medium,Low,9.3,Low
Hilltop Beacon Ground (Karthigai Deepam site),12.23750838586988,79.07142953595927,16,0,0,0,Low,Low,High,Low,10.1,Low
Hilltop Beacon Ground (Karthigai Deepam site),12.238447858223388,79.0698183028149,2,0,0,0,High,Low,Low,Low,0.5,Low
Hilltop Beacon Ground (Karthigai Deepam site),12.239696071365007,79.07142479405914,6,0,0,1,Low,High,Low,Low,19.6,Low
Hilltop Beacon Ground (Karthigai Deepam site),12.236404118659067,79.07026954580861,22,0,0,3,Medium,Medium,High,Low,46.6,Medium
Hilltop Beacon Ground (Karthigai Deepam site),12.23870047366371,79.07256240832893,0,0,0,2,High,Low,Medium,Low,15.3,Low
Hilltop Beacon Ground (Karthigai Deepam site),12.238094003163063,79.06995083006866,11,0,1,0,Low,Low,Low,Low,3.1,Low
Hilltop Beacon Ground (Karthigai Deepam site),12.237965440215515,79.0721370172725,23,0,0,0,Low,Low,Medium,Low,6.8,Low
Hilltop Beacon Ground (Karthigai Deepam site),12.237718297116391,79.07178626771623,23,0,0,0,High,High,Low,Low,22.3,Low
Hilltop Beacon Ground (Karthigai Deepam site),12.23726162046425,79.0700119298434,5,0,0,0,Medium,Medium,Medium,Low,9.5,Low
Hilltop Beacon Ground (Karthigai Deepam site),12.238125757388715,79.07094321994104,15,0,0,0,Medium,Low,High,Low,16.7,Low
Hilltop Beacon Ground (Karthigai Deepam site),12.236379385088455,79.06953695743064,11,0,1,1,Low,Low,Medium,Low,11.0,Low
Hilltop Beacon Ground (Karthigai Deepam site),12.239787613630888,79.06986201430163,9,1,0,6,High,Medium,High,High,97.4,High
Hilltop Beacon Ground (Karthigai Deepam site),12.236956654067109,79.06915772087646,8,0,0,0,Low,Low,High,Low,8.0,Low
Hilltop Beacon Ground (Karthigai Deepam site),12.239481058407355,79.07159200158232,20,0,0,3,Low,Low,Low,Low,22.9,Low
Hilltop Beacon Ground (Karthigai Deepam site),12.237128913143035,79.06913294509435,17,0,0,0,Medium,High,Low,Low,14.3,Low
Hilltop Beacon Ground (Karthigai Deepam site),12.236589580530147,79.07261469819551,19,0,0,1,Medium,High,Low,Low,21.2,Low
Hilltop Beacon Ground (Karthigai Deepam site),12.23615987148916,79.07127943073472,14,0,0,1,Low,Low,Medium,Low,8.8,Low
Hilltop Beacon Ground (Karthigai Deepam site),12.239804753924135,79.06936269370944,7,0,1,1,Medium,Low,Low,Low,2.4,Low
Hilltop Beacon Ground (Karthigai Deepam site),12.239368400658119,79.07083906366374,12,0,0,1,Medium,Low,Medium,Low,5.4,Low
Hilltop Beacon Ground (Karthigai Deepam site),12.238450463963797,79.07220173881734,10,0,0,0,Medium,Medium,Low,Low,11.1,Low
Hilltop Beacon Ground (Karthigai Deepam site),12.237132871871776,79.07134318463201,8,0,1,1,High,Low,Low,Low,0.0,Low
Hilltop Beacon Ground (Karthigai Deepam site),12.239130789713641,79.06976600614135,3,0,0,0,Low,Medium,High,Low,21.5,Low
Hilltop Beacon Ground (Karthigai Deepam site),12.239737269730016,79.07136063179091,0,0,0,0,Medium,Low,Low,Low,0.0,Low
Hilltop Beacon Ground (Karthigai Deepam site),12.238833840253,79.06994980675198,5,0,0,1,Medium,Low,Medium,Low,7.1,Low
Hilltop Beacon Ground (Karthigai Deepam site),12.238338852805006,79.06999419560074,4,0,0,1,High,Low,High,Low,17.5,Low
Hilltop Beacon Ground (Karthigai Deepam site),12.236738402270896,79.07188229598798,8,0,1,0,Medium,Low,Low,Low,1.3,Low
Hilltop Beacon Ground (Karthigai Deepam site),12.237510887616633,79.07064434288587,2,0,0,1,High,Low,Medium,Low,12.0,Low
Hilltop Beacon Ground (Karthigai Deepam site),12.239398641881884,79.07196887157542,13,1,0,3,High,Low,High,High,69.4,Medium
Hilltop Beacon Ground (Karthigai Deepam site),12.237184814623125,79.06948640211928,17,0,0,3,Low,Low,Low,Low,17.9,Low
Hilltop Beacon Ground (Karthigai Deepam site),12.239126604414853,79.07295408998593,22,0,0,3,Low,Low,Medium,Low,32.3,Medium
Hilltop Beacon Ground (Karthigai Deepam site),12.239823172817047,79.07156538224982,8,0,0,2,Low,Low,Medium,Low,18.5,Low
Hilltop Beacon Ground (Karthigai Deepam site),12.239910883743311,79.07134255021607,14,0,1,0,Medium,Low,Medium,Low,9.9,Low
Hilltop Beacon Ground (Karthigai Deepam site),12.238623502756043,79.071117114289,16,0,0,1,Low,High,High,Low,31.6,Medium
Hilltop Beacon Ground (Karthigai Deepam site),12.238347779889986,79.07039840811105,19,0,0,2,Medium,Low,Medium,Low,14.1,Low
Hilltop Beacon Ground (Karthigai Deepam site),12.239653900088413,79.06996134333089,13,0,1,3,Medium,Low,Low,Low,16.0,Low
Hilltop Beacon Ground (Karthigai Deepam site),12.237040391176246,79.07287788091173,18,0,0,0,High,High,Low,Low,6.0,Low
Hilltop Beacon Ground (Karthigai Deepam site),12.238001006336049,79.07055966609546,1,0,0,2,Medium,High,High,Low,50.2,Medium
Hilltop Beacon Ground (Karthigai Deepam site),12.23816765544428,79.06952321741662,18,0,0,3,Medium,Medium,High,Low,29.9,Low
Hilltop Beacon Ground (Karthigai Deepam site),12.23921301464034,79.06913369180177,12,0,0,1,High,Low,Medium,Low,4.3,Low
Hilltop Beacon Ground (Karthigai Deepam site),12.239386809767579,79.0714520869788,16,0,0,0,Medium,High,High,Low,36.9,Medium
Hilltop Beacon Ground (Karthigai Deepam site),12.237669293973749,79.07060812149133,17,0,0,1,Low,High,Medium,Low,34.9,Medium
Hilltop Beacon Ground (Karthigai Deepam site),12.237394542141997,79.06907796715029,12,0,0,0,Medium,Medium,High,Low,14.6,Low
Hilltop Beacon Ground (Karthigai Deepam site),12.239502423501227,79.07062078221527,2,0,0,1,Medium,High,Low,Low,28.8,Low
Hilltop Beacon Ground (Karthigai Deepam site),12.238454639488918,79.07247904323135,8,0,0,1,Medium,Low,High,Low,18.9,Low
Hilltop Beacon Ground (Karthigai Deepam site),12.239812736993533,79.06947700484415,16,0,0,2,Low,Low,Low,Low,15.0,Low
Hilltop Beacon Ground (Karthigai Deepam site),12.238947679701111,79.06929021184978,5,0,0,0,Medium,Low,Medium,Low,1.6,Low
Hilltop Beacon Ground (Karthigai Deepam site),12.238355425503174,79.06999825331681,17,0,0,2,High,High,Medium,Low,26.7,Low
Hilltop Beacon Ground (Karthigai Deepam site),12.239670824359672,79.07105318481138,19,0,1,1,Medium,Medium,Low,Low,17.6,Low
Hilltop Beacon Ground (Karthigai Deepam site),12.237326927539387,79.06923020277536,20,0,0,0,High,Low,High,Low,9.3,Low
Hilltop Beacon Ground (Karthigai Deepam site),12.238162784473833,79.07027763294849,22,0,0,1,Medium,Low,High,Low,17.7,Low
Hilltop Beacon Ground (Karthigai Deepam site),12.237487681202463,79.07282507043415,23,0,0,3,Low,Low,High,Low,32.0,Medium
Hilltop Beacon Ground (Karthigai Deepam site),12.237160726571295,79.07106360514665,22,0,0,3,Low,High,Low,Low,38.6,Medium
Hilltop Beacon Ground (Karthigai Deepam site),12.238832283911188,79.07077186225207,4,0,0,1,Low,Low,Low,Low,8.6,Low
Hilltop Beacon Ground (Karthigai Deepam site),12.23674511614751,79.07253134064091,12,0,0,1,High,Low,Medium,Low,4.5,Low
Hilltop Beacon Ground (Karthigai Deepam site),12.239049292249588,79.07220732230344,2,0,0,1,Medium,High,High,Low,39.1,Medium
Hilltop Beacon Ground (Karthigai Deepam site),12.237625470535326,79.07129957641176,11,0,0,1,Medium,Low,High,Low,13.2,Low
Hilltop Beacon Ground (Karthigai Deepam site),12.239456240365143,79.06919157223835,10,0,0,0,Medium,Low,Medium,Low,0.0,Low
Hilltop Beacon Ground (Karthigai Deepam site),12.236922347505143,79.07068554934995,13,0,0,1,High,Low,Low,Low,2.0,Low
Hilltop Beacon Ground (Karthigai Deepam site),12.236355309804319,79.07017183025995,14,0,1,3,Low,Medium,Medium,Low,25.4,Low
Hilltop Beacon Ground (Karthigai Deepam site),12.238475536723378,79.07271593817784,9,0,0,2,Medium,High,High,Low,34.9,Medium
Hilltop Beacon Ground (Karthigai Deepam site),12.239628198232847,79.07059620361593,20,0,0,0,High,High,High,Low,23.4,Low
Hilltop Beacon Ground (Karthigai Deepam site),12.236866730259878,79.07136236019589,0,0,0,2,Low,Low,Low,Low,17.1,Low
Hilltop Beacon Ground (Karthigai Deepam site),12.236647248684779,79.07202243518037,6,0,0,0,High,Low,Medium,Low,0.0,Low
Hilltop Beacon Ground (Karthigai Deepam site),12.237472415460301,79.07269231540442,0,0,0,2,Medium,High,Low,Low,39.1,Medium
Hilltop Beacon Ground (Karthigai Deepam site),12.237267974315674,79.07177729473416,20,0,0,2,Medium,Medium,Medium,Low,28.0,Low
Hilltop Beacon Ground (Karthigai Deepam site),12.236519599794372,79.06989196908062,0,0,1,1,High,Low,High,Low,16.1,Low
Hilltop Beacon Ground (Karthigai Deepam site),12.239361507101364,79.07120109347919,2,0,0,1,Medium,Low,Low,Low,16.7,Low
Hilltop Beacon Ground (Karthigai Deepam site),12.23666205883111,79.06954790913396,10,0,0,2,Medium,High,High,Low,38.7,Medium
Hilltop Beacon Ground (Karthigai Deepam site),12.238315502841317,79.07206931812892,16,0,0,1,Medium,Low,High,Low,5.5,Low
Hilltop Beacon Ground (Karthigai Deepam site),12.239540633144497,79.07028647969781,14,0,0,1,High,Medium,Medium,Low,5.7,Low
Hilltop Beacon Ground (Karthigai Deepam site),12.238279244357837,79.06964018811804,0,0,0,1,High,Low,Medium,Low,22.2,Low
Hilltop Beacon Ground (Karthigai Deepam site),12.239483479853392,79.07276351321465,6,0,0,0,Medium,Low,Low,Low,4.5,Low
Hilltop Beacon Ground (Karthigai Deepam site),12.237659713564234,79.07216712578929,9,0,0,1,Medium,Low,High,Low,15.4,Low
Hilltop Beacon Ground (Karthigai Deepam site),12.239276577549454,79.06928108363763,23,0,0,2,Medium,Medium,Low,Low,31.2,Medium
Hilltop Beacon Ground (Karthigai Deepam site),12.238807471492308,79.07296358504159,4,0,0,0,Medium,High,Medium,Low,26.8,Low
Hilltop Beacon Ground (Karthigai Deepam site),12.238730159928004,79.07120985064499,21,0,0,1,Low,Low,High,Low,18.5,Low
Hilltop Beacon Ground (Karthigai Deepam site),12.238912805599565,79.07206463181706,7,0,0,0,Medium,Low,Medium,Low,12.2,Low
Hilltop Beacon Ground (Karthigai Deepam site),12.239546031951424,79.07062946867262,1,0,0,1,Medium,Medium,Medium,Low,27.0,Low
Hilltop Beacon Ground (Karthigai Deepam site),12.238798115671667,79.06959832854982,20,0,0,0,Low,Low,Low,Low,0.0,Low
Hilltop Beacon Ground (Karthigai Deepam site),12.237667939339135,79.07006166282135,19,0,0,3,Medium,Low,Medium,Low,26.7,Low
Hilltop Beacon Ground (Karthigai Deepam site),12.238982147400378,79.06945248893076,4,0,1,1,Low,Low,Low,Low,19.1,Low
Hilltop Beacon Ground (Karthigai Deepam site),12.237917277572063,79.06973467721521,9,0,0,1,Low,Low,Low,Low,1.7,Low
Hilltop Beacon Ground (Karthigai Deepam site),12.236392899336913,79.07285204888373,19,0,0,1,Low,Low,Medium,Low,4.4,Low
Hilltop Beacon Ground (Karthigai Deepam site),12.236996040328162,79.07217072628055,6,0,0,1,Low,Medium,Medium,Low,14.4,Low
Hilltop Beacon Ground (Karthigai Deepam site),12.236096380372764,79.07165545316629,7,0,0,1,Low,Medium,High,Low,29.9,Low
Hilltop Beacon Ground (Karthigai Deepam site),12.239136070813142,79.06976846218407,21,0,0,0,Low,Low,High,Low,9.3,Low
Hilltop Beacon Ground (Karthigai Deepam site),12.237677081328146,79.071755657471,9,0,0,0,High,Medium,Medium,Low,15.5,Low
Hilltop Beacon Ground (Karthigai Deepam site),12.238937928163892,79.069635298631,12,0,0,1,Low,Medium,High,Low,21.8,Low
Hilltop Beacon Ground (Karthigai Deepam site),12.239337191989913,79.06972301117608,3,0,0,0,Low,Low,Medium,Low,11.3,Low
Hilltop Beacon Ground (Karthigai Deepam site),12.236068296996187,79.07117243739137,1,0,1,2,High,Low,High,Low,26.1,Low
Hilltop Beacon Ground (Karthigai Deepam site),12.237873777438068,79.07052229472545,2,0,0,0,High,Low,High,Low,7.5,Low
Hilltop Beacon Ground (Karthigai Deepam site),12.239865166232942,79.07143404347624,10,0,0,0,Medium,Medium,Medium,Low,8.4,Low
Hilltop Beacon Ground (Karthigai Deepam site),12.236177123646963,79.07010967403426,10,0,0,1,Low,Low,High,Low,20.5,Low
Hilltop Beacon Ground (Karthigai Deepam site),12.239887221295458,79.07276272277788,13,0,0,1,High,Low,Low,Low,0.0,Low
Hilltop Beacon Ground (Karthigai Deepam site),12.238666890382055,79.07081093859743,7,0,0,0,Medium,Low,Low,Low,0.0,Low
Hilltop Beacon Ground (Karthigai Deepam site),12.238111383777088,79.0702708135225,22,0,1,0,High,Low,Medium,Low,3.4,Low
Hilltop Beacon Ground (Karthigai Deepam site),12.237842115692166,79.07031530415587,21,0,1,0,Medium,High,High,Low,25.6,Low
Hilltop Beacon Ground (Karthigai Deepam site),12.236829447412052,79.071522132651,16,0,0,0,Medium,Low,High,Low,7.9,Low
Hilltop Beacon Ground (Karthigai Deepam site),12.237444009596121,79.06946026866626,7,0,1,1,High,Low,Medium,Low,6.5,Low
Hilltop Beacon Ground (Karthigai Deepam site),12.237737350430141,79.07297067411159,6,0,1,2,Medium,Medium,Low,Low,11.3,Low
Hilltop Beacon Ground (Karthigai Deepam site),12.23627818863339,79.07287934591834,9,0,0,1,High,Medium,Medium,Low,16.9,Low
Hilltop Beacon Ground (Karthigai Deepam site),12.239339035834382,79.07048952762194,9,0,0,0,Low,Low,Low,Low,0.0,Low
Hilltop Beacon Ground (Karthigai Deepam site),12.236019080161997,79.07230405238042,17,0,0,1,High,Medium,High,Low,19.6,Low
Hilltop Beacon Ground (Karthigai Deepam site),12.236100504874003,79.07181875025981,18,0,0,1,Medium,Low,High,Low,16.6,Low
Hilltop Beacon Ground (Karthigai Deepam site),12.238638487684831,79.06920164388536,3,0,0,0,Medium,Low,Low,Low,7.9,Low
Hilltop Beacon Ground (Karthigai Deepam site),12.238831393306384,79.0696762993135,17,0,0,0,High,Medium,Medium,Low,11.1,Low
Hilltop Beacon Ground (Karthigai Deepam site),12.238691957186889,79.072467920641,1,0,0,0,High,Low,Low,Low,8.2,Low
Hilltop Beacon Ground (Karthigai Deepam site),12.238544196229984,79.07077687144943,22,0,0,1,High,High,Low,Low,24.3,Low
Hilltop Beacon Ground (Karthigai Deepam site),12.237048093865775,79.07226257144974,22,0,0,0,Low,Low,High,Low,20.6,Low
Hilltop Beacon Ground (Karthigai Deepam site),12.237556340440747,79.0711637351846,13,1,1,4,High,Low,High,High,70.9,High
Hilltop Beacon Ground (Karthigai Deepam site),12.237027717409356,79.07130159586512,6,0,0,1,Low,Medium,Low,Low,8.2,Low
Hilltop Beacon Ground (Karthigai Deepam site),12.236671425649517,79.0710070372925,6,0,0,2,Medium,Medium,Medium,Low,28.3,Low
Hilltop Beacon Ground (Karthigai Deepam site),12.236899272099693,79.07204956221057,2,0,0,0,High,Low,Medium,Low,19.4,Low
Hilltop Beacon Ground (Karthigai Deepam site),12.239807086671359,79.07116295257835,21,0,0,0,High,Low,Medium,Low,0.0,Low
Hilltop Beacon Ground (Karthigai Deepam site),12.23952092362445,79.06906490829728,14,0,0,0,Medium,Low,Medium,Low,6.0,Low
Hilltop Beacon Ground (Karthigai Deepam site),12.23904358264466,79.07013228744718,10,0,1,0,High,Low,High,Low,3.0,Low
Hilltop Beacon Ground (Karthigai Deepam site),12.23752759609986,79.06954056492107,4,0,0,3,Low,Medium,High,Low,40.9,Medium
Hilltop Beacon Ground (Karthigai Deepam site),12.236755296622635,79.07201016104882,22,0,0,1,High,Low,High,Low,21.3,Low
Hilltop Beacon Ground (Karthigai Deepam site),12.236050178477601,79.07111760371652,21,1,1,5,High,Low,High,High,88.7,High
Hilltop Beacon Ground (Karthigai Deepam site),12.238434383499381,79.07176226860877,15,0,0,0,Medium,Medium,High,Low,10.3,Low
Hilltop Beacon Ground (Karthigai Deepam site),12.237855608982613,79.07005206629941,10,0,0,2,Low,Low,High,Low,25.7,Low
Hilltop Beacon Ground (Karthigai Deepam site),12.236063843006736,79.07097334842497,23,0,0,0,Low,Low,High,Low,13.7,Low
Hilltop Beacon Ground (Karthigai Deepam site),12.236772675256704,79.0697640001322,4,0,0,2,Medium,Medium,Medium,Low,37.1,Medium
Hilltop Beacon Ground (Karthigai Deepam site),12.236694547696132,79.07003839275453,5,0,1,3,Medium,Low,Low,Low,13.0,Low
Hilltop Beacon Ground (Karthigai Deepam site),12.239907861702292,79.072129231198,7,0,1,3,Low,Low,Medium,Low,24.9,Low
Hilltop Beacon Ground (Karthigai Deepam site),12.237903449209709,79.06966297783765,9,0,0,0,High,Low,High,Low,3.8,Low
Hilltop Beacon Ground (Karthigai Deepam site),12.237350404567515,79.07127910507516,3,0,0,0,Low,Low,High,Low,18.2,Low
Hilltop Beacon Ground (Karthigai Deepam site),12.238140732196916,79.071058813296,17,0,0,1,Medium,Low,Medium,Low,16.7,Low
Hilltop Beacon Ground (Karthigai Deepam site),12.236469827244917,79.07236039499693,3,0,0,1,Low,Low,High,Low,22.2,Low
Hilltop Beacon Ground (Karthigai Deepam site),12.238994844671163,79.07266780787789,14,0,0,1,Medium,Low,Medium,Low,11.4,Low
Hilltop Beacon Ground (Karthigai Deepam site),12.2397446901057,79.06931413045992,15,0,0,0,High,Low,High,Low,0.0,Low
Hilltop Beacon Ground (Karthigai Deepam site),12.236761686781705,79.07123869582527,18,0,0,1,Low,Medium,Medium,Low,20.0,Low
Hilltop Beacon Ground (Karthigai Deepam site),12.236469328806294,79.07102419813374,21,0,0,1,High,Medium,Low,Low,9.5,Low
Hilltop Beacon Ground (Karthigai Deepam site),12.239445213083918,79.06907599640454,5,0,0,1,Low,Low,High,Low,20.6,Low
Hilltop Beacon Ground (Karthigai Deepam site),12.236225549090651,79.07247139217007,6,0,0,1,Medium,Low,Medium,Low,6.1,Low
Hilltop Beacon Ground (Karthigai Deepam site),12.238183663434286,79.07298100907362,17,1,0,2,High,High,High,High,77.5,High
Hilltop Beacon Ground (Karthigai Deepam site),12.237368376286566,79.06907058529508,20,0,1,2,Medium,Low,Medium,Low,16.9,Low
Hilltop Beacon Ground (Karthigai Deepam site),12.236997135543714,79.0701242984667,18,0,0,3,Medium,Low,Low,Low,17.2,Low
Hilltop Beacon Ground (Karthigai Deepam site),12.238799537738013,79.07154666812966,22,0,1,0,High,Medium,Medium,Low,15.7,Low
Hilltop Beacon Ground (Karthigai Deepam site),12.238293168674526,79.07112692195103,14,0,0,0,Medium,Low,Medium,Low,0.0,Low
Hilltop Beacon Ground (Karthigai Deepam site),12.237129912416687,79.07046686298634,6,0,0,0,High,Medium,High,Low,8.4,Low
Hilltop Beacon Ground (Karthigai Deepam site),12.238432891846033,79.0690713038137,19,0,0,0,Medium,Low,Medium,Low,4.2,Low
Hilltop Beacon Ground (Karthigai Deepam site),12.239071277827087,79.07254821976727,6,0,0,0,Low,Low,High,Low,11.2,Low
Hilltop Beacon Ground (Karthigai Deepam site),12.23751808182627,79.07231327812167,19,0,0,0,Medium,Medium,Medium,Low,19.7,Low
Hilltop Beacon Ground (Karthigai Deepam site),12.237365459771862,79.07162469684134,8,0,0,0,High,Low,Low,Low,0.0,Low
Hilltop Beacon Ground (Karthigai Deepam site),12.237728701463215,79.0706604569286,8,0,0,1,High,Low,Low,Low,0.0,Low
Hilltop Beacon Ground (Karthigai Deepam site),12.239009875137782,79.0715974007792,23,0,0,1,Medium,Medium,High,Low,27.7,Low
Hilltop Beacon Ground (Karthigai Deepam site),12.238851137491583,79.07273233773937,23,0,0,2,Low,Medium,Medium,Low,28.8,Low
Hilltop Beacon Ground (Karthigai Deepam site),12.238678129323247,79.07223921798325,19,0,0,2,Medium,Low,High,Low,17.5,Low
Hilltop Beacon Ground (Karthigai Deepam site),12.238137125466682,79.07039199534803,5,0,0,0,Medium,Medium,Low,Low,6.0,Low
Hilltop Beacon Ground (Karthigai Deepam site),12.239846476769866,79.07255641035056,0,0,0,0,Low,High,High,Low,35.7,Medium
Hilltop Beacon Ground (Karthigai Deepam site),12.239269087336956,79.07295143219689,17,0,1,3,Medium,High,Low,Low,33.1,Medium
Hilltop Beacon Ground (Karthigai Deepam site),12.236644861587488,79.07177207263224,22,0,0,0,Medium,High,Low,Low,21.5,Low
Hilltop Beacon Ground (Karthigai Deepam site),12.236326001886265,79.07186917344764,8,0,0,0,Medium,High,Low,Low,23.0,Low
Hilltop Beacon Ground (Karthigai Deepam site),12.236061412691292,79.06991308211232,8,0,0,1,Medium,Medium,Low,Low,16.8,Low
Hilltop Beacon Ground (Karthigai Deepam site),12.236924595575246,79.07124465853585,17,0,0,1,High,Low,Medium,Low,5.5,Low
Hilltop Beacon Ground (Karthigai Deepam site),12.23918249912849,79.07014717448206,13,0,0,0,Low,Low,Low,Low,8.9,Low
Hilltop Beacon Ground (Karthigai Deepam site),12.238639359712629,79.06913141065702,4,0,0,1,Low,Low,High,Low,29.8,Low
Hilltop Beacon Ground (Karthigai Deepam site),12.236666514266034,79.071940870215,15,0,0,1,High,Low,Low,Low,0.0,Low
Hilltop Beacon Ground (Karthigai Deepam site),12.237003397172169,79.07009499694999,16,0,0,1,Medium,Medium,High,Low,18.1,Low
Hilltop Beacon Ground (Karthigai Deepam site),12.236296814152801,79.07165896356038,1,1,0,4,High,High,High,High,100.0,High
Hilltop Beacon Ground (Karthigai Deepam site),12.23938257539159,79.07079013476864,21,0,0,0,High,Low,High,Low,2.9,Low
Hilltop Beacon Ground (Karthigai Deepam site),12.239480105783942,79.07250727076645,18,0,0,0,Medium,Low,Low,Low,2.0,Low
Hilltop Beacon Ground (Karthigai Deepam site),12.236450103912848,79.07008655825365,9,0,0,0,High,Low,Medium,Low,0.0,Low
Hilltop Beacon Ground (Karthigai Deepam site),12.238561062607914,79.07148544636873,17,0,0,1,High,Medium,Medium,Low,19.8,Low
Hilltop Beacon Ground (Karthigai Deepam site),12.237612490634232,79.06990109657455,0,0,0,1,Medium,Low,Medium,Low,13.7,Low
Hilltop Beacon Ground (Karthigai Deepam site),12.23760854419945,79.07147823798736,13,0,0,0,Low,Medium,High,Low,11.6,Low
Hilltop Beacon Ground (Karthigai Deepam site),12.23714275393715,79.07152245819071,5,0,0,1,High,Medium,Low,Low,12.4,Low
Hilltop Beacon Ground (Karthigai Deepam site),12.23927149939634,79.06938357010223,21,0,0,0,Medium,Low,Medium,Low,5.1,Low
Hilltop Beacon Ground (Karthigai Deepam site),12.237969075370675,79.06953468402808,1,0,0,2,High,Low,High,Low,22.3,Low
Hilltop Beacon Ground (Karthigai Deepam site),12.238618586699566,79.07035373456289,13,1,0,5,High,Medium,High,High,92.1,High
Hilltop Beacon Ground (Karthigai Deepam site),12.239127980452425,79.07093442343779,11,0,0,1,Medium,Low,Medium,Low,7.2,Low
Hilltop Beacon Ground (Karthigai Deepam site),12.239649147704643,79.06996431238021,3,0,0,0,Low,Low,Medium,Low,6.1,Low
Hilltop Beacon Ground (Karthigai Deepam site),12.236930799567272,79.07024355236283,10,0,0,0,Low,Low,High,Low,6.1,Low
Hilltop Beacon Ground (Karthigai Deepam site),12.239445402674702,79.06973566078405,15,0,1,0,Low,High,Medium,Low,20.1,Low
Hilltop Beacon Ground (Karthigai Deepam site),12.23786851838737,79.07190690724904,2,0,0,1,High,Low,High,Low,24.9,Low
Hilltop Beacon Ground (Karthigai Deepam site),12.237153003217433,79.0717321335864,7,0,1,1,Medium,Low,High,Low,10.2,Low
Hilltop Beacon Ground (Karthigai Deepam site),12.239330907677617,79.07152938072494,15,0,0,1,High,High,Medium,Low,19.4,Low
Hilltop Beacon Ground (Karthigai Deepam site),12.236111835264301,79.07202871844976,21,0,0,1,Low,High,Medium,Low,32.2,Medium
Hilltop Beacon Ground (Karthigai Deepam site),12.237296905022365,79.0727652823215,4,0,0,0,High,Medium,High,Low,23.4,Low
Hilltop Beacon Ground (Karthigai Deepam site),12.236019786647303,79.0728059550127,9,0,0,0,Medium,Medium,High,Low,16.5,Low
Hilltop Beacon Ground (Karthigai Deepam site),12.236961794913466,79.07299790778691,11,0,0,0,Low,Low,High,Low,5.7,Low
Hilltop Beacon Ground (Karthigai Deepam site),12.239303223990428,79.07058273462569,0,0,0,1,Medium,High,High,Low,37.4,Medium
Hilltop Beacon Ground (Karthigai Deepam site),12.238606138733337,79.07216174406031,4,0,0,1,Low,Medium,Low,Low,16.1,Low
Hilltop Beacon Ground (Karthigai Deepam site),12.238369188759698,79.07138341766658,11,0,0,0,Medium,Low,Low,Low,6.5,Low
Hilltop Beacon Ground (Karthigai Deepam site),12.237487901477982,79.07220845641375,15,0,0,2,Low,Low,Low,Low,19.2,Low
Hilltop Beacon Ground (Karthigai Deepam site),12.237765322768437,79.07032830802216,3,0,0,0,Medium,High,Low,Low,15.2,Low
Hilltop Beacon Ground (Karthigai Deepam site),12.239554824038512,79.07281036114567,0,0,0,1,Medium,Low,Low,Low,12.0,Low
Hilltop Beacon Ground (Karthigai Deepam site),12.236999170695297,79.07267231994382,1,0,0,1,Medium,Low,High,Low,26.3,Low
Hilltop Beacon Ground (Karthigai Deepam site),12.239758517461494,79.07162303481714,5,0,0,1,Low,Medium,Medium,Low,18.1,Low
Hilltop Beacon Ground (Karthigai Deepam site),12.237094503478499,79.06961392537241,22,0,0,3,Medium,Low,Medium,Low,27.1,Low
Hilltop Beacon Ground (Karthigai Deepam site),12.236779357388897,79.07099074842579,12,0,0,2,Low,Low,High,Low,26.6,Low
Hilltop Beacon Ground (Karthigai Deepam site),12.237988086584442,79.07230145877102,3,0,0,1,High,High,Medium,Low,29.0,Low
Hilltop Beacon Ground (Karthigai Deepam site),12.238730296537016,79.07207819890873,6,0,0,1,Medium,Low,Low,Low,6.0,Low
Hilltop Beacon Ground (Karthigai Deepam site),12.239496774106302,79.07202911486655,23,0,0,1,Medium,High,Low,Low,35.9,Medium
Hilltop Beacon Ground (Karthigai Deepam site),12.236152316619584,79.06981145257802,17,0,0,3,Medium,Low,High,Low,20.8,Low
Hilltop Beacon Ground (Karthigai Deepam site),12.237848951433566,79.07091097491167,17,0,0,1,Low,Low,Low,Low,0.0,Low
Hilltop Beacon Ground (Karthigai Deepam site),12.239743786092527,79.07024034889625,23,0,0,0,High,High,Low,Low,13.5,Low
Hilltop Beacon Ground (Karthigai Deepam site),12.238743532025307,79.069240372438,0,0,0,0,Medium,Low,Low,Low,2.0,Low
Hilltop Beacon Ground (Karthigai Deepam site),12.238251807668066,79.07260453768019,16,0,0,1,Medium,Medium,Low,Low,12.0,Low
Hilltop Beacon Ground (Karthigai Deepam site),12.237115555684268,79.06955447053093,10,0,0,1,Medium,Medium,Low,Low,3.2,Low
Hilltop Beacon Ground (Karthigai Deepam site),12.236836792544874,79.06951361458366,1,0,0,1,Low,Medium,Medium,Low,26.4,Low
Hilltop Beacon Ground (Karthigai Deepam site),12.237174995624592,79.07101199111433,13,0,0,0,Low,Low,High,Low,12.3,Low
Hilltop Beacon Ground (Karthigai Deepam site),12.237897418669283,79.07189503909007,18,0,0,1,Low,Low,Low,Low,5.7,Low
Hilltop Beacon Ground (Karthigai Deepam site),12.23638579398154,79.07015574515475,0,0,1,1,Medium,Medium,Low,Low,21.1,Low
Hilltop Beacon Ground (Karthigai Deepam site),12.239018555021914,79.07214845009652,3,0,1,0,High,Low,High,Low,13.8,Low
Hilltop Beacon Ground (Karthigai Deepam site),12.237631857389301,79.0712296104092,13,0,0,0,High,High,Medium,Low,15.1,Low
Hilltop Beacon Ground (Karthigai Deepam site),12.236353768692886,79.06929956002395,1,0,0,2,High,Low,Low,Low,19.4,Low
Hilltop Beacon Ground (Karthigai Deepam site),12.239906046752163,79.07019105978759,13,0,0,0,Low,Low,High,Low,15.5,Low
Hilltop Beacon Ground (Karthigai Deepam site),12.237969064814767,79.07120008885403,17,0,0,1,Medium,Low,High,Low,14.4,Low
Hilltop Beacon Ground (Karthigai Deepam site),12.237447851812869,79.0700725076097,0,0,0,1,Low,Low,Low,Low,15.8,Low
Hilltop Beacon Ground (Karthigai Deepam site),12.236141826753137,79.07031631222905,12,0,0,2,High,Low,Low,Low,15.6,Low
Hilltop Beacon Ground (Karthigai Deepam site),12.236660122535001,79.0717530564354,19,0,0,1,Medium,Medium,High,Low,15.8,Low
Hilltop Beacon Ground (Karthigai Deepam site),12.236309953608849,79.07185251377513,9,0,0,0,High,Medium,High,Low,9.6,Low
Hilltop Beacon Ground (Karthigai Deepam site),12.236097459872973,79.07283689104204,20,0,0,1,Medium,High,Medium,Low,26.1,Low
Hilltop Beacon Ground (Karthigai Deepam site),12.238050320127055,79.07150894153602,9,0,0,0,Medium,High,High,Low,24.5,Low
Hilltop Beacon Ground (Karthigai Deepam site),12.237285633514556,79.0728051013858,15,0,0,0,Medium,Low,Medium,Low,0.0,Low
Hilltop Beacon Ground (Karthigai Deepam site),12.237157501779018,79.07030986167092,18,0,1,0,Low,High,Medium,Low,10.7,Low
Hilltop Beacon Ground (Karthigai Deepam site),12.23819125163242,79.07008728303563,4,0,0,2,Low,Low,Low,Low,18.0,Low
Hilltop Beacon Ground (Karthigai Deepam site),12.238289165783023,79.07055314279151,6,0,0,0,Medium,Low,Medium,Low,2.4,Low
Hilltop Beacon Ground (Karthigai Deepam site),12.239979421925074,79.07011364988657,11,0,0,1,Low,High,Medium,Low,21.2,Low
Hilltop Beacon Ground (Karthigai Deepam site),12.237708244643349,79.07207314539701,8,0,0,0,High,Low,High,Low,4.5,Low
Hilltop Beacon Ground (Karthigai Deepam site),12.238139203738491,79.07176729301278,23,0,0,0,Low,Medium,Medium,Low,12.9,Low
Hilltop Beacon Ground (Karthigai Deepam site),12.237538385059644,79.07040788481028,8,0,0,0,Medium,Low,Medium,Low,6.5,Low
Hilltop Beacon Ground (Karthigai Deepam site),12.237350128076375,79.06929096975111,13,0,0,2,Medium,Low,Medium,Low,10.8,Low
Hilltop Beacon Ground (Karthigai Deepam site),12.239612132292391,79.07037930405556,0,0,0,0,Medium,Low,Low,Low,0.9,Low
Hilltop Beacon Ground (Karthigai Deepam site),12.238470564092918,79.07146164135607,15,0,1,0,Low,Low,Low,Low,1.7,Low
Hilltop Beacon Ground (Karthigai Deepam site),12.238367038654292,79.07033821497642,0,0,0,0,Low,Low,Medium,Low,9.3,Low
Hilltop Beacon Ground (Karthigai Deepam site),12.237357816361262,79.07211868699602,10,0,0,1,Low,Medium,Medium,Low,6.4,Low
Hilltop Beacon Ground (Karthigai Deepam site),12.239218850284434,79.069681394925,8,0,0,2,High,Low,Medium,Low,14.3,Low
Hilltop Beacon Ground (Karthigai Deepam site),12.238235990428628,79.07150181047109,12,0,0,1,Medium,Medium,Medium,Low,7.4,Low
Hilltop Beacon Ground (Karthigai Deepam site),12.23765101268405,79.06921770172528,9,0,0,1,Medium,Low,Medium,Low,10.6,Low
Hilltop Beacon Ground (Karthigai Deepam site),12.237352903027501,79.07004039665259,7,0,0,1,Low,Medium,High,Low,28.3,Low
Hilltop Beacon Ground (Karthigai Deepam site),12.237923509526647,79.06925475278697,2,0,0,1,Medium,Low,Low,Low,9.7,Low
Hilltop Beacon Ground (Karthigai Deepam site),12.238907348361309,79.06942347396537,16,0,0,1,High,Medium,High,Low,13.8,Low
Hilltop Beacon Ground (Karthigai Deepam site),12.239860481862756,79.070872684608,16,0,0,1,High,Low,High,Low,5.0,Low
Hilltop Beacon Ground (Karthigai Deepam site),12.237096519190239,79.07159324395218,12,0,0,0,High,Medium,Medium,Low,7.3,Low
Hilltop Beacon Ground (Karthigai Deepam site),12.239932290253469,79.07043575612215,1,1,0,2,High,Medium,High,High,93.9,High
Hilltop Beacon Ground (Karthigai Deepam site),12.23767587855087,79.07142788262702,14,0,0,0,Low,Low,Medium,Low,4.4,Low
Hilltop Beacon Ground (Karthigai Deepam site),12.23741151114836,79.0716360072286,8,0,0,4,Low,Low,Medium,Low,41.0,Medium
Hilltop Beacon Ground (Karthigai Deepam site),12.237463121840282,79.07254507044009,23,0,1,2,Low,Low,High,Low,28.7,Low
Hilltop Beacon Ground (Karthigai Deepam site),12.237211310111546,79.07084106136513,5,0,1,0,Low,High,Medium,Low,26.1,Low
Hilltop Beacon Ground (Karthigai Deepam site),12.23884186765374,79.07158039084374,7,0,0,1,Medium,Low,Low,Low,5.4,Low
Hilltop Beacon Ground (Karthigai Deepam site),12.238585756690242,79.07141103513578,13,0,0,3,Medium,Medium,High,Low,34.9,Medium
Hilltop Beacon Ground (Karthigai Deepam site),12.236021510320093,79.07005010206967,15,0,0,0,Medium,Medium,High,Low,9.8,Low
Hilltop Beacon Ground (Karthigai Deepam site),12.23952568355734,79.07168051403073,7,0,0,0,Medium,Low,Low,Low,0.0,Low
Hilltop Beacon Ground (Karthigai Deepam site),12.237570178797585,79.07249856872394,18,0,0,1,Medium,Medium,Low,Low,10.3,Low
Hilltop Beacon Ground (Karthigai Deepam site),12.237678648236377,79.07149991887376,9,0,0,0,High,Low,Medium,Low,0.0,Low
Hilltop Beacon Ground (Karthigai Deepam site),12.239827207094617,79.0712747011592,20,0,0,1,Medium,Low,Low,Low,9.6,Low
Hilltop Beacon Ground (Karthigai Deepam site),12.239068489129341,79.07251509183548,13,1,0,3,High,Low,High,High,57.4,Medium
Hilltop Beacon Ground (Karthigai Deepam site),12.236282619853029,79.07243895232241,21,1,0,1,High,Low,High,High,57.5,Medium
Hilltop Beacon Ground (Karthigai Deepam site),12.239831124972248,79.06929284578425,23,0,0,0,High,Low,High,Low,15.2,Low
Hilltop Beacon Ground (Karthigai Deepam site),12.236050298599222,79.0712752757365,7,0,1,1,Medium,Medium,High,Low,20.0,Low
Hilltop Beacon Ground (Karthigai Deepam site),12.237125155478777,79.07087177269175,2,0,0,0,Medium,Medium,Medium,Low,16.5,Low
Hilltop Beacon Ground (Karthigai Deepam site),12.238243208644592,79.07126145373643,16,0,0,1,Low,Low,Medium,Low,12.7,Low
Hilltop Beacon Ground (Karthigai Deepam site),12.23665059006054,79.07118476094125,1,0,1,0,High,High,Low,Low,21.1,Low
Hilltop Beacon Ground (Karthigai Deepam site),12.239526928112111,79.07167664498384,23,0,0,0,Medium,Medium,Medium,Low,9.2,Low
Hilltop Beacon Ground (Karthigai Deepam site),12.239238300033207,79.06951097812619,19,0,0,2,Medium,Medium,Medium,Low,33.1,Medium
Hilltop Beacon Ground (Karthigai Deepam site),12.239503995077305,79.07277790601772,0,0,0,1,Medium,High,Medium,Low,29.2,Low
Hilltop Beacon Ground (Karthigai Deepam site),12.239121570145384,79.06936880174985,16,0,0,1,High,Low,Low,Low,0.0,Low
Hilltop Beacon Ground (Karthigai Deepam site),12.237380343997948,79.07297735561879,1,0,0,0,Medium,Medium,Medium,Low,11.7,Low
Hilltop Beacon Ground (Karthigai Deepam site),12.23782534252331,79.07170396839162,23,0,1,1,Medium,Medium,Low,Low,27.4,Low
Hilltop Beacon Ground (Karthigai Deepam site),12.238693323964089,79.07286897883515,17,0,0,1,Low,Low,Medium,Low,16.4,Low
Hilltop Beacon Ground (Karthigai Deepam site),12.236877192086762,79.0717752405152,15,0,0,2,Medium,Low,Medium,Low,18.1,Low
Hilltop Beacon Ground (Karthigai Deepam site),12.239212511439275,79.06914647757998,9,0,0,4,Medium,Low,Low,Low,25.6,Low
Hilltop Beacon Ground (Karthigai Deepam site),12.237683189394334,79.0718256417183,8,0,1,0,Medium,Low,High,Low,8.2,Low
Hilltop Beacon Ground (Karthigai Deepam site),12.238798881051952,79.06981745605047,1,0,0,0,Medium,High,Low,Low,19.4,Low
Hilltop Beacon Ground (Karthigai Deepam site),12.236825511577718,79.07134603234519,5,0,0,1,Medium,High,Medium,Low,30.1,Medium
Hilltop Beacon Ground (Karthigai Deepam site),12.238602913696205,79.07037724142778,9,0,0,0,Low,Low,High,Low,13.2,Low
Hilltop Beacon Ground (Karthigai Deepam site),12.237932307878198,79.06959806544124,15,0,0,1,Low,Low,High,Low,11.0,Low
Hilltop Beacon Ground (Karthigai Deepam site),12.238600134384042,79.070837073977,17,0,0,0,High,Low,High,Low,6.9,Low
Hilltop Beacon Ground (Karthigai Deepam site),12.239240059680139,79.07216027835403,8,1,0,5,High,Medium,High,High,98.9,High
Hilltop Beacon Ground (Karthigai Deepam site),12.237510246049409,79.06985436242877,14,0,0,0,Low,Low,Low,Low,5.8,Low
Hilltop Beacon Ground (Karthigai Deepam site),12.23825935056499,79.07203991092064,9,0,0,1,Low,Low,High,Low,11.3,Low
Hilltop Beacon Ground (Karthigai Deepam site),12.237242977003483,79.07238823218681,14,0,0,0,Low,Low,Medium,Low,5.0,Low
Hilltop Beacon Ground (Karthigai Deepam site),12.239642238799577,79.07096553279857,19,0,0,2,Low,Low,Medium,Low,20.4,Low
Hilltop Beacon Ground (Karthigai Deepam site),12.237689067229176,79.0710785969277,17,0,0,2,Low,Medium,Low,Low,13.7,Low
Hilltop Beacon Ground (Karthigai Deepam site),12.23922346386267,79.07027395252274,13,0,0,0,High,Low,Low,Low,0.0,Low
Hilltop Beacon Ground (Karthigai Deepam site),12.239688051718629,79.06952786774039,12,0,0,1,Medium,Low,High,Low,19.8,Low
Hilltop Beacon Ground (Karthigai Deepam site),12.236719135759465,79.07086742970137,10,0,0,0,Medium,High,Medium,Low,21.5,Low
Hilltop Beacon Ground (Karthigai Deepam site),12.239909725952181,79.07255956175125,17,0,0,0,High,Low,High,Low,0.0,Low
Hilltop Beacon Ground (Karthigai Deepam site),12.23846816376412,79.07018928775976,4,0,1,1,High,Low,Low,Low,9.7,Low
Hilltop Beacon Ground (Karthigai Deepam site),12.239325581909915,79.07065380298718,4,0,0,0,Low,Low,Medium,Low,16.1,Low
Hilltop Beacon Ground (Karthigai Deepam site),12.23742440796586,79.07229780522178,6,0,0,0,Medium,Low,High,Low,9.3,Low
Hilltop Beacon Ground (Karthigai Deepam site),12.23926553513544,79.07256570871319,16,0,1,1,Low,Low,Low,Low,3.5,Low
Hilltop Beacon Ground (Karthigai Deepam site),12.237773575052714,79.07080425522669,20,0,0,0,Medium,Medium,High,Low,16.9,Low
Hilltop Beacon Ground (Karthigai Deepam site),12.2379172230669,79.07020692667254,22,0,0,1,Medium,Low,Medium,Low,17.9,Low
Hilltop Beacon Ground (Karthigai Deepam site),12.238929868065561,79.07081843120156,2,0,0,0,Medium,Low,Medium,Low,11.6,Low
Hilltop Beacon Ground (Karthigai Deepam site),12.238649727370555,79.06929291001371,5,0,1,1,High,Medium,High,Low,17.2,Low
Hilltop Beacon Ground (Karthigai Deepam site),12.23946385175134,79.07162543191384,9,0,0,0,Low,Low,Low,Low,8.4,Low
Hilltop Beacon Ground (Karthigai Deepam site),12.237749205993026,79.07099719622569,6,0,0,0,Medium,Low,High,Low,9.0,Low
Hilltop Beacon Ground (Karthigai Deepam site),12.238163659414612,79.07026997342092,6,0,0,0,Low,Low,Low,Low,0.0,Low
Hilltop Beacon Ground (Karthigai Deepam site),12.23981245313525,79.07092829424455,23,0,0,3,High,Medium,Low,Low,25.6,Low
Hilltop Beacon Ground (Karthigai Deepam site),12.239013336209828,79.07056467054119,17,0,0,0,Medium,Low,High,Low,0.6,Low
Hilltop Beacon Ground (Karthigai Deepam site),12.238769184227602,79.06908233203269,6,0,0,3,High,Medium,Medium,Low,37.3,Medium
Hilltop Beacon Ground (Karthigai Deepam site),12.239033011599505,79.07177503725255,10,0,0,0,Medium,Medium,Medium,Low,3.3,Low
Hilltop Beacon Ground (Karthigai Deepam site),12.238758745188152,79.07294512652442,23,0,0,0,Medium,Medium,High,Low,21.7,Low
Hilltop Beacon Ground (Karthigai Deepam site),12.236647848736569,79.07088711731973,8,0,0,2,High,Low,Medium,Low,5.9,Low
Hilltop Beacon Ground (Karthigai Deepam site),12.239741736438496,79.07066331359137,21,0,0,1,Low,Medium,Medium,Low,24.1,Low
Hilltop Beacon Ground (Karthigai Deepam site),12.23921470939989,79.06923936963565,6,0,1,2,Medium,Low,Low,Low,9.5,Low
Hilltop Beacon Ground (Karthigai Deepam site),12.236045159528608,79.07133108398217,10,0,0,0,Low,Low,High,Low,7.2,Low
Hilltop Beacon Ground (Karthigai Deepam site),12.23741364478662,79.07125140623887,16,0,0,0,Medium,High,Medium,Low,26.0,Low
Hilltop Beacon Ground (Karthigai Deepam site),12.236908940861518,79.07223259828581,2,0,0,0,Low,High,Medium,Low,29.5,Low
Hilltop Beacon Ground (Karthigai Deepam site),12.237135463600623,79.07237947047356,2,0,0,0,High,Low,Low,Low,0.0,Low
Hilltop Beacon Ground (Karthigai Deepam site),12.23730689861408,79.06961088832973,13,0,1,1,Low,Medium,Low,Low,12.8,Low
Hilltop Beacon Ground (Karthigai Deepam site),12.2391968467409,79.07069747181829,2,0,0,0,Medium,Low,High,Low,19.4,Low
Hilltop Beacon Ground (Karthigai Deepam site),12.238053699613674,79.06996729119783,6,0,1,1,Medium,Medium,High,Low,31.1,Medium
Hilltop Beacon Ground (Karthigai Deepam site),12.236108888578695,79.07024411094353,16,0,0,0,Medium,Medium,Medium,Low,6.3,Low
Hilltop Beacon Ground (Karthigai Deepam site),12.238332001132271,79.07202195639104,6,0,0,1,Low,High,Medium,Low,25.7,Low
Hilltop Beacon Ground (Karthigai Deepam site),12.238527147438818,79.07110760207833,9,0,0,1,Medium,Medium,Low,Low,7.1,Low
Hilltop Beacon Ground (Karthigai Deepam site),12.237331968845892,79.07028718459732,15,0,1,0,Low,High,High,Low,20.7,Low
Hilltop Beacon Ground (Karthigai Deepam site),12.236228674246826,79.07061049695122,7,0,0,0,Medium,Low,Low,Low,1.2,Low
Hilltop Beacon Ground (Karthigai Deepam site),12.23823368337969,79.07015902143876,14,0,0,2,Medium,Low,Low,Low,16.0,Low
Hilltop Beacon Ground (Karthigai Deepam site),12.23923988765579,79.06995459590104,20,0,0,2,Low,Medium,Medium,Low,25.9,Low
Hilltop Beacon Ground (Karthigai Deepam site),12.238910742225649,79.07133795673508,5,0,0,0,Low,Low,Medium,Low,11.2,Low
Hilltop Beacon Ground (Karthigai Deepam site),12.238349261701389,79.07279780746883,13,0,0,0,Low,Low,Low,Low,0.0,Low
Hilltop Beacon Ground (Karthigai Deepam site),12.238930571571089,79.07038363044678,7,0,1,3,Medium,High,Low,Low,34.4,Medium
Hilltop Beacon Ground (Karthigai Deepam site),12.237767254051898,79.07175587817481,9,0,0,0,Low,High,High,Low,25.2,Low
Hilltop Beacon Ground (Karthigai Deepam site),12.238731382426876,79.06924200624452,15,0,1,0,Medium,Medium,High,Low,11.7,Low
Hilltop Beacon Ground (Karthigai Deepam site),12.237583650853171,79.07262627393045,19,0,0,2,Low,Low,Medium,Low,12.9,Low
Hilltop Beacon Ground (Karthigai Deepam site),12.23868835503107,79.06985284854836,19,0,0,2,High,High,High,Low,31.5,Medium
Hilltop Beacon Ground (Karthigai Deepam site),12.238389493440451,79.07066971942167,8,0,0,1,Low,Medium,High,Low,24.0,Low
Hilltop Beacon Ground (Karthigai Deepam site),12.23813123096147,79.0695379151367,11,0,0,0,Low,Low,High,Low,9.0,Low
Hilltop Beacon Ground (Karthigai Deepam site),12.23706450443791,79.07066044228385,7,0,0,0,Medium,Low,High,Low,5.3,Low
Hilltop Beacon Ground (Karthigai Deepam site),12.237130756368689,79.06914827950811,12,0,0,0,Medium,Medium,Medium,Low,16.5,Low
Hilltop Beacon Ground (Karthigai Deepam site),12.238627750076821,79.07162117294887,13,0,0,0,Low,Low,Low,Low,1.4,Low
Hilltop Beacon Ground (Karthigai Deepam site),12.23939304887773,79.07274037655863,11,0,1,0,Medium,Medium,High,Low,14.7,Low
Hilltop Beacon Ground (Karthigai Deepam site),12.239218530495554,79.07155039050402,14,0,0,1,High,Low,Medium,Low,2.1,Low
Hilltop Beacon Ground (Karthigai Deepam site),12.23746259074179,79.07299560654545,12,0,0,1,Medium,Medium,High,Low,19.1,Low
Hilltop Beacon Ground (Karthigai Deepam site),12.239435487060536,79.07209300440424,11,0,0,1,High,Medium,Medium,Low,15.1,Low
Hilltop Beacon Ground (Karthigai Deepam site),12.238398187818001,79.06924636049727,1,0,0,0,Medium,Low,Medium,Low,7.5,Low
Hilltop Beacon Ground (Karthigai Deepam site),12.237004980106313,79.07014582418805,13,0,1,1,Medium,Low,High,Low,12.1,Low
Hilltop Beacon Ground (Karthigai Deepam site),12.237163215650964,79.07287855205931,13,0,1,1,Low,Low,Medium,Low,16.1,Low
Hilltop Beacon Ground (Karthigai Deepam site),12.23820344622858,79.0729200031641,18,0,1,0,High,Low,Low,Low,0.0,Low
Hilltop Beacon Ground (Karthigai Deepam site),12.236864263023374,79.06933912252438,11,0,0,0,Low,Medium,High,Low,17.0,Low
Hilltop Beacon Ground (Karthigai Deepam site),12.238222401793825,79.07143947085503,11,0,0,0,High,Low,Medium,Low,0.0,Low
Hilltop Beacon Ground (Karthigai Deepam site),12.239750143407473,79.07039574949415,14,0,0,0,High,High,Low,Low,8.9,Low
Hilltop Beacon Ground (Karthigai Deepam site),12.239845746399347,79.06903203867292,12,0,0,4,Low,Low,Medium,Low,37.1,Medium
Hilltop Beacon Ground (Karthigai Deepam site),12.237872383772098,79.07287198507848,23,0,0,1,Low,Low,Medium,Low,11.9,Low
Hilltop Beacon Ground (Karthigai Deepam site),12.238243008680147,79.07163324678245,19,0,1,0,Medium,Low,High,Low,8.8,Low
Hilltop Beacon Ground (Karthigai Deepam site),12.239755459151562,79.0699153641214,21,0,0,0,Low,High,Medium,Low,14.5,Low
Hilltop Beacon Ground (Karthigai Deepam site),12.237165391145854,79.06932658839393,14,0,0,1,Medium,Medium,Medium,Low,33.5,Medium
Hilltop Beacon Ground (Karthigai Deepam site),12.238886966880214,79.06990639882885,21,0,0,1,Medium,Low,High,Low,17.7,Low
Hilltop Beacon Ground (Karthigai Deepam site),12.239017286563252,79.07246520350576,2,0,1,0,High,Low,Low,Low,0.2,Low
Hilltop Beacon Ground (Karthigai Deepam site),12.237510729787317,79.0703370047121,20,0,0,1,Medium,Low,Medium,Low,7.9,Low
Hilltop Beacon Ground (Karthigai Deepam site),12.23807268768951,79.06948175900027,3,0,0,1,High,Low,Low,Low,11.1,Low
Hilltop Beacon Ground (Karthigai Deepam site),12.23748148159797,79.07290468641361,15,0,1,0,Low,Low,High,Low,14.2,Low
Hilltop Beacon Ground (Karthigai Deepam site),12.236957929532029,79.07040026213132,15,0,0,2,Low,Medium,Medium,Low,25.6,Low
Hilltop Beacon Ground (Karthigai Deepam site),12.236878306723634,79.07084001420411,19,0,0,1,Medium,Low,Low,Low,4.5,Low
Hilltop Beacon Ground (Karthigai Deepam site),12.23829701165366,79.07115249906172,18,0,0,0,Medium,Low,Medium,Low,2.8,Low
Hilltop Beacon Ground (Karthigai Deepam site),12.237730422991378,79.07297909296662,10,0,0,2,Low,Medium,Low,Low,21.2,Low
Hilltop Beacon Ground (Karthigai Deepam site),12.238709144079174,79.07296100720367,23,0,0,2,Medium,Low,Low,Low,19.7,Low
Hilltop Beacon Ground (Karthigai Deepam site),12.237901849890868,79.07287281366587,20,0,0,0,Low,Medium,High,Low,19.2,Low
Hilltop Beacon Ground (Karthigai Deepam site),12.238446533206583,79.06948673564087,12,0,0,1,High,Medium,Medium,Low,8.4,Low
Hilltop Beacon Ground (Karthigai Deepam site),12.237321657269598,79.07105594662657,17,0,0,0,Low,Low,Low,Low,8.6,Low
Hilltop Beacon Ground (Karthigai Deepam site),12.238021627337208,79.07077007101691,0,0,0,2,Medium,Medium,Medium,Low,33.4,Medium
Hilltop Beacon Ground (Karthigai Deepam site),12.239360657616535,79.07098610887168,16,0,0,1,High,Low,Medium,Low,0.0,Low
Hilltop Beacon Ground (Karthigai Deepam site),12.236857151198812,79.07273737066518,4,0,0,1,Low,High,High,Low,34.8,Medium
Hilltop Beacon Ground (Karthigai Deepam site),12.239884395212444,79.06977833617098,10,0,0,0,Medium,Medium,High,Low,15.6,Low
Hilltop Beacon Ground (Karthigai Deepam site),12.238103197705364,79.07073163609984,5,0,1,0,Medium,Medium,Medium,Low,18.1,Low
Hilltop Beacon Ground (Karthigai Deepam site),12.239877926482354,79.07084727366228,13,0,0,1,Medium,Low,Medium,Low,3.0,Low
Hilltop Beacon Ground (Karthigai Deepam site),12.238316849028351,79.07115567798685,13,0,0,1,Medium,Low,High,Low,6.5,Low
Hilltop Beacon Ground (Karthigai Deepam site),12.23817216846791,79.07160955344446,5,0,0,0,High,Low,Low,Low,0.9,Low
Hilltop Beacon Ground (Karthigai Deepam site),12.238045755958337,79.07042213892005,2,0,0,0,Medium,Medium,Medium,Low,17.4,Low
Hilltop Beacon Ground (Karthigai Deepam site),12.238140409028848,79.07080664594089,20,0,0,1,Low,High,High,Low,31.9,Medium
Hilltop Beacon Ground (Karthigai Deepam site),12.238102537086856,79.07068393885869,5,0,0,0,Low,Low,High,Low,0.0,Low
Hilltop Beacon Ground (Karthigai Deepam site),12.236768746947,79.07080579591165,2,0,0,1,Low,High,High,Low,39.6,Medium
Hilltop Beacon Ground (Karthigai Deepam site),12.236201219193713,79.07274053061909,15,0,0,0,High,Medium,Low,Low,5.3,Low
Hilltop Beacon Ground (Karthigai Deepam site),12.23995614421344,79.0711094247278,8,0,0,1,Medium,Low,Low,Low,13.5,Low
Hilltop Beacon Ground (Karthigai Deepam site),12.239781853052358,79.07039722347908,16,0,0,0,Medium,Low,Low,Low,0.0,Low
Hilltop Beacon Ground (Karthigai Deepam site),12.236307818914687,79.0693299577235,22,0,0,1,Medium,Medium,Medium,Low,16.1,Low
Hilltop Beacon Ground (Karthigai Deepam site),12.236570490512765,79.07248147797574,21,0,0,1,High,Low,Medium,Low,6.6,Low
Hilltop Beacon Ground (Karthigai Deepam site),12.239442155221699,79.07148726869069,6,0,0,2,Medium,Low,Medium,Low,22.1,Low
Hilltop Beacon Ground (Karthigai Deepam site),12.237883420303657,79.0697448565002,14,0,0,2,Low,Low,Low,Low,13.4,Low
Hilltop Beacon Ground (Karthigai Deepam site),12.237926625003386,79.06947748772187,23,0,1,0,High,High,Medium,Low,15.6,Low
Hilltop Beacon Ground (Karthigai Deepam site),12.238518085204612,79.07255701976317,21,0,0,1,High,Medium,Medium,Low,8.0,Low
Hilltop Beacon Ground (Karthigai Deepam site),12.236738290616925,79.07179185853022,3,0,0,0,High,Low,Medium,Low,7.6,Low
Hilltop Beacon Ground (Karthigai Deepam site),12.236813568018636,79.07061212746721,5,0,0,2,Low,High,Low,Low,33.9,Medium
Hilltop Beacon Ground (Karthigai Deepam site),12.23958663163074,79.07037864894318,14,0,1,0,Medium,Low,Medium,Low,10.6,Low
Hilltop Beacon Ground (Karthigai Deepam site),12.23843535259249,79.07005584512657,9,0,0,1,Low,High,High,Low,30.8,Medium
Hilltop Beacon Ground (Karthigai Deepam site),12.236065002832209,79.071563620963,11,0,0,0,Low,Low,Low,Low,7.8,Low
Hilltop Beacon Ground (Karthigai Deepam site),12.237672326927225,79.07097454313673,11,0,0,2,Low,Low,High,Low,12.9,Low
Hilltop Beacon Ground (Karthigai Deepam site),12.239211021582438,79.07135882081131,9,0,0,1,Low,Low,Low,Low,4.0,Low
Hilltop Beacon Ground (Karthigai Deepam site),12.23984703476745,79.06900370247904,9,0,0,0,Medium,Low,Low,Low,0.0,Low
Hilltop Beacon Ground (Karthigai Deepam site),12.239725436126633,79.07101128860019,17,0,0,0,High,Medium,Medium,Low,9.1,Low
Hilltop Beacon Ground (Karthigai Deepam site),12.238846729872142,79.07108871160315,11,0,0,0,Medium,Low,High,Low,21.4,Low
Hilltop Beacon Ground (Karthigai Deepam site),12.236437564753308,79.06996455503436,13,0,0,2,High,Low,Low,Low,19.2,Low
Hilltop Beacon Ground (Karthigai Deepam site),12.238956480948325,79.06936739681079,6,0,0,2,High,Low,Medium,Low,22.8,Low
Hilltop Beacon Ground (Karthigai Deepam site),12.236025225506413,79.07052750739379,2,0,0,2,Low,Medium,Medium,Low,35.1,Medium
Hilltop Beacon Ground (Karthigai Deepam site),12.236063602838907,79.0694032693853,4,0,0,1,Low,Medium,High,Low,28.3,Low
Hilltop Beacon Ground (Karthigai Deepam site),12.236951036965625,79.07252398152288,10,0,0,0,Low,Medium,Medium,Low,16.7,Low
Hilltop Beacon Ground (Karthigai Deepam site),12.238511570683375,79.07109774536679,7,0,0,0,High,Low,High,Low,0.0,Low
Hilltop Beacon Ground (Karthigai Deepam site),12.236044172120002,79.06946465582472,20,0,1,0,High,High,Medium,Low,23.5,Low
Hilltop Beacon Ground (Karthigai Deepam site),12.236122707152163,79.07009106288747,16,1,0,5,High,Medium,High,High,92.6,High
Hilltop Beacon Ground (Karthigai Deepam site),12.237398597414037,79.07027267096564,17,0,1,1,Medium,Low,Low,Low,4.4,Low
Hilltop Beacon Ground (Karthigai Deepam site),12.239450923500957,79.07267092160424,13,0,0,1,Low,Low,Medium,Low,20.2,Low
Hilltop Beacon Ground (Karthigai Deepam site),12.238558761612913,79.07176171974245,6,0,0,1,Medium,Low,Medium,Low,4.3,Low
Hilltop Beacon Ground (Karthigai Deepam site),12.23654346167416,79.07034894588406,19,0,0,2,Low,High,High,Low,31.5,Medium
Hilltop Beacon Ground (Karthigai Deepam site),12.236668961110222,79.07058248040221,18,0,0,1,Low,Medium,Medium,Low,13.3,Low
Hilltop Beacon Ground (Karthigai Deepam site),12.236848568160365,79.07105237379402,16,0,0,2,High,High,Low,Low,25.9,Low
Hilltop Beacon Ground (Karthigai Deepam site),12.236995490319059,79.07291113359105,1,0,0,1,Medium,Low,Medium,Low,24.0,Low
Hilltop Beacon Ground (Karthigai Deepam site),12.237671500681275,79.06927538305337,2,0,0,1,High,Low,Low,Low,14.1,Low
Hilltop Beacon Ground (Karthigai Deepam site),12.237721869723163,79.06952128711995,9,0,0,1,Low,Low,Low,Low,3.5,Low
Hilltop Beacon Ground (Karthigai Deepam site),12.238463781780764,79.07127175925078,12,0,0,1,Medium,High,Medium,Low,23.4,Low
Hilltop Beacon Ground (Karthigai Deepam site),12.236247509203642,79.07108780022011,19,0,0,1,Low,Low,High,Low,11.6,Low
Hilltop Beacon Ground (Karthigai Deepam site),12.237547017871034,79.072189937491,5,0,0,0,High,High,Low,Low,9.0,Low
Hilltop Beacon Ground (Karthigai Deepam site),12.238294384693988,79.07005566309792,21,0,1,1,Medium,High,Medium,Low,25.4,Low
Hilltop Beacon Ground (Karthigai Deepam site),12.239677537351213,79.06914964901192,16,0,0,0,Low,Low,Medium,Low,12.2,Low
Hilltop Beacon Ground (Karthigai Deepam site),12.236265785215625,79.06999410277366,12,1,0,5,High,Low,High,High,87.3,High
Hilltop Beacon Ground (Karthigai Deepam site),12.236624530884066,79.0711273583368,16,0,0,0,Low,Medium,Medium,Low,13.8,Low
Hilltop Beacon Ground (Karthigai Deepam site),12.23927182310195,79.07189792026323,8,0,0,2,Low,Medium,Low,Low,16.4,Low
Hilltop Beacon Ground (Karthigai Deepam site),12.236058756489056,79.06965057148338,9,0,0,1,Medium,Low,Low,Low,0.0,Low
Hilltop Beacon Ground (Karthigai Deepam site),12.23845122552407,79.0720841416759,4,0,0,1,High,Low,Medium,Low,9.8,Low
Hilltop Beacon Ground (Karthigai Deepam site),12.23624397373552,79.0693023320074,3,0,0,0,Medium,Low,High,Low,21.9,Low
Hilltop Beacon Ground (Karthigai Deepam site),12.236512545140872,79.07100984207815,20,0,0,0,Low,Low,Medium,Low,4.0,Low
Hilltop Beacon Ground (Karthigai Deepam site),12.236432273208314,79.07265352369893,21,1,1,5,High,Medium,High,High,100.0,High
Hilltop Beacon Ground (Karthigai Deepam site),12.23850034004984,79.07135736783509,17,0,0,3,High,High,Low,Low,31.1,Medium
Hilltop Beacon Ground (Karthigai Deepam site),12.239274711676472,79.07111713087457,20,0,0,1,Low,Medium,Medium,Low,25.0,Low
Hilltop Beacon Ground (Karthigai Deepam site),12.237859370172107,79.07132634881607,18,0,0,1,Medium,Medium,Medium,Low,19.8,Low
Hilltop Beacon Ground (Karthigai Deepam site),12.23943973511351,79.07112178222427,3,0,0,2,Low,Low,High,Low,23.9,Low
Hilltop Beacon Ground (Karthigai Deepam site),12.236170692268734,79.06945407253173,4,0,0,1,Medium,High,High,Low,34.3,Medium
Hilltop Beacon Ground (Karthigai Deepam site),12.23907955244136,79.0721423933057,12,0,1,0,Medium,Low,High,Low,11.0,Low
Hilltop Beacon Ground (Karthigai Deepam site),12.236112515607964,79.07284624216344,9,0,0,1,Medium,Low,Low,Low,0.0,Low
Hilltop Beacon Ground (Karthigai Deepam site),12.238662287164727,79.07199368175154,4,0,0,1,Low,Medium,Medium,Low,31.7,Medium
Hilltop Beacon Ground (Karthigai Deepam site),12.238424521462282,79.07295121724488,13,0,0,2,Medium,High,Medium,Low,31.6,Medium
Hilltop Beacon Ground (Karthigai Deepam site),12.238785196901437,79.07051642732304,22,0,0,0,Medium,Low,High,Low,19.6,Low
Hilltop Beacon Ground (Karthigai Deepam site),12.236433099334105,79.07073420312331,0,0,1,0,Low,Low,High,Low,21.4,Low
Hilltop Beacon Ground (Karthigai Deepam site),12.237721915940417,79.07143407417593,0,0,0,1,Medium,Medium,Medium,Low,30.8,Medium
Hilltop Beacon Ground (Karthigai Deepam site),12.237021327596961,79.06996644359636,9,0,0,0,Medium,Low,Low,Low,2.1,Low
Hilltop Beacon Ground (Karthigai Deepam site),12.238137942347299,79.06988249506884,17,0,0,0,High,Low,Low,Low,0.0,Low
Hilltop Beacon Ground (Karthigai Deepam site),12.237081462121413,79.07299631585707,12,0,0,1,Medium,Medium,Medium,Low,11.8,Low
Hilltop Beacon Ground (Karthigai Deepam site),12.23804170699234,79.07079225282466,22,0,0,1,Medium,Low,Low,Low,12.3,Low
Hilltop Beacon Ground (Karthigai Deepam site),12.23678765654686,79.0728751258247,17,0,0,2,High,Low,Low,Low,2.8,Low
Hilltop Beacon Ground (Karthigai Deepam site),12.238940767813785,79.06937102768251,15,0,0,0,Low,Medium,Low,Low,11.6,Low
Hilltop Beacon Ground (Karthigai Deepam site),12.237447664821065,79.06938867841544,9,0,0,1,High,Low,High,Low,5.3,Low
Hilltop Beacon Ground (Karthigai Deepam site),12.239962554333388,79.07060995898954,18,0,0,2,Medium,Low,Medium,Low,15.4,Low
Hilltop Beacon Ground (Karthigai Deepam site),12.236472073582048,79.07062663128853,14,0,0,1,High,Low,Medium,Low,6.9,Low
Hilltop Beacon Ground (Karthigai Deepam site),12.23684094419556,79.07193510596008,8,0,0,0,Medium,Low,High,Low,14.3,Low
Hilltop Beacon Ground (Karthigai Deepam site),12.239246511184191,79.06940143230548,3,0,0,1,Low,Medium,Low,Low,18.4,Low
Hilltop Beacon Ground (Karthigai Deepam site),12.236335541723513,79.07222589153804,12,0,0,0,Low,Medium,Low,Low,10.4,Low
Hilltop Beacon Ground (Karthigai Deepam site),12.238933826970234,79.07000125208704,3,0,0,0,Low,Low,High,Low,19.3,Low
Hilltop Beacon Ground (Karthigai Deepam site),12.239718933456356,79.07189940287444,18,1,0,6,High,Low,High,High,89.8,High
Hilltop Beacon Ground (Karthigai Deepam site),12.239306402216144,79.07263134157948,18,0,0,0,Medium,Low,Medium,Low,6.0,Low
Hilltop Beacon Ground (Karthigai Deepam site),12.238969091900437,79.07125955157535,6,0,0,1,Medium,Medium,Medium,Low,17.4,Low
Hilltop Beacon Ground (Karthigai Deepam site),12.239742799916522,79.07059160959054,6,0,0,0,Medium,Low,Medium,Low,4.2,Low
Hilltop Beacon Ground (Karthigai Deepam site),12.237956009499435,79.06977136884164,14,0,0,2,Medium,Medium,Medium,Low,26.0,Low
Hilltop Beacon Ground (Karthigai Deepam site),12.238821052455556,79.07296616565161,4,0,0,1,Medium,Medium,Low,Low,27.7,Low
Hilltop Beacon Ground (Karthigai Deepam site),12.236138216286925,79.0724206316416,19,0,0,1,High,Low,Medium,Low,5.4,Low
Hilltop Beacon Ground (Karthigai Deepam site),12.236815284392865,79.07175844446951,13,0,0,1,High,Low,High,Low,5.0,Low
Hilltop Beacon Ground (Karthigai Deepam site),12.237624837068923,79.06924578830535,20,0,0,2,High,Low,High,Low,6.8,Low
Hilltop Beacon Ground (Karthigai Deepam site),12.23742963349097,79.0726439892883,17,0,0,0,Medium,Low,High,Low,13.9,Low
Hilltop Beacon Ground (Karthigai Deepam site),12.239604973771083,79.06989982395945,7,0,0,1,Low,Low,Low,Low,2.1,Low
Hilltop Beacon Ground (Karthigai Deepam site),12.236059104678985,79.07098189884246,8,0,0,2,Low,Low,High,Low,16.2,Low
Hilltop Beacon Ground (Karthigai Deepam site),12.238879659682137,79.07126250011301,17,0,0,0,High,Low,Low,Low,0.0,Low
Hilltop Beacon Ground (Karthigai Deepam site),12.238440201436092,79.07020026400855,13,0,1,0,Low,Low,Medium,Low,0.0,Low
Hilltop Beacon Ground (Karthigai Deepam site),12.239466129423194,79.06907489928174,23,0,0,0,High,Low,Medium,Low,1.3,Low
Hilltop Beacon Ground (Karthigai Deepam site),12.23775394244189,79.0709874124013,22,0,0,1,Medium,Low,High,Low,16.2,Low
Hilltop Beacon Ground (Karthigai Deepam site),12.238294895353416,79.0693312219969,22,0,0,0,Low,Low,Medium,Low,14.7,Low
Hilltop Beacon Ground (Karthigai Deepam site),12.237594673697899,79.0713906259282,22,0,0,1,Medium,Medium,Medium,Low,20.3,Low
Hilltop Beacon Ground (Karthigai Deepam site),12.236115607761535,79.07078568079893,16,0,0,0,High,Low,Low,Low,0.0,Low
Hilltop Beacon Ground (Karthigai Deepam site),12.236815352031545,79.07280502804727,22,1,1,3,High,High,High,High,100.0,High
Hilltop Beacon Ground (Karthigai Deepam site),12.23793476800237,79.07024285729116,21,0,0,1,High,Medium,Medium,Low,5.7,Low
Hilltop Beacon Ground (Karthigai Deepam site),12.239675170210562,79.06970457710909,0,0,0,0,Medium,Low,Low,Low,5.6,Low
Hilltop Beacon Ground (Karthigai Deepam site),12.237260482337938,79.07225018379957,17,0,0,0,High,Low,Medium,Low,2.1,Low
Hilltop Beacon Ground (Karthigai Deepam site),12.237570100126158,79.06985860870901,7,0,0,0,Low,High,High,Low,21.8,Low
Hilltop Beacon Ground (Karthigai Deepam site),12.23640252644434,79.07202543983392,3,0,0,0,Low,Medium,High,Low,20.4,Low
Hilltop Beacon Ground (Karthigai Deepam site),12.23680062030012,79.07044872771792,22,0,0,1,Low,Medium,Low,Low,22.3,Low
Hilltop Beacon Ground (Karthigai Deepam site),12.236584835388033,79.06988726040203,23,0,0,1,Medium,Medium,Low,Low,25.7,Low
Hilltop Beacon Ground (Karthigai Deepam site),12.23686928295923,79.07073250365791,5,1,0,2,High,Medium,High,High,72.4,High
Hilltop Beacon Ground (Karthigai Deepam site),12.237628555192469,79.07075021995146,8,0,0,1,Medium,High,High,Low,27.7,Low
Hilltop Beacon Ground (Karthigai Deepam site),12.238164661711012,79.07173506872428,20,0,0,2,Medium,Low,Low,Low,13.2,Low
Hilltop Beacon Ground (Karthigai Deepam site),12.239225252035451,79.06962942281383,17,0,0,2,Low,Medium,Medium,Low,21.2,Low
Hilltop Beacon Ground (Karthigai Deepam site),12.236525182129428,79.07283815661886,11,0,0,0,Low,Medium,High,Low,20.0,Low
Hilltop Beacon Ground (Karthigai Deepam site),12.23629169208035,79.06932193309434,7,0,0,0,High,Medium,Medium,Low,3.6,Low
Hilltop Beacon Ground (Karthigai Deepam site),12.238616272007024,79.07216202660074,0,0,0,0,Low,Medium,Low,Low,17.6,Low
Hilltop Beacon Ground (Karthigai Deepam site),12.239581766133652,79.0705048463237,23,0,1,0,Medium,Medium,High,Low,21.8,Low
Hilltop Beacon Ground (Karthigai Deepam site),12.239862286985225,79.0703374863061,7,0,0,0,Medium,Low,Medium,Low,3.2,Low
Hilltop Beacon Ground (Karthigai Deepam site),12.237278834794274,79.07237319544923,0,0,0,1,Low,Low,High,Low,18.1,Low
Hilltop Beacon Ground (Karthigai Deepam site),12.239358532416997,79.07295083358596,22,0,1,0,Medium,High,Low,Low,21.5,Low
Hilltop Beacon Ground (Karthigai Deepam site),12.238602132856649,79.06912919720317,10,0,0,1,Medium,Medium,Low,Low,16.0,Low
Hilltop Beacon Ground (Karthigai Deepam site),12.237899925731067,79.07182929055749,3,0,0,0,High,High,Medium,Low,19.2,Low
Hilltop Beacon Ground (Karthigai Deepam site),12.239624668592697,79.07022129931826,20,0,0,1,Medium,High,High,Low,33.7,Medium
Hilltop Beacon Ground (Karthigai Deepam site),12.239697801922883,79.07110861004733,1,0,0,0,High,Medium,Low,Low,6.1,Low
Hilltop Beacon Ground (Karthigai Deepam site),12.239393440850895,79.07153614215221,12,1,0,5,High,Low,High,High,78.2,High
Girivalam Path - Lingam Shrine Cluster (Near Kaama Kaadu forest patch),12.215563365115873,79.09011247264404,9,1,0,4,High,Medium,High,Medium,55.3,Medium
Girivalam Path - Lingam Shrine Cluster (Near Kaama Kaadu forest patch),12.213769350319433,79.09104999895257,7,0,0,0,Medium,Medium,Medium,Medium,28.5,Low
Girivalam Path - Lingam Shrine Cluster (Near Kaama Kaadu forest patch),12.215451386262062,79.089135584971,23,0,1,1,Medium,Medium,High,Medium,51.1,Medium
Girivalam Path - Lingam Shrine Cluster (Near Kaama Kaadu forest patch),12.21638871184339,79.09165281903498,1,0,0,1,Medium,Low,Medium,Medium,57.7,Medium
Girivalam Path - Lingam Shrine Cluster (Near Kaama Kaadu forest patch),12.213384606784162,79.09038309564566,14,0,1,2,Low,Low,Low,Medium,41.6,Medium
Girivalam Path - Lingam Shrine Cluster (Near Kaama Kaadu forest patch),12.213335335790223,79.08868029039255,23,0,0,2,Low,Medium,Medium,Medium,79.1,High
Girivalam Path - Lingam Shrine Cluster (Near Kaama Kaadu forest patch),12.214461257039243,79.09149051409383,22,0,0,3,Low,Medium,Medium,Medium,74.4,High
Girivalam Path - Lingam Shrine Cluster (Near Kaama Kaadu forest patch),12.214107364982334,79.08992543293981,2,0,0,2,Medium,Medium,High,Medium,66.6,Medium
Girivalam Path - Lingam Shrine Cluster (Near Kaama Kaadu forest patch),12.216027031209839,79.0911437681639,5,0,0,1,Low,Low,Medium,Medium,37.9,Medium
Girivalam Path - Lingam Shrine Cluster (Near Kaama Kaadu forest patch),12.215819256047059,79.09107540114434,8,0,1,0,High,Low,High,Medium,7.4,Low
Girivalam Path - Lingam Shrine Cluster (Near Kaama Kaadu forest patch),12.21458896412767,79.09105277171854,14,0,0,0,Low,Low,Medium,Medium,28.0,Low
Girivalam Path - Lingam Shrine Cluster (Near Kaama Kaadu forest patch),12.214743208362883,79.08836725311593,0,0,0,6,Medium,Low,High,Medium,75.9,High
Girivalam Path - Lingam Shrine Cluster (Near Kaama Kaadu forest patch),12.215937952114713,79.08993315390492,21,0,0,1,Low,Low,Medium,Medium,31.0,Medium
Girivalam Path - Lingam Shrine Cluster (Near Kaama Kaadu forest patch),12.21398190813087,79.09147237370826,18,0,0,3,Medium,Low,High,Medium,40.6,Medium
Girivalam Path - Lingam Shrine Cluster (Near Kaama Kaadu forest patch),12.213097020292297,79.08872493450805,14,0,0,4,Low,Low,High,Medium,64.9,Medium
Girivalam Path - Lingam Shrine Cluster (Near Kaama Kaadu forest patch),12.21442494215086,79.08934462251678,14,0,0,2,Medium,Low,High,Medium,38.1,Medium
Girivalam Path - Lingam Shrine Cluster (Near Kaama Kaadu forest patch),12.216763836030156,79.09083194077068,14,0,0,3,Low,High,Medium,Medium,71.0,High
Girivalam Path - Lingam Shrine Cluster (Near Kaama Kaadu forest patch),12.21301618279,79.09059322827959,5,0,0,1,Medium,Low,Medium,Medium,25.2,Low
Girivalam Path - Lingam Shrine Cluster (Near Kaama Kaadu forest patch),12.213502433868173,79.08998119947088,9,0,0,3,Low,Low,High,Medium,52.9,Medium
Girivalam Path - Lingam Shrine Cluster (Near Kaama Kaadu forest patch),12.216749522178764,79.09084942624817,4,0,0,2,Medium,Low,Low,Medium,50.6,Medium
Girivalam Path - Lingam Shrine Cluster (Near Kaama Kaadu forest patch),12.213322619005503,79.0908415098971,14,0,0,1,High,Low,High,Medium,28.8,Low
Girivalam Path - Lingam Shrine Cluster (Near Kaama Kaadu forest patch),12.215633805882335,79.09183305829222,17,0,0,5,Low,Medium,Low,Medium,60.7,Medium
Girivalam Path - Lingam Shrine Cluster (Near Kaama Kaadu forest patch),12.213250421373653,79.08866769809212,15,0,0,1,Medium,Low,High,Medium,26.7,Low
Girivalam Path - Lingam Shrine Cluster (Near Kaama Kaadu forest patch),12.216106690742016,79.09180130365735,1,0,0,4,Low,High,Low,Medium,86.7,High
Girivalam Path - Lingam Shrine Cluster (Near Kaama Kaadu forest patch),12.213578129741173,79.08914619102488,13,0,0,6,Low,Medium,Medium,Medium,74.7,High
Girivalam Path - Lingam Shrine Cluster (Near Kaama Kaadu forest patch),12.213273740916566,79.09051477106095,14,0,0,4,High,Low,Low,Medium,41.0,Medium
Girivalam Path - Lingam Shrine Cluster (Near Kaama Kaadu forest patch),12.214883423632639,79.08923969772394,7,0,0,5,Medium,Low,Low,Medium,50.8,Medium
Girivalam Path - Lingam Shrine Cluster (Near Kaama Kaadu forest patch),12.216008203932498,79.08978950773859,15,0,0,1,High,Low,Medium,Medium,18.1,Low
Girivalam Path - Lingam Shrine Cluster (Near Kaama Kaadu forest patch),12.214295289386955,79.08920720367975,10,0,0,3,Medium,Low,High,Medium,37.8,Medium
Girivalam Path - Lingam Shrine Cluster (Near Kaama Kaadu forest patch),12.214164980553925,79.09066782909554,14,1,0,1,High,High,Low,Medium,26.5,Low
Girivalam Path - Lingam Shrine Cluster (Near Kaama Kaadu forest patch),12.215553032306746,79.09098187576544,0,0,0,3,High,Low,High,Medium,61.0,Medium
Girivalam Path - Lingam Shrine Cluster (Near Kaama Kaadu forest patch),12.214582408595904,79.09116977754016,16,0,0,3,Medium,Low,Low,Medium,39.5,Medium
Girivalam Path - Lingam Shrine Cluster (Near Kaama Kaadu forest patch),12.215282975381008,79.09146423179047,3,0,0,1,Low,Medium,High,Medium,65.8,Medium
Girivalam Path - Lingam Shrine Cluster (Near Kaama Kaadu forest patch),12.215664196023045,79.08995740513451,0,0,0,4,Low,Medium,Low,Medium,80.9,High
Girivalam Path - Lingam Shrine Cluster (Near Kaama Kaadu forest patch),12.21593618489665,79.09039584205155,7,0,0,1,Medium,High,Medium,Medium,42.0,Medium
Girivalam Path - Lingam Shrine Cluster (Near Kaama Kaadu forest patch),12.214105259544507,79.0901562785459,22,0,0,3,Medium,Low,Low,Medium,58.4,Medium
Girivalam Path - Lingam Shrine Cluster (Near Kaama Kaadu forest patch),12.216977732290749,79.0884970520109,20,0,0,0,Medium,Low,Medium,Medium,15.9,Low
Girivalam Path - Lingam Shrine Cluster (Near Kaama Kaadu forest patch),12.215214319426378,79.09005696473062,6,0,0,3,Medium,Low,High,Medium,40.4,Medium
Girivalam Path - Lingam Shrine Cluster (Near Kaama Kaadu forest patch),12.214529798864682,79.09022985570277,16,0,0,2,Low,Low,Medium,Medium,40.3,Medium
Girivalam Path - Lingam Shrine Cluster (Near Kaama Kaadu forest patch),12.21670655904066,79.09059692013304,13,0,0,2,Low,Medium,Low,Medium,51.0,Medium
Girivalam Path - Lingam Shrine Cluster (Near Kaama Kaadu forest patch),12.215196517132235,79.09064786820764,5,0,0,2,Medium,Low,Medium,Medium,27.3,Low
Girivalam Path - Lingam Shrine Cluster (Near Kaama Kaadu forest patch),12.214007769161753,79.08978481322059,0,0,0,4,Medium,Low,High,Medium,78.2,High
Girivalam Path - Lingam Shrine Cluster (Near Kaama Kaadu forest patch),12.213961982277437,79.08943614204725,16,0,1,2,Low,Medium,Low,Medium,41.7,Medium
Girivalam Path - Lingam Shrine Cluster (Near Kaama Kaadu forest patch),12.213267941797657,79.08865774531044,19,0,0,2,Medium,Low,Medium,Medium,35.3,Medium
Girivalam Path - Lingam Shrine Cluster (Near Kaama Kaadu forest patch),12.213077024163983,79.09015751363805,22,0,0,1,Low,Medium,Low,Medium,67.9,Medium
Girivalam Path - Lingam Shrine Cluster (Near Kaama Kaadu forest patch),12.215867324115218,79.09181475544312,13,0,0,2,Low,Medium,Medium,Medium,47.8,Medium
Girivalam Path - Lingam Shrine Cluster (Near Kaama Kaadu forest patch),12.215694699135762,79.09181615168077,11,0,1,1,High,Low,High,Medium,23.9,Low
Girivalam Path - Lingam Shrine Cluster (Near Kaama Kaadu forest patch),12.216299357085108,79.09000771498225,1,1,0,0,Low,Medium,Medium,Medium,68.6,Medium
Girivalam Path - Lingam Shrine Cluster (Near Kaama Kaadu forest patch),12.213596956632509,79.08876487062632,18,0,0,0,High,Low,Low,Medium,14.0,Low
Girivalam Path - Lingam Shrine Cluster (Near Kaama Kaadu forest patch),12.216191371361022,79.0889957337043,6,0,0,5,High,Medium,High,Medium,59.5,Medium
Girivalam Path - Lingam Shrine Cluster (Near Kaama Kaadu forest patch),12.213088944960871,79.08872654985834,21,0,0,1,Medium,Medium,Medium,Medium,30.6,Medium
Girivalam Path - Lingam Shrine Cluster (Near Kaama Kaadu forest patch),12.21528291923374,79.08893761986211,7,0,0,2,Medium,Medium,Medium,Medium,46.5,Medium
Girivalam Path - Lingam Shrine Cluster (Near Kaama Kaadu forest patch),12.213953356157104,79.09193664533868,1,0,0,1,High,Medium,Medium,Medium,52.5,Medium
Girivalam Path - Lingam Shrine Cluster (Near Kaama Kaadu forest patch),12.216322616058825,79.09179481434651,15,0,0,0,High,Medium,Low,Medium,14.7,Low
Girivalam Path - Lingam Shrine Cluster (Near Kaama Kaadu forest patch),12.214240437874818,79.08979222955358,2,0,0,4,High,Medium,Low,Medium,63.8,Medium
Girivalam Path - Lingam Shrine Cluster (Near Kaama Kaadu forest patch),12.213779502666053,79.08999218817772,4,1,1,1,Low,Medium,Low,Medium,61.7,Medium
Girivalam Path - Lingam Shrine Cluster (Near Kaama Kaadu forest patch),12.2168544395639,79.08800340534931,4,0,1,1,Low,Medium,Low,Medium,62.4,Medium
Girivalam Path - Lingam Shrine Cluster (Near Kaama Kaadu forest patch),12.215907184794949,79.09070065682624,18,0,1,1,High,Low,High,Medium,30.1,Medium
Girivalam Path - Lingam Shrine Cluster (Near Kaama Kaadu forest patch),12.213957107966323,79.0915996109738,8,0,0,1,Medium,High,Low,Medium,46.5,Medium
Girivalam Path - Lingam Shrine Cluster (Near Kaama Kaadu forest patch),12.215860160223764,79.09088134961739,22,0,1,3,Low,Low,Medium,Medium,66.4,Medium
Girivalam Path - Lingam Shrine Cluster (Near Kaama Kaadu forest patch),12.214880495371998,79.0892609138418,20,0,0,2,Low,Medium,Medium,Medium,50.0,Medium
Girivalam Path - Lingam Shrine Cluster (Near Kaama Kaadu forest patch),12.21485478111599,79.09093539434116,7,0,0,1,High,High,Medium,Medium,39.3,Medium
Girivalam Path - Lingam Shrine Cluster (Near Kaama Kaadu forest patch),12.216719274148739,79.09043052187484,12,0,0,2,Medium,Medium,Low,Medium,33.3,Medium
Girivalam Path - Lingam Shrine Cluster (Near Kaama Kaadu forest patch),12.214688844781595,79.08832677855699,21,0,0,4,Medium,Low,Low,Medium,42.4,Medium
Girivalam Path - Lingam Shrine Cluster (Near Kaama Kaadu forest patch),12.215809024274835,79.09176820008054,14,0,0,3,High,Low,Low,Medium,29.1,Low
Girivalam Path - Lingam Shrine Cluster (Near Kaama Kaadu forest patch),12.215090908941216,79.08915624831033,16,0,0,1,High,Medium,Low,Medium,22.0,Low
Girivalam Path - Lingam Shrine Cluster (Near Kaama Kaadu forest patch),12.213222287806174,79.08857060279999,14,0,0,3,High,Medium,Medium,Medium,35.3,Medium
Girivalam Path - Lingam Shrine Cluster (Near Kaama Kaadu forest patch),12.213868717465033,79.08902657743336,4,0,0,2,Medium,High,High,Medium,69.2,Medium
Girivalam Path - Lingam Shrine Cluster (Near Kaama Kaadu forest patch),12.216064369859406,79.08830543585907,11,0,0,2,Low,Medium,High,Medium,56.2,Medium
Girivalam Path - Lingam Shrine Cluster (Near Kaama Kaadu forest patch),12.216986947540837,79.08925662036266,17,0,1,2,Medium,Low,Medium,Medium,25.0,Low
Girivalam Path - Lingam Shrine Cluster (Near Kaama Kaadu forest patch),12.215804614733655,79.09122513934884,11,1,0,3,Low,Low,High,Medium,65.6,Medium
Girivalam Path - Lingam Shrine Cluster (Near Kaama Kaadu forest patch),12.213304361940144,79.08845195629625,19,0,0,1,Low,Low,Low,Medium,36.5,Medium
Girivalam Path - Lingam Shrine Cluster (Near Kaama Kaadu forest patch),12.214314455493234,79.08863485141637,23,0,0,0,Low,Low,High,Medium,51.7,Medium
Girivalam Path - Lingam Shrine Cluster (Near Kaama Kaadu forest patch),12.213962355737177,79.08813941036753,6,0,1,1,Low,Medium,High,Medium,52.1,Medium
Girivalam Path - Lingam Shrine Cluster (Near Kaama Kaadu forest patch),12.214962464681115,79.08942861918216,4,0,0,5,High,Low,Medium,Medium,72.2,High
Girivalam Path - Lingam Shrine Cluster (Near Kaama Kaadu forest patch),12.213444836638539,79.08942798798142,6,0,0,4,High,Low,Low,Medium,36.7,Medium
Girivalam Path - Lingam Shrine Cluster (Near Kaama Kaadu forest patch),12.213349990100875,79.08921521566178,22,0,1,2,High,High,Low,Medium,68.4,Medium
Girivalam Path - Lingam Shrine Cluster (Near Kaama Kaadu forest patch),12.213347142556596,79.08995269545561,3,0,0,2,High,Low,Medium,Medium,55.8,Medium
Girivalam Path - Lingam Shrine Cluster (Near Kaama Kaadu forest patch),12.213573558769394,79.08932548260069,18,0,1,3,Low,Low,Low,Medium,39.9,Medium
Girivalam Path - Lingam Shrine Cluster (Near Kaama Kaadu forest patch),12.214933638377742,79.08884213690871,2,0,0,3,Medium,Low,High,Medium,61.7,Medium
Girivalam Path - Lingam Shrine Cluster (Near Kaama Kaadu forest patch),12.21539953457013,79.0887098034812,17,0,0,2,Low,Low,High,Medium,42.6,Medium
Girivalam Path - Lingam Shrine Cluster (Near Kaama Kaadu forest patch),12.214389585223083,79.08935908040856,19,0,0,1,Medium,Medium,High,Medium,30.8,Medium
Girivalam Path - Lingam Shrine Cluster (Near Kaama Kaadu forest patch),12.214014618468159,79.08869301788467,11,0,0,2,Low,High,High,Medium,66.9,Medium
Girivalam Path - Lingam Shrine Cluster (Near Kaama Kaadu forest patch),12.216283638906853,79.09055705410006,3,0,0,4,Low,Medium,Low,Medium,85.6,High
Girivalam Path - Lingam Shrine Cluster (Near Kaama Kaadu forest patch),12.214458079783796,79.08998910964758,22,0,0,2,High,Medium,Medium,Medium,51.3,Medium
Girivalam Path - Lingam Shrine Cluster (Near Kaama Kaadu forest patch),12.213004779846814,79.09186000246672,0,1,0,2,Low,Low,High,Medium,63.0,Medium
Girivalam Path - Lingam Shrine Cluster (Near Kaama Kaadu forest patch),12.2145843988559,79.09057493740147,6,0,0,1,High,Low,High,Medium,28.9,Low
Girivalam Path - Lingam Shrine Cluster (Near Kaama Kaadu forest patch),12.214546000805317,79.0883253368569,5,0,0,5,High,Low,Medium,Medium,45.8,Medium
Girivalam Path - Lingam Shrine Cluster (Near Kaama Kaadu forest patch),12.214224971535154,79.08894530847911,10,0,0,2,High,Medium,High,Medium,48.5,Medium
Girivalam Path - Lingam Shrine Cluster (Near Kaama Kaadu forest patch),12.215097457930458,79.08941354323447,1,0,0,3,Medium,Low,Low,Medium,53.2,Medium
Girivalam Path - Lingam Shrine Cluster (Near Kaama Kaadu forest patch),12.214039600059705,79.08815952947486,21,0,0,0,Low,Low,High,Medium,37.1,Medium
Girivalam Path - Lingam Shrine Cluster (Near Kaama Kaadu forest patch),12.21656991623696,79.08821724154838,23,0,0,4,High,Low,High,Medium,68.1,Medium
Girivalam Path - Lingam Shrine Cluster (Near Kaama Kaadu forest patch),12.213290375799444,79.09122950174725,17,0,0,1,Low,Low,High,Medium,45.7,Medium
Girivalam Path - Lingam Shrine Cluster (Near Kaama Kaadu forest patch),12.214714962374092,79.08915123486283,3,0,0,2,Medium,Low,High,Medium,56.6,Medium
Girivalam Path - Lingam Shrine Cluster (Near Kaama Kaadu forest patch),12.216719498646645,79.0898951831251,13,0,0,5,Low,Low,High,Medium,66.9,Medium
Girivalam Path - Lingam Shrine Cluster (Near Kaama Kaadu forest patch),12.216556798159093,79.0909044410717,12,0,0,2,Low,High,Medium,Medium,58.4,Medium
Girivalam Path - Lingam Shrine Cluster (Near Kaama Kaadu forest patch),12.21321956485047,79.08846868944664,7,0,0,6,Low,Medium,Low,Medium,50.9,Medium
Girivalam Path - Lingam Shrine Cluster (Near Kaama Kaadu forest patch),12.213517135582233,79.08993132670935,6,0,0,2,Low,Low,Medium,Medium,40.2,Medium
Girivalam Path - Lingam Shrine Cluster (Near Kaama Kaadu forest patch),12.213977883541517,79.0916133814311,11,0,0,6,Medium,Low,Medium,Medium,49.2,Medium
Girivalam Path - Lingam Shrine Cluster (Near Kaama Kaadu forest patch),12.216576095188353,79.09146734302993,23,0,0,1,Medium,Medium,High,Medium,54.3,Medium
Girivalam Path - Lingam Shrine Cluster (Near Kaama Kaadu forest patch),12.214505693214788,79.0903101208114,2,0,0,3,Low,Medium,Low,Medium,71.9,High
Girivalam Path - Lingam Shrine Cluster (Near Kaama Kaadu forest patch),12.216086242459085,79.08996813866605,21,0,0,1,Medium,Low,Low,Medium,20.8,Low
Girivalam Path - Lingam Shrine Cluster (Near Kaama Kaadu forest patch),12.215466320576152,79.08845496313829,4,0,0,2,Medium,Low,High,Medium,54.2,Medium
Girivalam Path - Lingam Shrine Cluster (Near Kaama Kaadu forest patch),12.213239329182901,79.09019333529584,21,0,0,1,Low,Low,High,Medium,48.3,Medium
Girivalam Path - Lingam Shrine Cluster (Near Kaama Kaadu forest patch),12.216570979391573,79.09077811253782,10,0,0,2,Medium,Low,Medium,Medium,27.0,Low
Girivalam Path - Lingam Shrine Cluster (Near Kaama Kaadu forest patch),12.216182933160878,79.09126019815211,10,0,1,0,Low,Low,Medium,Medium,26.3,Low
Girivalam Path - Lingam Shrine Cluster (Near Kaama Kaadu forest patch),12.214773675168344,79.08958245456714,20,0,1,2,High,Low,Medium,Medium,23.3,Low
Girivalam Path - Lingam Shrine Cluster (Near Kaama Kaadu forest patch),12.214398906060728,79.08843538256541,15,0,0,2,Medium,Low,Medium,Medium,25.6,Low
Girivalam Path - Lingam Shrine Cluster (Near Kaama Kaadu forest patch),12.215233866567202,79.08821978404677,14,0,0,3,Medium,Low,High,Medium,43.3,Medium
Girivalam Path - Lingam Shrine Cluster (Near Kaama Kaadu forest patch),12.214475270539946,79.0888561615037,17,0,0,3,High,Low,Medium,Medium,44.2,Medium
Girivalam Path - Lingam Shrine Cluster (Near Kaama Kaadu forest patch),12.21312736887443,79.0907426191054,10,0,0,1,High,Low,Medium,Medium,24.0,Low
Girivalam Path - Lingam Shrine Cluster (Near Kaama Kaadu forest patch),12.214174773086802,79.0912822043577,13,0,0,3,Medium,Medium,Low,Medium,39.7,Medium
Girivalam Path - Lingam Shrine Cluster (Near Kaama Kaadu forest patch),12.214228115926533,79.08882526294597,17,0,0,1,Low,Low,High,Medium,45.0,Medium
Girivalam Path - Lingam Shrine Cluster (Near Kaama Kaadu forest patch),12.213244784179365,79.0908592606894,23,0,0,2,Medium,High,Low,Medium,69.6,Medium
Girivalam Path - Lingam Shrine Cluster (Near Kaama Kaadu forest patch),12.213070134137123,79.08849382398316,7,1,1,3,High,Low,Low,Medium,35.7,Medium
Girivalam Path - Lingam Shrine Cluster (Near Kaama Kaadu forest patch),12.214920776745085,79.09035252622614,5,0,1,1,Low,High,High,Medium,50.3,Medium
Girivalam Path - Lingam Shrine Cluster (Near Kaama Kaadu forest patch),12.213762958194739,79.0888486144865,7,0,1,0,Medium,Low,Medium,Medium,29.2,Low
Girivalam Path - Lingam Shrine Cluster (Near Kaama Kaadu forest patch),12.213522711429446,79.08855711232798,2,1,0,2,High,Low,High,Medium,48.3,Medium
Girivalam Path - Lingam Shrine Cluster (Near Kaama Kaadu forest patch),12.215989442520897,79.08923190239626,18,0,0,4,Medium,Low,Low,Medium,42.3,Medium
Girivalam Path - Lingam Shrine Cluster (Near Kaama Kaadu forest patch),12.216755996077977,79.09168940699035,14,0,1,3,Medium,High,Medium,Medium,61.5,Medium
Girivalam Path - Lingam Shrine Cluster (Near Kaama Kaadu forest patch),12.215830563697958,79.08837579857094,15,0,0,4,Medium,Low,Medium,Medium,40.7,Medium
Girivalam Path - Lingam Shrine Cluster (Near Kaama Kaadu forest patch),12.21400622643054,79.09020798229523,21,0,0,2,Medium,Medium,Medium,Medium,41.3,Medium
Girivalam Path - Lingam Shrine Cluster (Near Kaama Kaadu forest patch),12.213166991425032,79.09024463810078,10,0,0,1,Medium,High,High,Medium,42.3,Medium
Girivalam Path - Lingam Shrine Cluster (Near Kaama Kaadu forest patch),12.214503861003715,79.09134892384994,14,0,0,5,Medium,Low,Medium,Medium,48.9,Medium
Girivalam Path - Lingam Shrine Cluster (Near Kaama Kaadu forest patch),12.214695783195985,79.08861057828426,18,0,1,1,Medium,High,High,Medium,42.4,Medium
Girivalam Path - Lingam Shrine Cluster (Near Kaama Kaadu forest patch),12.21557867606377,79.09064375692803,16,0,0,1,Medium,High,Medium,Medium,45.2,Medium
Girivalam Path - Lingam Shrine Cluster (Near Kaama Kaadu forest patch),12.21615479266031,79.09124482512752,17,0,0,0,Low,High,High,Medium,58.0,Medium
Girivalam Path - Lingam Shrine Cluster (Near Kaama Kaadu forest patch),12.214325846846574,79.09079287715767,18,0,1,3,Low,Medium,High,Medium,62.7,Medium
Girivalam Path - Lingam Shrine Cluster (Near Kaama Kaadu forest patch),12.215519712968014,79.08820222463493,13,0,0,2,Low,Medium,Medium,Medium,56.1,Medium
Girivalam Path - Lingam Shrine Cluster (Near Kaama Kaadu forest patch),12.215103981221596,79.09016616706884,15,0,0,4,Medium,Low,Low,Medium,38.9,Medium
Girivalam Path - Lingam Shrine Cluster (Near Kaama Kaadu forest patch),12.214436414813964,79.09146991267592,9,0,0,3,High,Low,High,Medium,41.0,Medium
Girivalam Path - Lingam Shrine Cluster (Near Kaama Kaadu forest patch),12.21636683044292,79.09122420790099,8,0,0,1,Low,Medium,Medium,Medium,41.4,Medium
Girivalam Path - Lingam Shrine Cluster (Near Kaama Kaadu forest patch),12.215466344166037,79.08935519917824,0,0,0,5,Medium,Low,Medium,Medium,74.9,High
Girivalam Path - Lingam Shrine Cluster (Near Kaama Kaadu forest patch),12.213216907887027,79.09049415583578,0,0,0,6,High,Medium,Medium,Medium,82.2,High
Girivalam Path - Lingam Shrine Cluster (Near Kaama Kaadu forest patch),12.215306684851777,79.0898970684429,10,1,0,2,Medium,Low,Low,Medium,39.6,Medium
Girivalam Path - Lingam Shrine Cluster (Near Kaama Kaadu forest patch),12.215454841148219,79.08852267983141,20,0,0,4,High,Low,Medium,Medium,39.8,Medium
Girivalam Path - Lingam Shrine Cluster (Near Kaama Kaadu forest patch),12.21345999662656,79.08889569287297,11,0,0,2,Medium,High,Low,Medium,40.1,Medium
Girivalam Path - Lingam Shrine Cluster (Near Kaama Kaadu forest patch),12.214616040204982,79.09198096044199,6,0,0,3,Medium,Low,Medium,Medium,32.2,Medium
Girivalam Path - Lingam Shrine Cluster (Near Kaama Kaadu forest patch),12.214998549786454,79.0890979209002,22,0,1,1,Low,Medium,Medium,Medium,65.2,Medium
Girivalam Path - Lingam Shrine Cluster (Near Kaama Kaadu forest patch),12.215881637734418,79.09022367077439,23,0,1,0,Medium,Low,Medium,Medium,50.7,Medium
Girivalam Path - Lingam Shrine Cluster (Near Kaama Kaadu forest patch),12.213020159091343,79.0903610039507,3,0,0,4,Medium,High,Medium,Medium,88.0,High
Girivalam Path - Lingam Shrine Cluster (Near Kaama Kaadu forest patch),12.213283574467019,79.08957199462549,5,0,0,0,Medium,Medium,Medium,Medium,36.2,Medium
Girivalam Path - Lingam Shrine Cluster (Near Kaama Kaadu forest patch),12.213017129068108,79.08856325754763,20,0,0,2,Low,Medium,High,Medium,52.8,Medium
Girivalam Path - Lingam Shrine Cluster (Near Kaama Kaadu forest patch),12.216615225616938,79.08994795022906,23,0,0,2,Low,Low,High,Medium,70.3,High
Girivalam Path - Lingam Shrine Cluster (Near Kaama Kaadu forest patch),12.214829578026714,79.08831480607836,8,0,0,2,High,Low,High,Medium,25.7,Low
Girivalam Path - Lingam Shrine Cluster (Near Kaama Kaadu forest patch),12.215580002232805,79.08983257865421,2,0,0,2,High,Low,Medium,Medium,43.9,Medium
Girivalam Path - Lingam Shrine Cluster (Near Kaama Kaadu forest patch),12.214710234463132,79.09087259742988,17,1,0,2,Low,Low,Low,Medium,44.2,Medium
Girivalam Path - Lingam Shrine Cluster (Near Kaama Kaadu forest patch),12.214232611389564,79.09093607732203,1,0,0,0,Low,Low,Medium,Medium,50.2,Medium
Girivalam Path - Lingam Shrine Cluster (Near Kaama Kaadu forest patch),12.216110156009352,79.09012306083989,16,0,0,2,Medium,Medium,Low,Medium,34.2,Medium
Girivalam Path - Lingam Shrine Cluster (Near Kaama Kaadu forest patch),12.216810831219371,79.09004517653352,4,0,0,1,Low,Medium,Medium,Medium,63.0,Medium
Girivalam Path - Lingam Shrine Cluster (Near Kaama Kaadu forest patch),12.216775937097518,79.08898569240776,15,0,0,5,High,High,Medium,Medium,65.2,Medium
Girivalam Path - Lingam Shrine Cluster (Near Kaama Kaadu forest patch),12.213607447414644,79.09163634371573,20,0,0,5,Medium,Low,Medium,Medium,57.5,Medium
Girivalam Path - Lingam Shrine Cluster (Near Kaama Kaadu forest patch),12.213194463486746,79.0885432060792,9,0,0,7,High,High,High,Medium,63.6,Medium
Girivalam Path - Lingam Shrine Cluster (Near Kaama Kaadu forest patch),12.215034672389134,79.09050907100325,23,0,0,0,Low,Low,Medium,Medium,51.2,Medium
Girivalam Path - Lingam Shrine Cluster (Near Kaama Kaadu forest patch),12.215204110344054,79.08942183691181,11,0,0,2,Low,Low,High,Medium,34.3,Medium
Girivalam Path - Lingam Shrine Cluster (Near Kaama Kaadu forest patch),12.215225020606622,79.08990751512374,19,0,0,6,Low,Low,Medium,Medium,62.4,Medium
Girivalam Path - Lingam Shrine Cluster (Near Kaama Kaadu forest patch),12.215128140246247,79.09192293469398,5,1,1,3,Medium,Medium,High,Medium,51.3,Medium
Girivalam Path - Lingam Shrine Cluster (Near Kaama Kaadu forest patch),12.216933170073288,79.09045876631315,18,0,0,2,Low,Low,Medium,Medium,36.8,Medium
Girivalam Path - Lingam Shrine Cluster (Near Kaama Kaadu forest patch),12.214556871485321,79.09132608202701,9,1,0,2,Medium,Low,Medium,Medium,22.6,Low
Girivalam Path - Lingam Shrine Cluster (Near Kaama Kaadu forest patch),12.214908168245675,79.08956718975568,13,0,0,2,Medium,Low,Low,Medium,26.7,Low
Girivalam Path - Lingam Shrine Cluster (Near Kaama Kaadu forest patch),12.214547989394976,79.08918894142866,4,0,1,1,Low,Medium,High,Medium,68.9,Medium
Girivalam Path - Lingam Shrine Cluster (Near Kaama Kaadu forest patch),12.216881184006189,79.08815916686687,10,0,0,1,Medium,Medium,Low,Medium,33.6,Medium
Girivalam Path - Lingam Shrine Cluster (Near Kaama Kaadu forest patch),12.21496966885352,79.08999798343535,5,0,0,4,Low,Medium,Medium,Medium,71.3,High
Girivalam Path - Lingam Shrine Cluster (Near Kaama Kaadu forest patch),12.216638396322491,79.08892935245834,14,1,0,2,High,Medium,Medium,Medium,36.6,Medium
Girivalam Path - Lingam Shrine Cluster (Near Kaama Kaadu forest patch),12.213916684382848,79.08840643028732,11,0,1,4,Medium,Low,High,Medium,60.2,Medium
Girivalam Path - Lingam Shrine Cluster (Near Kaama Kaadu forest patch),12.216797932440546,79.0898010955954,23,0,0,1,High,Low,Low,Medium,35.8,Medium
Girivalam Path - Lingam Shrine Cluster (Near Kaama Kaadu forest patch),12.21693526927089,79.08868355818686,4,0,0,1,High,Low,Medium,Medium,40.3,Medium
Girivalam Path - Lingam Shrine Cluster (Near Kaama Kaadu forest patch),12.216116561689471,79.08880682323301,0,0,0,0,Low,Low,Medium,Medium,47.7,Medium
Girivalam Path - Lingam Shrine Cluster (Near Kaama Kaadu forest patch),12.215017041220259,79.09168754888971,7,0,0,3,Medium,Low,High,Medium,40.3,Medium
Girivalam Path - Lingam Shrine Cluster (Near Kaama Kaadu forest patch),12.216238356713427,79.08915317134134,21,0,0,1,High,Low,Medium,Medium,21.4,Low
Girivalam Path - Lingam Shrine Cluster (Near Kaama Kaadu forest patch),12.215221223835874,79.09186202396894,13,0,0,0,Medium,Low,High,Medium,22.6,Low
Girivalam Path - Lingam Shrine Cluster (Near Kaama Kaadu forest patch),12.215508841683901,79.0881865155966,5,0,0,4,Medium,Low,Medium,Medium,41.9,Medium
Girivalam Path - Lingam Shrine Cluster (Near Kaama Kaadu forest patch),12.214892745790655,79.09105454244218,15,0,0,4,Medium,Low,Medium,Medium,33.3,Medium
Girivalam Path - Lingam Shrine Cluster (Near Kaama Kaadu forest patch),12.216448662973784,79.08838452434833,6,0,0,3,Medium,High,High,Medium,61.9,Medium
Girivalam Path - Lingam Shrine Cluster (Near Kaama Kaadu forest patch),12.21666833534738,79.08880729838738,11,0,0,2,High,Medium,High,Medium,39.8,Medium
Girivalam Path - Lingam Shrine Cluster (Near Kaama Kaadu forest patch),12.21459214931366,79.08959143748028,3,0,0,0,Medium,Low,Medium,Medium,36.3,Medium
Girivalam Path - Lingam Shrine Cluster (Near Kaama Kaadu forest patch),12.213596708593958,79.0910105556827,12,1,0,1,Medium,Medium,Low,Medium,33.3,Medium
Girivalam Path - Lingam Shrine Cluster (Near Kaama Kaadu forest patch),12.21544651032997,79.09057498144568,15,0,0,1,High,Medium,Medium,Medium,36.2,Medium
Girivalam Path - Lingam Shrine Cluster (Near Kaama Kaadu forest patch),12.213170590543175,79.08889607716979,17,0,0,3,Medium,Low,Low,Medium,40.0,Medium
Girivalam Path - Lingam Shrine Cluster (Near Kaama Kaadu forest patch),12.214057263210549,79.08956065963889,5,0,0,2,Medium,Medium,Low,Medium,29.4,Low
Girivalam Path - Lingam Shrine Cluster (Near Kaama Kaadu forest patch),12.2158862680109,79.08912376751437,11,0,0,2,Medium,Low,High,Medium,38.3,Medium
Girivalam Path - Lingam Shrine Cluster (Near Kaama Kaadu forest patch),12.215222309721762,79.08991300586746,12,0,0,2,Medium,Low,Low,Medium,22.4,Low
Girivalam Path - Lingam Shrine Cluster (Near Kaama Kaadu forest patch),12.215597720084896,79.09060516038711,9,0,0,1,Low,Medium,Low,Medium,39.8,Medium
Girivalam Path - Lingam Shrine Cluster (Near Kaama Kaadu forest patch),12.21427734006435,79.09190994025361,16,0,0,3,Low,Low,High,Medium,58.6,Medium
Girivalam Path - Lingam Shrine Cluster (Near Kaama Kaadu forest patch),12.216048661998835,79.08938977214115,22,0,0,4,Medium,Low,High,Medium,68.3,Medium
Girivalam Path - Lingam Shrine Cluster (Near Kaama Kaadu forest patch),12.215285799021837,79.0889647885525,19,0,0,0,High,High,High,Medium,38.4,Medium
Girivalam Path - Lingam Shrine Cluster (Near Kaama Kaadu forest patch),12.215909788112993,79.08964876041178,9,0,0,5,High,High,Medium,Medium,59.7,Medium
Girivalam Path - Lingam Shrine Cluster (Near Kaama Kaadu forest patch),12.216975378845822,79.09005506370637,19,0,0,3,Low,Low,High,Medium,51.8,Medium
Girivalam Path - Lingam Shrine Cluster (Near Kaama Kaadu forest patch),12.213406054009615,79.0903558547448,14,0,0,2,Low,Low,Medium,Medium,48.2,Medium
Girivalam Path - Lingam Shrine Cluster (Near Kaama Kaadu forest patch),12.216797458116279,79.0912164501166,18,0,0,2,High,Low,Low,Medium,20.2,Low
Girivalam Path - Lingam Shrine Cluster (Near Kaama Kaadu forest patch),12.2156431040779,79.09058177137616,21,0,1,1,High,Medium,Medium,Medium,18.9,Low
Girivalam Path - Lingam Shrine Cluster (Near Kaama Kaadu forest patch),12.216194746129172,79.09126821356602,20,0,0,3,Medium,Low,Medium,Medium,30.7,Medium
Girivalam Path - Lingam Shrine Cluster (Near Kaama Kaadu forest patch),12.213641351346181,79.08839180174924,20,0,0,1,High,Medium,Low,Medium,31.3,Medium
Girivalam Path - Lingam Shrine Cluster (Near Kaama Kaadu forest patch),12.213960306127682,79.09043014282702,1,0,1,3,Medium,Medium,High,Medium,69.2,Medium
Girivalam Path - Lingam Shrine Cluster (Near Kaama Kaadu forest patch),12.21369760327697,79.08845445850363,0,0,0,1,Low,High,Low,Medium,71.5,High
Girivalam Path - Lingam Shrine Cluster (Near Kaama Kaadu forest patch),12.213773324928006,79.09124394009744,17,0,0,5,Low,Low,Low,Medium,45.0,Medium
Girivalam Path - Lingam Shrine Cluster (Near Kaama Kaadu forest patch),12.21686149021346,79.09111501603495,0,0,0,1,High,Low,High,Medium,55.4,Medium
Girivalam Path - Lingam Shrine Cluster (Near Kaama Kaadu forest patch),12.2139701236772,79.088344901826,5,1,1,2,Medium,Low,Medium,Medium,23.7,Low
Girivalam Path - Lingam Shrine Cluster (Near Kaama Kaadu forest patch),12.21625723795534,79.09083203098572,21,0,0,3,High,High,Low,Medium,48.6,Medium
Girivalam Path - Lingam Shrine Cluster (Near Kaama Kaadu forest patch),12.216224689835455,79.0890733525603,4,0,0,1,Medium,Low,High,Medium,52.0,Medium
Girivalam Path - Lingam Shrine Cluster (Near Kaama Kaadu forest patch),12.21334758467029,79.08871510450264,13,0,0,2,Medium,Low,Medium,Medium,35.3,Medium
Girivalam Path - Lingam Shrine Cluster (Near Kaama Kaadu forest patch),12.213377537693445,79.09143852607812,18,0,0,4,Medium,Low,Medium,Medium,39.4,Medium
Girivalam Path - Lingam Shrine Cluster (Near Kaama Kaadu forest patch),12.21523126153116,79.09038816053523,14,0,0,3,High,Low,High,Medium,40.4,Medium
Girivalam Path - Lingam Shrine Cluster (Near Kaama Kaadu forest patch),12.216126489053208,79.09081992758419,16,0,0,2,Medium,Low,High,Medium,41.6,Medium
Girivalam Path - Lingam Shrine Cluster (Near Kaama Kaadu forest patch),12.2168035913863,79.09079454951838,20,0,0,2,Low,Low,Medium,Medium,42.6,Medium
Girivalam Path - Lingam Shrine Cluster (Near Kaama Kaadu forest patch),12.213108772731793,79.08908564048306,9,0,0,1,High,Medium,Low,Medium,29.7,Low
Girivalam Path - Lingam Shrine Cluster (Near Kaama Kaadu forest patch),12.214704861811136,79.08873710232135,20,0,0,4,Low,High,Medium,Medium,73.2,High
Girivalam Path - Lingam Shrine Cluster (Near Kaama Kaadu forest patch),12.215092424791278,79.08942041841414,22,0,1,1,Medium,Low,Low,Medium,43.5,Medium
Girivalam Path - Lingam Shrine Cluster (Near Kaama Kaadu forest patch),12.213395269390501,79.09109138802046,16,0,0,2,Medium,Low,Medium,Medium,33.9,Medium
Girivalam Path - Lingam Shrine Cluster (Near Kaama Kaadu forest patch),12.214598714498583,79.09076255921462,1,0,0,2,Medium,Medium,Low,Medium,59.6,Medium
Girivalam Path - Lingam Shrine Cluster (Near Kaama Kaadu forest patch),12.214393728076656,79.0913859082252,0,0,0,1,Medium,High,Medium,Medium,67.6,Medium
Girivalam Path - Lingam Shrine Cluster (Near Kaama Kaadu forest patch),12.214686235002095,79.08954637678211,9,0,0,1,Low,Low,Medium,Medium,37.7,Medium
Girivalam Path - Lingam Shrine Cluster (Near Kaama Kaadu forest patch),12.214269476266887,79.09099042939627,8,0,0,1,Medium,Low,High,Medium,26.1,Low
Girivalam Path - Lingam Shrine Cluster (Near Kaama Kaadu forest patch),12.213075764303921,79.08993158118017,20,0,0,2,Medium,Low,Medium,Medium,44.0,Medium
Girivalam Path - Lingam Shrine Cluster (Near Kaama Kaadu forest patch),12.215198862354063,79.09025770070109,5,0,0,1,Low,Low,Medium,Medium,41.3,Medium
Girivalam Path - Lingam Shrine Cluster (Near Kaama Kaadu forest patch),12.215973972636753,79.09135506091943,13,0,0,4,Medium,High,Low,Medium,51.6,Medium
Girivalam Path - Lingam Shrine Cluster (Near Kaama Kaadu forest patch),12.215139001165712,79.09081476794067,20,0,1,2,High,Low,Medium,Medium,27.5,Low
Girivalam Path - Lingam Shrine Cluster (Near Kaama Kaadu forest patch),12.216659422754494,79.09130698036819,11,0,0,3,Low,Low,Medium,Medium,45.8,Medium
Girivalam Path - Lingam Shrine Cluster (Near Kaama Kaadu forest patch),12.215808222458056,79.09045235275221,19,0,0,0,Low,Low,High,Medium,42.6,Medium
Girivalam Path - Lingam Shrine Cluster (Near Kaama Kaadu forest patch),12.213794342327795,79.08976906812785,10,0,1,3,Low,Medium,Medium,Medium,54.6,Medium
Girivalam Path - Lingam Shrine Cluster (Near Kaama Kaadu forest patch),12.214103603166247,79.08824566325131,21,0,0,0,High,Low,Medium,Medium,20.6,Low
Girivalam Path - Lingam Shrine Cluster (Near Kaama Kaadu forest patch),12.216676001194129,79.08998854130063,8,0,1,2,High,Low,High,Medium,35.5,Medium
Girivalam Path - Lingam Shrine Cluster (Near Kaama Kaadu forest patch),12.215759136609966,79.09127652830878,16,0,0,4,Medium,Low,Low,Medium,42.0,Medium
Girivalam Path - Lingam Shrine Cluster (Near Kaama Kaadu forest patch),12.214513413324102,79.08999467575737,22,0,0,0,Low,Low,High,Medium,62.0,Medium
Girivalam Path - Lingam Shrine Cluster (Near Kaama Kaadu forest patch),12.21377970504331,79.09014049753355,16,0,1,2,Medium,Medium,Medium,Medium,41.7,Medium
Girivalam Path - Lingam Shrine Cluster (Near Kaama Kaadu forest patch),12.213026212715615,79.08945386576765,20,0,0,0,Low,Medium,Medium,Medium,35.3,Medium
Girivalam Path - Lingam Shrine Cluster (Near Kaama Kaadu forest patch),12.213156900062113,79.091682674138,15,0,0,2,Medium,Low,Low,Medium,19.3,Low
Girivalam Path - Lingam Shrine Cluster (Near Kaama Kaadu forest patch),12.214252238167191,79.09024511231917,4,0,0,0,Medium,Low,High,Medium,46.1,Medium
Girivalam Path - Lingam Shrine Cluster (Near Kaama Kaadu forest patch),12.213964924086103,79.0916414646793,9,0,0,0,Medium,Low,Low,Medium,20.0,Low
Girivalam Path - Lingam Shrine Cluster (Near Kaama Kaadu forest patch),12.215532830405264,79.08803979721215,9,0,1,1,Low,Medium,Medium,Medium,49.2,Medium
Girivalam Path - Lingam Shrine Cluster (Near Kaama Kaadu forest patch),12.216314785754193,79.09143593922184,8,0,1,2,Medium,Medium,Medium,Medium,34.8,Medium
Girivalam Path - Lingam Shrine Cluster (Near Kaama Kaadu forest patch),12.21462655356315,79.088043569906,16,0,0,0,Medium,Medium,High,Medium,31.8,Medium
Girivalam Path - Lingam Shrine Cluster (Near Kaama Kaadu forest patch),12.213773654813846,79.09009208805956,1,0,1,0,Medium,Medium,Low,Medium,44.5,Medium
Girivalam Path - Lingam Shrine Cluster (Near Kaama Kaadu forest patch),12.213421104621464,79.0919570452371,7,0,0,1,Medium,Medium,Medium,Medium,31.6,Medium
Girivalam Path - Lingam Shrine Cluster (Near Kaama Kaadu forest patch),12.213970836034523,79.09189029948719,20,1,1,0,Medium,Medium,High,Medium,29.5,Low
Girivalam Path - Lingam Shrine Cluster (Near Kaama Kaadu forest patch),12.215541170572047,79.08930388195044,17,0,0,1,Medium,Low,High,Medium,27.2,Low
Girivalam Path - Lingam Shrine Cluster (Near Kaama Kaadu forest patch),12.21464119564643,79.09077322026309,20,0,1,1,Medium,Medium,Low,Medium,28.5,Low
Girivalam Path - Lingam Shrine Cluster (Near Kaama Kaadu forest patch),12.216545075193196,79.09004622528597,3,1,1,3,Medium,Low,High,Medium,71.2,High
Girivalam Path - Lingam Shrine Cluster (Near Kaama Kaadu forest patch),12.216727554357577,79.08829601114229,16,0,0,1,Medium,Low,Medium,Medium,29.5,Low
Girivalam Path - Lingam Shrine Cluster (Near Kaama Kaadu forest patch),12.214656456428367,79.08970745428591,15,0,0,1,Medium,Medium,High,Medium,34.6,Medium
Girivalam Path - Lingam Shrine Cluster (Near Kaama Kaadu forest patch),12.216782170478655,79.08939020859768,8,0,0,0,Medium,Low,Low,Medium,18.6,Low
Girivalam Path - Lingam Shrine Cluster (Near Kaama Kaadu forest patch),12.215581100180895,79.08944514335207,8,0,0,1,High,Low,Low,Medium,22.9,Low
Girivalam Path - Lingam Shrine Cluster (Near Kaama Kaadu forest patch),12.216537308464323,79.09122929720537,2,0,0,5,High,Low,High,Medium,72.0,High
Girivalam Path - Lingam Shrine Cluster (Near Kaama Kaadu forest patch),12.215257976998148,79.08808562502814,4,0,0,4,Low,High,Low,Medium,86.9,High
Girivalam Path - Lingam Shrine Cluster (Near Kaama Kaadu forest patch),12.213625531359053,79.09091077596725,14,0,0,2,High,Low,Medium,Medium,33.2,Medium
Girivalam Path - Lingam Shrine Cluster (Near Kaama Kaadu forest patch),12.213076746149877,79.09079832245004,22,0,1,5,Low,Medium,Low,Medium,90.1,High
Girivalam Path - Lingam Shrine Cluster (Near Kaama Kaadu forest patch),12.213984118153599,79.08890272769301,17,0,0,2,Low,Medium,Medium,Medium,59.3,Medium
Girivalam Path - Lingam Shrine Cluster (Near Kaama Kaadu forest patch),12.215789276538848,79.09138382960568,0,0,0,1,Medium,Low,Medium,Medium,43.5,Medium
Girivalam Path - Lingam Shrine Cluster (Near Kaama Kaadu forest patch),12.215762987214118,79.0913937548842,2,0,0,2,Low,Medium,Medium,Medium,74.3,High
Girivalam Path - Lingam Shrine Cluster (Near Kaama Kaadu forest patch),12.214268641783004,79.09134199092023,22,0,0,3,High,Low,Low,Medium,50.5,Medium
Girivalam Path - Lingam Shrine Cluster (Near Kaama Kaadu forest patch),12.213416585294247,79.08805162209202,4,0,0,2,Medium,Low,Low,Medium,46.0,Medium
Girivalam Path - Lingam Shrine Cluster (Near Kaama Kaadu forest patch),12.213095473238033,79.09144590737826,6,0,0,0,Medium,Medium,Low,Medium,21.3,Low
Girivalam Path - Lingam Shrine Cluster (Near Kaama Kaadu forest patch),12.215828324229745,79.08856026146944,17,0,0,2,Low,Low,Low,Medium,44.3,Medium
Girivalam Path - Lingam Shrine Cluster (Near Kaama Kaadu forest patch),12.215654081560503,79.09198656266054,9,0,0,2,Low,Low,Low,Medium,33.5,Medium
Girivalam Path - Lingam Shrine Cluster (Near Kaama Kaadu forest patch),12.213766354500681,79.08881258078715,0,0,0,1,Medium,Low,Low,Medium,46.0,Medium
Girivalam Path - Lingam Shrine Cluster (Near Kaama Kaadu forest patch),12.214554371650687,79.08951468385604,18,0,1,2,High,Medium,Low,Medium,33.8,Medium
Girivalam Path - Lingam Shrine Cluster (Near Kaama Kaadu forest patch),12.21466102170211,79.09039798656592,11,0,0,3,Medium,Medium,Low,Medium,39.1,Medium
Girivalam Path - Lingam Shrine Cluster (Near Kaama Kaadu forest patch),12.2143043952356,79.09186917705755,4,0,0,2,Low,Low,Low,Medium,57.6,Medium
Girivalam Path - Lingam Shrine Cluster (Near Kaama Kaadu forest patch),12.214611142129224,79.08900478830462,14,0,1,3,High,Medium,Medium,Medium,48.4,Medium
Girivalam Path - Lingam Shrine Cluster (Near Kaama Kaadu forest patch),12.214864263062399,79.0904434836207,13,0,0,2,Medium,Low,High,Medium,33.1,Medium
Girivalam Path - Lingam Shrine Cluster (Near Kaama Kaadu forest patch),12.214937750087856,79.0909148208172,5,0,0,2,Medium,Low,Low,Medium,24.4,Low
Girivalam Path - Lingam Shrine Cluster (Near Kaama Kaadu forest patch),12.214320645266541,79.08969370591842,12,0,0,5,Medium,Low,Medium,Medium,55.3,Medium
Girivalam Path - Lingam Shrine Cluster (Near Kaama Kaadu forest patch),12.214808276292956,79.0895243328589,16,0,0,4,Medium,Medium,Low,Medium,41.6,Medium
Girivalam Path - Lingam Shrine Cluster (Near Kaama Kaadu forest patch),12.215038108869377,79.0919900190387,11,0,0,2,Low,Low,Low,Medium,41.8,Medium
Girivalam Path - Lingam Shrine Cluster (Near Kaama Kaadu forest patch),12.21310491443388,79.08997945969686,10,0,1,1,Medium,Low,Low,Medium,18.0,Low
Girivalam Path - Lingam Shrine Cluster (Near Kaama Kaadu forest patch),12.215598873450565,79.08931223019,5,0,1,3,Low,Medium,Medium,Medium,61.4,Medium
Girivalam Path - Lingam Shrine Cluster (Near Kaama Kaadu forest patch),12.216812747621232,79.08821196172688,13,1,0,6,High,Medium,Medium,Medium,53.7,Medium
Girivalam Path - Lingam Shrine Cluster (Near Kaama Kaadu forest patch),12.213691779372814,79.0895035709269,14,0,1,1,Low,Low,Medium,Medium,31.5,Medium
Girivalam Path - Lingam Shrine Cluster (Near Kaama Kaadu forest patch),12.214706895020438,79.09172734447581,3,0,0,1,Low,Low,High,Medium,66.8,Medium
Girivalam Path - Lingam Shrine Cluster (Near Kaama Kaadu forest patch),12.214522900760047,79.08871977173858,21,0,1,6,Medium,Low,High,Medium,61.3,Medium
Girivalam Path - Lingam Shrine Cluster (Near Kaama Kaadu forest patch),12.215577877342394,79.09001195628812,15,0,0,2,Medium,Low,Medium,Medium,39.8,Medium
Girivalam Path - Lingam Shrine Cluster (Near Kaama Kaadu forest patch),12.214833938631457,79.08912427072505,16,0,0,3,Medium,High,High,Medium,57.4,Medium
Girivalam Path - Lingam Shrine Cluster (Near Kaama Kaadu forest patch),12.215635015597996,79.08935875505601,2,0,1,4,Medium,Medium,High,Medium,77.7,High
Girivalam Path - Lingam Shrine Cluster (Near Kaama Kaadu forest patch),12.214365420356666,79.09190858654972,3,0,0,0,High,Low,Low,Medium,35.4,Medium
Girivalam Path - Lingam Shrine Cluster (Near Kaama Kaadu forest patch),12.214129933971748,79.08801269280988,19,0,0,3,Medium,High,High,Medium,60.7,Medium
Girivalam Path - Lingam Shrine Cluster (Near Kaama Kaadu forest patch),12.213001343352612,79.09083856660897,10,0,0,1,Low,High,Medium,Medium,45.4,Medium
Girivalam Path - Lingam Shrine Cluster (Near Kaama Kaadu forest patch),12.213142075123757,79.08833471466023,4,1,0,3,Low,Medium,Low,Medium,77.5,High
Girivalam Path - Lingam Shrine Cluster (Near Kaama Kaadu forest patch),12.215497653073896,79.08916424265618,17,0,0,1,Low,Medium,High,Medium,47.7,Medium
Girivalam Path - Lingam Shrine Cluster (Near Kaama Kaadu forest patch),12.213205346768593,79.09001446725333,4,0,0,2,High,Low,Low,Medium,51.0,Medium
Girivalam Path - Lingam Shrine Cluster (Near Kaama Kaadu forest patch),12.216904573913348,79.08839208842289,21,0,0,1,Medium,Medium,Medium,Medium,30.7,Medium
Girivalam Path - Lingam Shrine Cluster (Near Kaama Kaadu forest patch),12.21380683080897,79.0883851436949,7,0,0,2,Medium,Low,High,Medium,29.7,Low
Girivalam Path - Lingam Shrine Cluster (Near Kaama Kaadu forest patch),12.215010777849763,79.08989285032087,10,0,0,2,Medium,Medium,Low,Medium,36.9,Medium
Girivalam Path - Lingam Shrine Cluster (Near Kaama Kaadu forest patch),12.214557686831704,79.09195527749961,9,0,0,1,Low,Low,Medium,Medium,30.2,Medium
Girivalam Path - Lingam Shrine Cluster (Near Kaama Kaadu forest patch),12.215281605855356,79.09079929298481,20,0,0,0,Medium,Low,Medium,Medium,21.2,Low
Girivalam Path - Lingam Shrine Cluster (Near Kaama Kaadu forest patch),12.216054041283895,79.09156040469756,22,0,0,4,High,Low,Medium,Medium,65.6,Medium
Girivalam Path - Lingam Shrine Cluster (Near Kaama Kaadu forest patch),12.213559135019668,79.08986040328607,15,0,1,1,Low,Medium,Medium,Medium,39.2,Medium
Girivalam Path - Lingam Shrine Cluster (Near Kaama Kaadu forest patch),12.215791332212065,79.08806904531653,6,0,0,2,Medium,Medium,Low,Medium,39.5,Medium
Girivalam Path - Lingam Shrine Cluster (Near Kaama Kaadu forest patch),12.21411990213477,79.08991550003766,5,0,0,2,Medium,Low,Low,Medium,27.9,Low
Girivalam Path - Lingam Shrine Cluster (Near Kaama Kaadu forest patch),12.213475410770137,79.08899566071267,11,0,0,1,Medium,Medium,Medium,Medium,32.5,Medium
Girivalam Path - Lingam Shrine Cluster (Near Kaama Kaadu forest patch),12.213761468201701,79.08959403452678,1,0,0,1,Low,Medium,Medium,Medium,62.1,Medium
Girivalam Path - Lingam Shrine Cluster (Near Kaama Kaadu forest patch),12.216725753147077,79.08827293233061,15,0,0,4,Medium,High,Medium,Medium,62.8,Medium
Girivalam Path - Lingam Shrine Cluster (Near Kaama Kaadu forest patch),12.215948580132942,79.08935081420888,22,0,1,3,Low,Medium,Medium,Medium,80.3,High
Girivalam Path - Lingam Shrine Cluster (Near Kaama Kaadu forest patch),12.214054978769255,79.08936272411023,4,0,0,1,High,Low,High,Medium,52.3,Medium
Girivalam Path - Lingam Shrine Cluster (Near Kaama Kaadu forest patch),12.213808821461317,79.09199525660249,6,1,1,2,High,Low,High,Medium,30.4,Medium
Girivalam Path - Lingam Shrine Cluster (Near Kaama Kaadu forest patch),12.214455038342974,79.09083193535932,0,0,0,1,Low,High,Medium,Medium,74.0,High
Girivalam Path - Lingam Shrine Cluster (Near Kaama Kaadu forest patch),12.216374575638714,79.09176367040831,5,0,0,1,Low,Medium,High,Medium,49.0,Medium
Girivalam Path - Lingam Shrine Cluster (Near Kaama Kaadu forest patch),12.21399447776605,79.09099999420728,5,0,0,3,Medium,Low,Low,Medium,36.4,Medium
Girivalam Path - Lingam Shrine Cluster (Near Kaama Kaadu forest patch),12.213161601771471,79.09163043798976,11,0,0,5,Medium,Low,Medium,Medium,48.9,Medium
Girivalam Path - Lingam Shrine Cluster (Near Kaama Kaadu forest patch),12.213111090600329,79.08904036235757,2,0,0,2,High,Medium,High,Medium,57.2,Medium
Girivalam Path - Lingam Shrine Cluster (Near Kaama Kaadu forest patch),12.215389984652168,79.08951001520528,11,0,0,1,Medium,Medium,High,Medium,35.3,Medium
Girivalam Path - Lingam Shrine Cluster (Near Kaama Kaadu forest patch),12.214792705167723,79.09192810427336,14,0,0,2,Medium,Low,High,Medium,39.2,Medium
Girivalam Path - Lingam Shrine Cluster (Near Kaama Kaadu forest patch),12.216855464270353,79.09168635944913,10,0,0,4,Medium,Low,Medium,Medium,39.0,Medium
Girivalam Path - Lingam Shrine Cluster (Near Kaama Kaadu forest patch),12.21683870903488,79.09036299572419,10,0,0,2,Medium,Medium,Low,Medium,34.8,Medium
Girivalam Path - Lingam Shrine Cluster (Near Kaama Kaadu forest patch),12.215141440760236,79.08900231668068,13,0,1,3,Low,Medium,Low,Medium,55.0,Medium
Girivalam Path - Lingam Shrine Cluster (Near Kaama Kaadu forest patch),12.216517241406127,79.09184890618405,16,0,0,0,Low,Low,Medium,Medium,27.1,Low
Girivalam Path - Lingam Shrine Cluster (Near Kaama Kaadu forest patch),12.214960391612971,79.08992763637418,6,0,0,3,Low,Low,High,Medium,52.0,Medium
Girivalam Path - Lingam Shrine Cluster (Near Kaama Kaadu forest patch),12.214611923548798,79.08846558818733,18,0,0,4,Medium,Low,Medium,Medium,47.4,Medium
Girivalam Path - Lingam Shrine Cluster (Near Kaama Kaadu forest patch),12.214265664596045,79.09068735027779,6,0,0,2,Medium,Low,High,Medium,37.4,Medium
Girivalam Path - Lingam Shrine Cluster (Near Kaama Kaadu forest patch),12.213875501618283,79.09117099937126,18,0,0,0,Low,Medium,Low,Medium,36.0,Medium
Girivalam Path - Lingam Shrine Cluster (Near Kaama Kaadu forest patch),12.216027892431411,79.08931888129256,22,0,0,1,High,Low,Medium,Medium,48.7,Medium
Girivalam Path - Lingam Shrine Cluster (Near Kaama Kaadu forest patch),12.216294038213666,79.08968845646507,13,0,0,4,Low,Low,Low,Medium,52.1,Medium
Girivalam Path - Lingam Shrine Cluster (Near Kaama Kaadu forest patch),12.216289260419632,79.08980934358176,16,1,0,2,Low,Low,Low,Medium,36.1,Medium
Girivalam Path - Lingam Shrine Cluster (Near Kaama Kaadu forest patch),12.213441016139427,79.08881976614991,14,0,0,4,Low,High,High,Medium,78.9,High
Girivalam Path - Lingam Shrine Cluster (Near Kaama Kaadu forest patch),12.214938534920856,79.08814081699923,11,0,0,2,Low,Medium,Medium,Medium,40.0,Medium
Girivalam Path - Lingam Shrine Cluster (Near Kaama Kaadu forest patch),12.21462381379825,79.08963311255476,22,0,0,2,Low,Low,Low,Medium,58.1,Medium
Girivalam Path - Lingam Shrine Cluster (Near Kaama Kaadu forest patch),12.214566942319882,79.08886041256005,4,0,0,1,Medium,Medium,Low,Medium,44.4,Medium
Girivalam Path - Lingam Shrine Cluster (Near Kaama Kaadu forest patch),12.214620218763052,79.09078798346795,4,0,0,3,Low,Low,High,Medium,82.1,High
Girivalam Path - Lingam Shrine Cluster (Near Kaama Kaadu forest patch),12.216415529977498,79.0899978938531,22,0,0,2,Medium,Low,High,Medium,57.6,Medium
Girivalam Path - Lingam Shrine Cluster (Near Kaama Kaadu forest patch),12.213384683083689,79.08875017321469,14,0,0,1,Low,Low,Low,Medium,36.2,Medium
Girivalam Path - Lingam Shrine Cluster (Near Kaama Kaadu forest patch),12.216636862447842,79.09183567818505,1,0,0,1,Medium,Low,Medium,Medium,45.9,Medium
Girivalam Path - Lingam Shrine Cluster (Near Kaama Kaadu forest patch),12.216801652512252,79.090798150571,2,0,0,3,Low,Low,Low,Medium,62.0,Medium
Girivalam Path - Lingam Shrine Cluster (Near Kaama Kaadu forest patch),12.214910119439303,79.08889266613811,7,0,1,4,Medium,Low,Medium,Medium,45.7,Medium
Girivalam Path - Lingam Shrine Cluster (Near Kaama Kaadu forest patch),12.213211371399955,79.08932045208392,1,0,0,1,Medium,Medium,Medium,Medium,59.6,Medium
Girivalam Path - Lingam Shrine Cluster (Near Kaama Kaadu forest patch),12.21671022978478,79.08864690100411,14,0,0,2,Low,Medium,Medium,Medium,46.5,Medium
Girivalam Path - Lingam Shrine Cluster (Near Kaama Kaadu forest patch),12.214574447841157,79.09064836621775,18,0,0,2,High,Low,High,Medium,35.2,Medium
Girivalam Path - Lingam Shrine Cluster (Near Kaama Kaadu forest patch),12.214836194493468,79.0919438183124,16,0,0,2,High,Low,Medium,Medium,31.7,Medium
Girivalam Path - Lingam Shrine Cluster (Near Kaama Kaadu forest patch),12.215691666839206,79.0918601631057,5,0,0,4,Medium,Medium,High,Medium,53.4,Medium
Girivalam Path - Lingam Shrine Cluster (Near Kaama Kaadu forest patch),12.21348194563041,79.08825049589562,10,0,0,2,High,Low,High,Medium,35.3,Medium
Girivalam Path - Lingam Shrine Cluster (Near Kaama Kaadu forest patch),12.214981569562267,79.08868033019735,10,0,0,2,Low,Medium,High,Medium,52.0,Medium
Girivalam Path - Lingam Shrine Cluster (Near Kaama Kaadu forest patch),12.216526643352186,79.09025327205704,3,0,1,2,Low,Medium,Low,Medium,69.7,Medium
Girivalam Path - Lingam Shrine Cluster (Near Kaama Kaadu forest patch),12.21654211909335,79.09126641901882,19,0,0,4,High,High,Low,Medium,49.6,Medium
Girivalam Path - Lingam Shrine Cluster (Near Kaama Kaadu forest patch),12.215800327026747,79.08971091896474,10,0,0,5,Medium,Low,Medium,Medium,47.2,Medium
Girivalam Path - Lingam Shrine Cluster (Near Kaama Kaadu forest patch),12.215162604716578,79.08800645812084,20,0,0,0,Low,Low,High,Medium,38.9,Medium
Girivalam Path - Lingam Shrine Cluster (Near Kaama Kaadu forest patch),12.213981792703589,79.08967470682865,14,0,0,3,Medium,Medium,Low,Medium,50.1,Medium
Girivalam Path - Lingam Shrine Cluster (Near Kaama Kaadu forest patch),12.214360320827044,79.08890626242474,6,0,1,1,Medium,Low,Low,Medium,19.9,Low
Girivalam Path - Lingam Shrine Cluster (Near Kaama Kaadu forest patch),12.216070170852712,79.08874875437972,23,0,0,0,Low,Medium,Low,Medium,59.5,Medium
Girivalam Path - Lingam Shrine Cluster (Near Kaama Kaadu forest patch),12.215256979532574,79.09063956267366,15,0,0,1,High,Medium,Medium,Medium,32.3,Medium
Girivalam Path - Lingam Shrine Cluster (Near Kaama Kaadu forest patch),12.215938421467929,79.0889806113171,19,0,0,1,Medium,High,Low,Medium,42.3,Medium
Girivalam Path - Lingam Shrine Cluster (Near Kaama Kaadu forest patch),12.214859878321514,79.09180678748584,10,0,0,1,Medium,High,Medium,Medium,44.5,Medium
Girivalam Path - Lingam Shrine Cluster (Near Kaama Kaadu forest patch),12.213389404057388,79.0898032293169,23,0,0,3,Low,Low,Medium,Medium,70.5,High
Girivalam Path - Lingam Shrine Cluster (Near Kaama Kaadu forest patch),12.213417925155433,79.08897872375734,12,0,0,1,Low,Low,Low,Medium,35.2,Medium
Girivalam Path - Lingam Shrine Cluster (Near Kaama Kaadu forest patch),12.214179424505838,79.0881978740886,14,0,0,1,High,Medium,Low,Medium,27.1,Low
Girivalam Path - Lingam Shrine Cluster (Near Kaama Kaadu forest patch),12.216745004493704,79.0916528394925,7,0,0,2,High,Low,High,Medium,35.9,Medium
Girivalam Path - Lingam Shrine Cluster (Near Kaama Kaadu forest patch),12.215964032803695,79.09003458905089,17,0,0,0,High,Low,High,Medium,20.0,Low
Girivalam Path - Lingam Shrine Cluster (Near Kaama Kaadu forest patch),12.215524514061741,79.08891052421463,7,0,0,4,Medium,Low,Low,Medium,27.9,Low
Girivalam Path - Lingam Shrine Cluster (Near Kaama Kaadu forest patch),12.216492566100843,79.0902123833102,20,0,1,1,Medium,High,Medium,Medium,46.1,Medium
Girivalam Path - Lingam Shrine Cluster (Near Kaama Kaadu forest patch),12.216566675068059,79.09139200988109,16,0,0,3,Medium,Low,Medium,Medium,32.5,Medium
Girivalam Path - Lingam Shrine Cluster (Near Kaama Kaadu forest patch),12.21645286116736,79.0902410741711,9,0,0,5,Low,Low,Low,Medium,65.9,Medium
Girivalam Path - Lingam Shrine Cluster (Near Kaama Kaadu forest patch),12.216222990530438,79.08924136528006,17,1,0,3,High,Low,High,Medium,36.0,Medium
Girivalam Path - Lingam Shrine Cluster (Near Kaama Kaadu forest patch),12.216640912413192,79.08848597359442,4,0,0,7,Low,Medium,High,Medium,96.3,High
Girivalam Path - Lingam Shrine Cluster (Near Kaama Kaadu forest patch),12.216023014878333,79.09051268828118,7,0,0,2,Low,Medium,Medium,Medium,53.7,Medium
Girivalam Path - Lingam Shrine Cluster (Near Kaama Kaadu forest patch),12.216388276143569,79.09018812933742,20,0,0,3,Medium,Medium,High,Medium,49.1,Medium
Girivalam Path - Lingam Shrine Cluster (Near Kaama Kaadu forest patch),12.214047543857154,79.0883416814488,4,0,0,1,Medium,Low,Low,Medium,38.8,Medium
Girivalam Path - Lingam Shrine Cluster (Near Kaama Kaadu forest patch),12.216915554697817,79.08844167174837,17,0,0,2,Medium,Low,Medium,Medium,29.2,Low
Girivalam Path - Lingam Shrine Cluster (Near Kaama Kaadu forest patch),12.21628075774858,79.0893645793832,4,0,0,1,Medium,Low,High,Medium,54.9,Medium
Girivalam Path - Lingam Shrine Cluster (Near Kaama Kaadu forest patch),12.216082922349727,79.0912952866001,16,0,0,3,Medium,Medium,Medium,Medium,44.6,Medium
Girivalam Path - Lingam Shrine Cluster (Near Kaama Kaadu forest patch),12.214531171192492,79.09003457963433,6,0,0,2,High,High,Low,Medium,37.5,Medium
Girivalam Path - Lingam Shrine Cluster (Near Kaama Kaadu forest patch),12.216939506436328,79.08812159585098,15,0,0,1,Low,Low,Low,Medium,32.0,Medium
Girivalam Path - Lingam Shrine Cluster (Near Kaama Kaadu forest patch),12.214800185650208,79.09185154296954,19,0,0,2,Medium,Medium,Low,Medium,37.6,Medium
Girivalam Path - Lingam Shrine Cluster (Near Kaama Kaadu forest patch),12.215033238450506,79.09007162714182,11,0,0,3,Medium,Low,High,Medium,48.4,Medium
Girivalam Path - Lingam Shrine Cluster (Near Kaama Kaadu forest patch),12.214930006957145,79.09028483602809,14,0,0,4,Medium,Low,High,Medium,50.5,Medium
Girivalam Path - Lingam Shrine Cluster (Near Kaama Kaadu forest patch),12.215165058838448,79.09149869255728,9,0,1,0,High,Medium,Low,Medium,19.7,Low
Girivalam Path - Lingam Shrine Cluster (Near Kaama Kaadu forest patch),12.213605331758608,79.09090248923643,6,0,0,0,Low,Medium,Low,Medium,36.2,Medium
Girivalam Path - Lingam Shrine Cluster (Near Kaama Kaadu forest patch),12.214732082834708,79.08873686121372,1,0,0,1,Medium,Low,High,Medium,43.2,Medium
Girivalam Path - Lingam Shrine Cluster (Near Kaama Kaadu forest patch),12.21636929000203,79.08837228991737,12,0,0,4,Medium,High,Low,Medium,55.2,Medium
Girivalam Path - Lingam Shrine Cluster (Near Kaama Kaadu forest patch),12.2156329833138,79.09197932241722,10,0,0,2,Low,Low,High,Medium,44.4,Medium
Girivalam Path - Lingam Shrine Cluster (Near Kaama Kaadu forest patch),12.21319505846484,79.08996767313494,9,0,0,3,Medium,Low,High,Medium,41.7,Medium
Girivalam Path - Lingam Shrine Cluster (Near Kaama Kaadu forest patch),12.215833495388557,79.08949762538708,22,0,0,2,Medium,Low,Medium,Medium,57.4,Medium
Girivalam Path - Lingam Shrine Cluster (Near Kaama Kaadu forest patch),12.216245324829194,79.09104502953757,4,0,1,1,Low,Low,Low,Medium,49.1,Medium
Girivalam Path - Lingam Shrine Cluster (Near Kaama Kaadu forest patch),12.213142113550463,79.08882263577486,17,0,0,2,Low,Low,Low,Medium,32.1,Medium
Girivalam Path - Lingam Shrine Cluster (Near Kaama Kaadu forest patch),12.214133005339953,79.09158045010821,9,0,1,1,Low,Low,Medium,Medium,29.4,Low
Girivalam Path - Lingam Shrine Cluster (Near Kaama Kaadu forest patch),12.213002034601116,79.08983475816989,20,0,0,2,Medium,Medium,High,Medium,42.8,Medium
Girivalam Path - Lingam Shrine Cluster (Near Kaama Kaadu forest patch),12.213472552174828,79.09027494296977,7,0,0,1,Medium,Low,Medium,Medium,30.8,Medium
Girivalam Path - Lingam Shrine Cluster (Near Kaama Kaadu forest patch),12.214440040128498,79.09052425714036,15,0,1,0,Low,High,Medium,Medium,65.2,Medium
Girivalam Path - Lingam Shrine Cluster (Near Kaama Kaadu forest patch),12.214201248726118,79.09144221273354,12,0,1,3,Medium,Low,Medium,Medium,42.5,Medium
Girivalam Path - Lingam Shrine Cluster (Near Kaama Kaadu forest patch),12.216345916674511,79.09173602666452,5,0,0,2,Low,Low,High,Medium,46.5,Medium
Girivalam Path - Lingam Shrine Cluster (Near Kaama Kaadu forest patch),12.21653854122554,79.0885556880542,21,0,0,1,Medium,Medium,High,Medium,39.1,Medium
Girivalam Path - Lingam Shrine Cluster (Near Kaama Kaadu forest patch),12.21400060453817,79.08900028708628,15,0,0,2,Low,Low,Medium,Medium,46.3,Medium
Girivalam Path - Lingam Shrine Cluster (Near Kaama Kaadu forest patch),12.214793051642106,79.09062796161177,22,0,1,3,High,Medium,Medium,Medium,67.6,Medium
Girivalam Path - Lingam Shrine Cluster (Near Kaama Kaadu forest patch),12.21325908565816,79.09145437053077,12,0,0,3,High,Low,High,Medium,34.6,Medium
Girivalam Path - Lingam Shrine Cluster (Near Kaama Kaadu forest patch),12.213508433030333,79.0884322094648,15,0,0,1,Medium,Low,Low,Medium,22.6,Low
Girivalam Path - Lingam Shrine Cluster (Near Kaama Kaadu forest patch),12.213398896223698,79.09179605582537,9,0,0,1,Low,Low,High,Medium,44.4,Medium
Girivalam Path - Lingam Shrine Cluster (Near Kaama Kaadu forest patch),12.21546694865843,79.09199658416446,23,0,0,0,Medium,Medium,Low,Medium,40.8,Medium
Girivalam Path - Lingam Shrine Cluster (Near Kaama Kaadu forest patch),12.216483603631529,79.08922691280755,7,0,0,2,Medium,Low,High,Medium,32.5,Medium
Girivalam Path - Lingam Shrine Cluster (Near Kaama Kaadu forest patch),12.214552633527251,79.09103083845935,19,0,1,3,High,High,Medium,Medium,51.1,Medium
Girivalam Path - Lingam Shrine Cluster (Near Kaama Kaadu forest patch),12.216932789875681,79.0887654762849,0,0,0,1,Medium,High,Medium,Medium,68.2,Medium
Girivalam Path - Lingam Shrine Cluster (Near Kaama Kaadu forest patch),12.214598275109115,79.09139297345433,4,0,0,3,Medium,Low,Medium,Medium,63.0,Medium
Girivalam Path - Lingam Shrine Cluster (Near Kaama Kaadu forest patch),12.215984004145637,79.08894821075351,9,0,1,0,Medium,Low,High,Medium,27.3,Low
Girivalam Path - Lingam Shrine Cluster (Near Kaama Kaadu forest patch),12.21431312990729,79.0919661282591,7,0,0,1,High,Low,Medium,Medium,23.1,Low
Girivalam Path - Lingam Shrine Cluster (Near Kaama Kaadu forest patch),12.216558187074417,79.08956144329825,21,0,0,3,High,Low,Medium,Medium,38.5,Medium
Girivalam Path - Lingam Shrine Cluster (Near Kaama Kaadu forest patch),12.216649950443415,79.08907938164872,3,0,0,2,Medium,High,High,Medium,74.2,High
Girivalam Path - Lingam Shrine Cluster (Near Kaama Kaadu forest patch),12.215232689452417,79.08813115220835,5,0,0,1,Low,Medium,Medium,Medium,42.4,Medium
Girivalam Path - Lingam Shrine Cluster (Near Kaama Kaadu forest patch),12.2142294213504,79.09139272452926,23,0,0,0,Low,Low,Low,Medium,55.7,Medium
Girivalam Path - Lingam Shrine Cluster (Near Kaama Kaadu forest patch),12.214261365443045,79.08947208624518,6,0,1,1,Medium,Low,Medium,Medium,30.0,Medium
Girivalam Path - Lingam Shrine Cluster (Near Kaama Kaadu forest patch),12.214729720333898,79.09023954362827,17,0,0,0,Medium,Low,Medium,Medium,9.2,Low
Girivalam Path - Lingam Shrine Cluster (Near Kaama Kaadu forest patch),12.21502903784784,79.09113130013066,23,0,0,3,Low,Low,Medium,Medium,70.3,High
Girivalam Path - Lingam Shrine Cluster (Near Kaama Kaadu forest patch),12.213905270117964,79.08962056447196,23,0,0,2,Medium,High,High,Medium,68.4,Medium
Girivalam Path - Lingam Shrine Cluster (Near Kaama Kaadu forest patch),12.214582190910582,79.09040127017654,14,0,1,0,Medium,Medium,Low,Medium,27.6,Low
Girivalam Path - Lingam Shrine Cluster (Near Kaama Kaadu forest patch),12.213699859123574,79.08938652388055,12,0,0,1,Low,Low,Medium,Medium,43.5,Medium
Girivalam Path - Lingam Shrine Cluster (Near Kaama Kaadu forest patch),12.214913443838274,79.09027856035759,15,1,0,2,High,Low,Low,Medium,17.8,Low
Girivalam Path - Lingam Shrine Cluster (Near Kaama Kaadu forest patch),12.21626363590141,79.09062895389535,19,0,0,3,Medium,Medium,Medium,Medium,48.2,Medium
Girivalam Path - Lingam Shrine Cluster (Near Kaama Kaadu forest patch),12.21549133978634,79.08942122339938,9,0,0,3,High,Medium,High,Medium,51.2,Medium
Girivalam Path - Lingam Shrine Cluster (Near Kaama Kaadu forest patch),12.21485715825625,79.09140882882414,7,0,0,1,Low,Medium,High,Medium,41.7,Medium
Girivalam Path - Lingam Shrine Cluster (Near Kaama Kaadu forest patch),12.215706688642824,79.09021582802113,11,0,0,3,Low,Low,Low,Medium,41.5,Medium
Girivalam Path - Lingam Shrine Cluster (Near Kaama Kaadu forest patch),12.21312751066528,79.08824854397153,21,0,0,2,Low,Medium,Medium,Medium,51.4,Medium
Girivalam Path - Lingam Shrine Cluster (Near Kaama Kaadu forest patch),12.214482106432937,79.08984691645966,9,0,0,4,Low,Low,Medium,Medium,51.8,Medium
Girivalam Path - Lingam Shrine Cluster (Near Kaama Kaadu forest patch),12.216636795015845,79.09141566092354,2,0,0,0,Low,Medium,Medium,Medium,51.5,Medium
Girivalam Path - Lingam Shrine Cluster (Near Kaama Kaadu forest patch),12.21575595350102,79.0900129548447,3,1,0,2,High,Medium,Medium,Medium,51.6,Medium
Girivalam Path - Lingam Shrine Cluster (Near Kaama Kaadu forest patch),12.214052265705137,79.09110157324895,4,0,0,1,Low,Low,Medium,Medium,58.7,Medium
Girivalam Path - Lingam Shrine Cluster (Near Kaama Kaadu forest patch),12.216686611171697,79.0884163697368,8,0,0,2,Medium,Low,High,Medium,37.3,Medium
Girivalam Path - Lingam Shrine Cluster (Near Kaama Kaadu forest patch),12.214073078739132,79.09043786496963,12,0,0,2,High,Medium,Medium,Medium,35.4,Medium
Girivalam Path - Lingam Shrine Cluster (Near Kaama Kaadu forest patch),12.214629664357252,79.0916536137745,22,0,0,2,Medium,Low,High,Medium,60.4,Medium
Girivalam Path - Lingam Shrine Cluster (Near Kaama Kaadu forest patch),12.216548864783094,79.09048373084977,9,0,0,1,Low,Low,High,Medium,44.5,Medium
Girivalam Path - Lingam Shrine Cluster (Near Kaama Kaadu forest patch),12.213211328930303,79.0890666330326,9,0,0,3,Low,Low,Medium,Medium,47.5,Medium
Girivalam Path - Lingam Shrine Cluster (Near Kaama Kaadu forest patch),12.214634926514519,79.0899934021072,22,0,1,3,High,Low,Medium,Medium,57.7,Medium
Girivalam Path - Lingam Shrine Cluster (Near Kaama Kaadu forest patch),12.213565816705412,79.08971283773475,3,0,0,7,Low,Low,High,Medium,100.0,High
Girivalam Path - Lingam Shrine Cluster (Near Kaama Kaadu forest patch),12.213721613055446,79.0896866272354,20,0,0,2,Medium,Medium,High,Medium,53.1,Medium
Girivalam Path - Lingam Shrine Cluster (Near Kaama Kaadu forest patch),12.215537385146877,79.0892937495626,22,0,0,1,Medium,Low,High,Medium,55.2,Medium
Girivalam Path - Lingam Shrine Cluster (Near Kaama Kaadu forest patch),12.214680313402747,79.08860224949858,9,0,1,5,High,Low,Medium,Medium,47.2,Medium
Girivalam Path - Lingam Shrine Cluster (Near Kaama Kaadu forest patch),12.215432832456777,79.09136046917845,12,0,0,2,High,Low,High,Medium,29.6,Low
Girivalam Path - Lingam Shrine Cluster (Near Kaama Kaadu forest patch),12.216116671230864,79.09080056172533,12,0,0,1,Medium,Low,High,Medium,32.5,Medium
Girivalam Path - Lingam Shrine Cluster (Near Kaama Kaadu forest patch),12.21318283615793,79.09162293019412,17,0,0,5,Low,Medium,Medium,Medium,65.3,Medium
Girivalam Path - Lingam Shrine Cluster (Near Kaama Kaadu forest patch),12.213962038559025,79.0893608178553,6,0,0,3,Medium,Low,Medium,Medium,45.6,Medium
Girivalam Path - Lingam Shrine Cluster (Near Kaama Kaadu forest patch),12.213738110099104,79.08850720190752,21,0,0,2,High,Low,Low,Medium,30.6,Medium
Girivalam Path - Lingam Shrine Cluster (Near Kaama Kaadu forest patch),12.2152828282548,79.09088870044596,11,0,0,2,Medium,Medium,Medium,Medium,34.9,Medium
Girivalam Path - Lingam Shrine Cluster (Near Kaama Kaadu forest patch),12.214771108385612,79.09166552070813,22,0,0,4,Low,Low,Low,Medium,58.2,Medium
Girivalam Path - Lingam Shrine Cluster (Near Kaama Kaadu forest patch),12.21342289032992,79.08848636919024,21,0,0,5,Medium,Medium,High,Medium,55.7,Medium
Girivalam Path - Lingam Shrine Cluster (Near Kaama Kaadu forest patch),12.216171822812333,79.0903062855416,15,0,0,1,Low,Low,Medium,Medium,33.3,Medium
Girivalam Path - Lingam Shrine Cluster (Near Kaama Kaadu forest patch),12.213401963724717,79.0910865482488,19,0,0,2,Low,High,Low,Medium,53.4,Medium
Girivalam Path - Lingam Shrine Cluster (Near Kaama Kaadu forest patch),12.216738023649585,79.09042274969332,22,0,0,0,Medium,Low,High,Medium,55.9,Medium
Girivalam Path - Lingam Shrine Cluster (Near Kaama Kaadu forest patch),12.21634500987352,79.0902323173368,3,0,0,3,Medium,Low,High,Medium,64.5,Medium
Girivalam Path - Lingam Shrine Cluster (Near Kaama Kaadu forest patch),12.214195644388864,79.08931243921393,8,0,1,7,Low,Low,Low,Medium,51.2,Medium
Girivalam Path - Lingam Shrine Cluster (Near Kaama Kaadu forest patch),12.215774098716075,79.08915345702536,12,1,0,2,Medium,Low,Low,Medium,21.9,Low
Girivalam Path - Lingam Shrine Cluster (Near Kaama Kaadu forest patch),12.216191857359538,79.09056646693892,7,0,1,1,Medium,Low,High,Medium,28.9,Low
Girivalam Path - Lingam Shrine Cluster (Near Kaama Kaadu forest patch),12.213249908591765,79.08948408015969,5,0,0,0,Low,Low,Low,Medium,30.3,Medium
Girivalam Path - Lingam Shrine Cluster (Near Kaama Kaadu forest patch),12.214315410146856,79.09129141882325,1,0,1,4,High,High,High,Medium,85.7,High
Girivalam Path - Lingam Shrine Cluster (Near Kaama Kaadu forest patch),12.215183192781359,79.0905016536926,15,0,0,3,Medium,Medium,Medium,Medium,44.8,Medium
Girivalam Path - Lingam Shrine Cluster (Near Kaama Kaadu forest patch),12.21611493726492,79.08898146663799,15,0,0,0,Low,Low,High,Medium,32.8,Medium
Girivalam Path - Lingam Shrine Cluster (Near Kaama Kaadu forest patch),12.214924014256647,79.0903030098878,2,0,1,1,Medium,Low,Low,Medium,48.5,Medium
Girivalam Path - Lingam Shrine Cluster (Near Kaama Kaadu forest patch),12.215784270826308,79.0894122282496,6,0,1,2,High,Low,High,Medium,22.8,Low
Girivalam Path - Lingam Shrine Cluster (Near Kaama Kaadu forest patch),12.21301689035656,79.09069599405197,5,0,1,0,Medium,Medium,Medium,Medium,33.4,Medium
Girivalam Path - Lingam Shrine Cluster (Near Kaama Kaadu forest patch),12.214661553947508,79.09131344729084,6,0,0,2,High,High,Low,Medium,44.3,Medium
Girivalam Path - Lingam Shrine Cluster (Near Kaama Kaadu forest patch),12.214922822476332,79.09108972359672,11,0,0,3,High,Low,High,Medium,37.0,Medium
Girivalam Path - Lingam Shrine Cluster (Near Kaama Kaadu forest patch),12.214849434629247,79.09177899420925,20,0,0,4,High,Low,High,Medium,38.1,Medium
Girivalam Path - Lingam Shrine Cluster (Near Kaama Kaadu forest patch),12.214377412611091,79.09019687321668,3,0,0,2,Low,Low,Low,Medium,62.2,Medium
Girivalam Path - Lingam Shrine Cluster (Near Kaama Kaadu forest patch),12.2157368095338,79.09045714785425,10,0,0,1,Medium,Medium,High,Medium,44.5,Medium
Girivalam Path - Lingam Shrine Cluster (Near Kaama Kaadu forest patch),12.216643255798331,79.09129032632998,16,0,0,3,Medium,Low,Medium,Medium,43.7,Medium
Girivalam Path - Lingam Shrine Cluster (Near Kaama Kaadu forest patch),12.214522827111242,79.08942862695223,15,0,0,3,Medium,Low,High,Medium,45.4,Medium
Girivalam Path - Lingam Shrine Cluster (Near Kaama Kaadu forest patch),12.215080633838172,79.0904017243745,15,0,0,3,High,Medium,Medium,Medium,40.8,Medium
Girivalam Path - Lingam Shrine Cluster (Near Kaama Kaadu forest patch),12.216383906249131,79.09029268554984,13,0,0,1,Low,Low,Medium,Medium,33.8,Medium
Girivalam Path - Lingam Shrine Cluster (Near Kaama Kaadu forest patch),12.213325871879572,79.09017436770527,23,0,0,1,Medium,Low,Medium,Medium,44.9,Medium
Girivalam Path - Lingam Shrine Cluster (Near Kaama Kaadu forest patch),12.213822676969096,79.09009059105628,3,0,0,3,Low,Low,High,Medium,73.3,High
Girivalam Path - Lingam Shrine Cluster (Near Kaama Kaadu forest patch),12.216525361019663,79.09025448920231,16,0,1,1,Medium,Medium,Medium,Medium,41.1,Medium
Girivalam Path - Lingam Shrine Cluster (Near Kaama Kaadu forest patch),12.21417862478701,79.0904768009248,16,0,0,3,Medium,Low,Medium,Medium,43.1,Medium
Girivalam Path - Lingam Shrine Cluster (Near Kaama Kaadu forest patch),12.216566449553904,79.09003204051646,22,0,0,3,Low,Medium,Medium,Medium,73.1,High
Girivalam Path - Lingam Shrine Cluster (Near Kaama Kaadu forest patch),12.214255005921279,79.08860297136818,12,0,0,3,Medium,Medium,Medium,Medium,36.4,Medium
Girivalam Path - Lingam Shrine Cluster (Near Kaama Kaadu forest patch),12.21661300561461,79.09038645518571,16,0,0,2,Medium,Medium,High,Medium,41.0,Medium
Girivalam Path - Lingam Shrine Cluster (Near Kaama Kaadu forest patch),12.216715771175704,79.0902206113038,5,0,0,2,Low,Low,High,Medium,42.1,Medium
Girivalam Path - Lingam Shrine Cluster (Near Kaama Kaadu forest patch),12.213981413968115,79.09172426506122,11,0,0,0,Medium,Low,Medium,Medium,14.6,Low
Girivalam Path - Lingam Shrine Cluster (Near Kaama Kaadu forest patch),12.216782733171973,79.08947350069283,18,0,0,3,Medium,Low,Low,Medium,30.9,Medium
Girivalam Path - Lingam Shrine Cluster (Near Kaama Kaadu forest patch),12.215833455517458,79.09120825161737,10,0,0,7,High,Low,High,Medium,51.3,Medium
Girivalam Path - Lingam Shrine Cluster (Near Kaama Kaadu forest patch),12.215522121769792,79.09184839861156,5,0,0,2,Medium,Low,Medium,Medium,32.6,Medium
Girivalam Path - Lingam Shrine Cluster (Near Kaama Kaadu forest patch),12.213388075715452,79.09003871626584,22,1,0,3,Medium,Medium,Low,Medium,51.9,Medium
Girivalam Path - Lingam Shrine Cluster (Near Kaama Kaadu forest patch),12.216140679374572,79.08927776363177,7,0,0,1,Medium,Low,Medium,Medium,22.6,Low
Girivalam Path - Lingam Shrine Cluster (Near Kaama Kaadu forest patch),12.215496442957154,79.09089589014702,6,0,1,4,High,Low,Medium,Medium,37.8,Medium
Girivalam Path - Lingam Shrine Cluster (Near Kaama Kaadu forest patch),12.214709163324159,79.08945017625594,2,0,0,2,Medium,Medium,High,Medium,70.4,High
Girivalam Path - Lingam Shrine Cluster (Near Kaama Kaadu forest patch),12.213808076454061,79.08946005279077,0,0,0,2,High,Medium,High,Medium,60.4,Medium
Girivalam Path - Lingam Shrine Cluster (Near Kaama Kaadu forest patch),12.216960444114534,79.09188166170858,11,0,0,3,High,Low,High,Medium,36.9,Medium
Girivalam Path - Lingam Shrine Cluster (Near Kaama Kaadu forest patch),12.21496804250621,79.09174891583456,6,0,0,4,Medium,Low,Medium,Medium,42.4,Medium
Girivalam Path - Lingam Shrine Cluster (Near Kaama Kaadu forest patch),12.216855801422481,79.08875739639474,9,0,0,1,Medium,High,Medium,Medium,48.4,Medium
Girivalam Path - Lingam Shrine Cluster (Near Kaama Kaadu forest patch),12.214103956608998,79.09022598600583,11,0,0,1,Low,Low,Medium,Medium,34.2,Medium
Girivalam Path - Lingam Shrine Cluster (Near Kaama Kaadu forest patch),12.213765192867196,79.09182905013598,6,0,0,2,Low,High,Medium,Medium,52.0,Medium
Girivalam Path - Lingam Shrine Cluster (Near Kaama Kaadu forest patch),12.213975898542031,79.09104323483875,1,0,0,3,Low,High,Low,Medium,82.2,High
Girivalam Path - Lingam Shrine Cluster (Near Kaama Kaadu forest patch),12.21555421881224,79.09080947451177,23,0,0,1,Medium,Low,Medium,Medium,52.7,Medium
Girivalam Path - Lingam Shrine Cluster (Near Kaama Kaadu forest patch),12.215258770737835,79.09039385388111,14,0,0,0,Low,Low,High,Medium,34.3,Medium
Girivalam Path - Lingam Shrine Cluster (Near Kaama Kaadu forest patch),12.214425044486488,79.08882752042368,7,0,0,1,High,Low,Low,Medium,6.0,Low
Girivalam Path - Lingam Shrine Cluster (Near Kaama Kaadu forest patch),12.215060095612065,79.08888353530853,12,0,0,2,Medium,Medium,Medium,Medium,33.0,Medium
Girivalam Path - Lingam Shrine Cluster (Near Kaama Kaadu forest patch),12.215239271829846,79.08907445205772,8,0,0,2,Medium,Low,Low,Medium,36.3,Medium
Girivalam Path - Lingam Shrine Cluster (Near Kaama Kaadu forest patch),12.215762786233887,79.09128944002909,2,0,0,2,Medium,Medium,High,Medium,70.2,High
Girivalam Path - Lingam Shrine Cluster (Near Kaama Kaadu forest patch),12.213584678034557,79.09112048295385,4,0,0,0,Medium,High,Medium,Medium,56.9,Medium
Girivalam Path - Lingam Shrine Cluster (Near Kaama Kaadu forest patch),12.213942730862707,79.09148727663475,5,0,0,6,Medium,Medium,Low,Medium,54.6,Medium
Girivalam Path - Lingam Shrine Cluster (Near Kaama Kaadu forest patch),12.216264123059615,79.09083511468474,0,0,0,5,Low,Medium,Medium,Medium,95.6,High
Girivalam Path - Lingam Shrine Cluster (Near Kaama Kaadu forest patch),12.216255025917125,79.08890768695048,23,0,0,4,Medium,Low,Medium,Medium,68.8,Medium
Girivalam Path - Lingam Shrine Cluster (Near Kaama Kaadu forest patch),12.21584681381355,79.08975811617576,1,0,0,2,Low,Low,High,Medium,73.9,High
Girivalam Path - Lingam Shrine Cluster (Near Kaama Kaadu forest patch),12.214064134751094,79.08965974353573,15,0,0,4,Low,High,High,Medium,75.7,High
Girivalam Path - Lingam Shrine Cluster (Near Kaama Kaadu forest patch),12.21653940642029,79.08903961741977,3,0,1,1,High,Medium,Medium,Medium,47.1,Medium
Girivalam Path - Lingam Shrine Cluster (Near Kaama Kaadu forest patch),12.21384688703523,79.09192572174325,14,0,0,3,High,Medium,Low,Medium,24.8,Low
Girivalam Path - Lingam Shrine Cluster (Near Kaama Kaadu forest patch),12.216940665012816,79.08973277715208,12,0,0,1,Low,Low,High,Medium,43.5,Medium
Girivalam Path - Lingam Shrine Cluster (Near Kaama Kaadu forest patch),12.214044699054353,79.08895147350461,15,0,0,2,Medium,Low,Low,Medium,31.2,Medium
Girivalam Path - Lingam Shrine Cluster (Near Kaama Kaadu forest patch),12.21512067508418,79.09009783443163,7,0,0,0,Medium,Medium,Medium,Medium,31.1,Medium
Girivalam Path - Lingam Shrine Cluster (Near Kaama Kaadu forest patch),12.215229334273408,79.08812308301393,15,0,0,4,Low,Low,Medium,Medium,50.1,Medium
Girivalam Path - Lingam Shrine Cluster (Near Kaama Kaadu forest patch),12.214912950104418,79.08886626558812,13,0,0,1,Low,Low,Medium,Medium,42.1,Medium
Girivalam Path - Lingam Shrine Cluster (Near Kaama Kaadu forest patch),12.21393745361432,79.09079889103634,1,0,1,2,Medium,Low,Low,Medium,51.6,Medium
Girivalam Path - Lingam Shrine Cluster (Near Kaama Kaadu forest patch),12.214838853226231,79.09032724181328,11,0,0,2,High,Medium,High,Medium,40.3,Medium
Girivalam Path - Lingam Shrine Cluster (Near Kaama Kaadu forest patch),12.215491813944556,79.0913076153765,12,0,0,2,High,Low,Low,Medium,22.1,Low
Girivalam Path - Lingam Shrine Cluster (Near Kaama Kaadu forest patch),12.214144120857219,79.0882761139518,13,0,0,2,Low,Low,Low,Medium,33.9,Medium
Girivalam Path - Lingam Shrine Cluster (Near Kaama Kaadu forest patch),12.216860939879005,79.08929391943362,1,0,0,1,Medium,Medium,Medium,Medium,50.8,Medium
Girivalam Path - Lingam Shrine Cluster (Near Kaama Kaadu forest patch),12.213041623144282,79.09027722065896,14,0,0,1,Medium,Low,High,Medium,29.4,Low
Girivalam Path - Lingam Shrine Cluster (Near Kaama Kaadu forest patch),12.213113588173542,79.09034079474831,1,0,1,2,Medium,Low,Medium,Medium,57.1,Medium
Girivalam Path - Lingam Shrine Cluster (Near Kaama Kaadu forest patch),12.216089852297024,79.08982036298993,8,0,0,2,Low,Low,High,Medium,42.2,Medium
