time_hour,previous_incidents,crowd_level,weather_risk,tourist_density,zone_risk,risk_score,risk_label
6,4,High,Low,Low,Medium,52.813191432305175,Medium
19,3,Low,Medium,Low,Medium,63.77525331535986,Medium
14,2,Medium,Low,Medium,Low,13.125559334876982,Low
10,3,Medium,Medium,Medium,Low,32.0569374847181,Medium
7,2,Low,High,Medium,Low,41.3702232092672,Medium
20,3,Low,Medium,Medium,High,91.29974112117779,High
6,1,Medium,Low,Medium,Medium,34.86348396603358,Medium
18,2,Low,Medium,Medium,Medium,51.67831044927968,Medium
22,2,Low,Low,Medium,High,87.52179906808477,High
10,2,Low,High,Low,High,71.93556454526902,High
10,2,High,Low,Low,Medium,25.25309618085238,Low
23,3,High,Medium,High,Medium,65.95928381721325,Medium
20,5,Medium,Low,Medium,High,76.70165772005731,High
3,1,High,Low,Medium,High,62.76837472738213,Medium
7,5,Medium,Low,Medium,Medium,50.01703889783715,Medium
23,3,Medium,High,Low,Medium,82.8910264049294,High
2,3,High,High,High,Medium,76.00527310561371,High
21,2,Medium,Low,Low,Low,24.20052715462971,Low
20,4,Low,Low,High,High,99.49879869199539,High
1,3,High,Low,Low,Medium,57.9815349337071,Medium
23,4,High,Low,Medium,Low,42.191187158280286,Medium
11,1,Low,Medium,Low,Low,26.9877383823166,Low
5,4,High,Low,High,High,73.7584462321104,High
1,0,Low,Medium,High,Medium,61.19283436965401,Medium
20,1,Low,Medium,Low,Low,34.194053628513174,Medium
0,6,Medium,Medium,Low,Low,55.85222825646597,Medium
11,1,Low,Medium,Low,Medium,40.761974768010944,Medium
21,3,Medium,Low,High,Low,28.270252073743755,Low
11,2,Low,Low,Low,Low,17.270195589728157,Low
16,4,Low,Medium,Medium,Medium,52.701375227630606,Medium
9,2,Medium,Low,Low,Medium,28.971209182857063,Low
15,2,Medium,Low,Medium,High,43.96772269598365,Medium
14,2,Low,High,Medium,Low,44.383236493773055,Medium
14,1,High,Medium,Medium,Low,1.9882776752005409,Low
18,0,Medium,Low,High,Low,3.3123066991424013,Low
11,4,Low,Medium,Low,Low,46.7390508873054,Medium
22,5,Low,Low,Medium,Low,62.099906394305634,Medium
19,1,High,High,Medium,Medium,54.135690129712415,Medium
2,7,Medium,Low,Medium,Low,58.086592608794966,Medium
4,2,Low,Medium,Low,High,79.97932956412949,High
18,2,Low,Medium,High,Low,33.36159762374342,Medium
6,2,Medium,Low,High,Medium,48.28582363973359,Medium
20,2,Low,Medium,High,High,93.1687271411981,High
8,3,Medium,High,High,Low,58.30676349388636,Medium
6,2,High,Medium,Medium,Low,22.98839859909409,Low
17,1,Low,Low,Low,Medium,35.03617304200061,Medium
3,0,High,Medium,Low,Medium,52.99989731914597,Medium
13,0,High,High,Medium,Medium,22.52858567099739,Low
17,1,High,Low,Low,Low,0.0,Low
8,4,High,Medium,Low,Medium,43.743974303443906,Medium
20,4,High,Low,High,Medium,54.245262248914635,Medium
1,4,Medium,Low,High,Low,48.6931733656691,Medium
19,2,Medium,Low,High,High,66.4866768758786,Medium
14,3,Medium,High,Low,Medium,51.60737563995774,Medium
6,1,High,Medium,High,Medium,49.648239755875764,Medium
11,3,Low,Low,Low,High,61.19994941000279,Medium
7,4,Low,High,Medium,Medium,72.16521047010754,High
14,1,Low,Medium,Medium,Low,28.173580449297663,Low
2,1,High,Medium,Medium,Medium,60.25230378546574,Medium
13,2,High,Low,High,Medium,22.03762564724628,Low
16,2,Medium,High,Low,Medium,36.410961495060604,Medium
3,1,Low,Medium,Medium,High,89.57988738170462,High
17,4,Medium,Medium,Low,Low,30.30256731142605,Medium
7,1,Low,Low,High,Low,18.554829524940804,Low
3,2,Medium,Low,Medium,Medium,61.06682647863788,Medium
1,3,Low,Low,Medium,Medium,76.05256986983098,High
5,2,High,High,Medium,Low,27.064830127716515,Low
21,1,Medium,Low,Medium,High,56.09264794218319,Medium
9,2,Medium,Medium,Medium,Low,20.21422801051787,Low
3,1,Medium,Low,Low,Low,33.94362594362015,Medium
21,4,Medium,Low,Medium,High,69.52954618339298,Medium
17,3,Low,Low,High,Low,39.68390627243447,Medium
11,0,Medium,Medium,High,High,45.93420938343461,Medium
1,3,High,Medium,Low,Low,38.51626046615011,Medium
9,2,Medium,High,Low,Low,18.342186367129678,Low
3,2,Medium,High,Medium,Medium,63.92073916627662,Medium
13,0,High,Low,High,High,26.320302304446543,Low
15,2,High,Medium,Low,Low,17.630295825065385,Low
14,2,Medium,Low,Medium,Low,21.76122950618081,Low
7,2,Medium,High,High,Medium,49.13231221726313,Medium
13,3,High,Low,Medium,Low,11.62265361909027,Low
22,2,High,Medium,Low,High,70.1829328857132,High
7,1,High,Low,High,Low,0.0,Low
20,1,Medium,Low,Medium,High,55.715657139628554,Medium
15,0,Low,Low,Medium,Low,13.570948571210177,Low
12,2,Low,Low,Medium,Medium,41.44231084541578,Medium
17,0,Low,Low,Medium,Medium,25.780227814358632,Low
14,1,High,Medium,Medium,Low,9.256827707794278,Low
20,1,High,Medium,Medium,High,45.1037045005247,Medium
23,0,Medium,Low,Low,Low,30.207155189162297,Medium
12,3,Medium,Low,Medium,Low,14.438105002975885,Low
8,2,Low,Low,Low,Low,17.675021383540162,Low
14,2,Medium,High,Low,High,52.31297237225085,Medium
12,1,Medium,Low,Medium,Low,14.997032414722987,Low
0,3,Medium,Medium,High,Medium,70.49410472192206,High
6,3,Low,Low,Low,Medium,60.780435681691294,Medium
8,2,Medium,Low,Low,Low,15.49758304404952,Low
23,1,Low,Low,Medium,Low,39.334074989226934,Medium
0,4,High,Low,Medium,Low,47.39310840250116,Medium
11,3,Low,Low,Medium,Low,21.820560439455424,Low
7,2,High,Low,Low,Low,9.396993917478506,Low
23,5,Low,Low,Low,Medium,76.06758696835662,High
10,1,Low,Medium,High,High,55.66306756211142,Medium
18,0,Medium,Low,Medium,Low,2.3574306407825683,Low
16,1,High,Low,High,Medium,21.215685485641032,Low
7,4,Medium,Low,Medium,Low,29.69594673493957,Low
2,1,Low,High,Medium,Medium,87.39951756128558,High
2,0,Low,Medium,High,High,88.93520373827639,High
0,2,Medium,Medium,Low,Low,37.83775696911852,Medium
4,1,Low,Low,Medium,Medium,69.21153089631667,Medium
9,3,Low,Low,Low,Medium,43.28078884770161,Medium
6,4,Medium,Low,Medium,Medium,39.74112386357216,Medium
8,2,Low,Low,Low,Low,20.636926836091742,Low
6,2,Low,Medium,Low,Low,32.651691657349,Medium
8,3,Low,High,High,Low,49.3715276110901,Medium
7,1,High,High,Medium,Low,32.45149923063761,Medium
11,1,Low,Low,High,Medium,31.137172550140257,Medium
1,4,High,Low,Medium,Low,39.96068380798171,Medium
0,1,Low,Low,Medium,High,74.40952651578091,High
15,1,High,Low,Low,Low,0.0,Low
22,1,Low,High,Medium,Low,59.466507156838176,Medium
22,3,Medium,Low,Medium,Medium,62.65219188404456,Medium
23,3,High,High,Low,Low,45.116090644640806,Medium
4,3,High,Medium,High,Medium,70.37024583390154,High
2,1,High,Low,Low,Low,21.433030444079524,Low
11,0,High,Low,Medium,Low,5.432995094958229,Low
7,1,Low,Medium,Medium,Low,22.758679409458885,Low
21,2,Medium,Low,High,Low,27.7324954120537,Low
2,1,Medium,Low,Low,High,55.41272493015017,Medium
0,3,High,Low,Medium,Low,39.51419788744011,Medium
2,3,Low,Low,Medium,High,78.35264017561342,High
4,3,High,Medium,Low,Low,49.1327639548757,Medium
14,2,Medium,Low,Medium,Medium,27.836529885697225,Low
13,2,Medium,Medium,Low,Medium,39.87130497566687,Medium
2,1,Low,Medium,Low,High,79.35148948802768,High
0,4,Medium,Low,Low,Medium,74.27325553662502,High
4,2,Medium,Medium,High,High,81.45119414270673,High
22,2,Medium,Low,Low,Medium,49.85342727211512,Medium
13,2,High,Medium,Medium,Low,22.531365583050327,Low
6,1,Medium,Low,Low,High,35.54158521465665,Medium
8,1,Medium,Low,Low,High,33.12171430248547,Medium
14,0,High,Low,Low,Low,0.0,Low
14,3,Medium,Medium,Medium,High,64.34653348744807,Medium
9,2,Medium,Low,Low,Medium,32.58228789268027,Medium
12,2,Low,Low,Low,High,58.71463549923482,Medium
18,2,Low,Low,High,High,58.229649363228575,Medium
6,2,Medium,Low,Medium,High,53.57960978306718,Medium
16,3,High,Medium,Low,High,51.35318154516533,Medium
19,2,Low,Medium,Medium,Low,44.40327721661005,Medium
3,3,Low,High,Low,Low,58.95056345885826,Medium
4,5,Medium,Low,Medium,Low,59.98398497460095,Medium
22,1,Low,Low,Low,Low,35.51050305911822,Medium
6,3,Medium,Medium,Low,Low,36.63335458627861,Medium
12,1,Medium,Medium,Low,Medium,27.268571104376594,Low
14,2,Low,Low,Low,Low,34.84928606128723,Medium
10,0,High,Medium,High,Medium,31.39679978297329,Medium
3,1,Medium,Medium,Low,High,72.84576414249648,High
12,1,Medium,Low,Low,Medium,26.831818995400376,Low
6,2,Low,Medium,Medium,Low,43.92388725474988,Medium
18,6,Medium,Low,Medium,Low,26.53654894142737,Low
21,1,High,High,Low,Low,16.034572452898374,Low
1,3,Low,Medium,Low,Low,64.24547114596871,Medium
9,1,Low,Low,Low,Medium,34.32385648195941,Medium
12,3,Low,Low,Low,Medium,38.44042454950204,Medium
20,3,Low,High,Low,Medium,67.17723963522296,Medium
5,1,Low,Medium,Low,Low,31.193443040181744,Medium
11,1,Low,Low,Medium,Low,15.205336743190635,Low
11,3,High,Medium,High,Medium,40.97367326425973,Medium
19,3,Medium,Medium,Medium,Low,44.01656282151322,Medium
10,0,Low,Low,Medium,Medium,35.37241244661383,Medium
22,2,High,Low,Medium,High,65.85766766789878,Medium
6,3,Low,Medium,Medium,Low,59.59812854262675,Medium
0,4,Medium,Low,High,Medium,86.22846427754203,High
0,2,Low,Low,Medium,Medium,68.39659825164529,Medium
19,2,Low,Medium,Medium,Medium,60.63063532942515,Medium
12,2,High,Low,Low,Low,0.0,Low
8,1,Low,Low,Medium,High,53.62434803664737,Medium
2,1,High,Low,Low,Low,26.374908150511096,Low
6,1,Medium,Medium,Low,Medium,41.52536566619547,Medium
5,4,Low,Medium,Low,Low,52.66362135316451,Medium
7,4,Medium,Medium,Medium,Low,33.39128442710293,Medium
8,2,Medium,Low,Medium,Low,10.005884110683127,Low
4,0,Low,Medium,High,Low,55.84526597210366,Medium
0,4,Low,High,Low,Low,58.74648761119611,Medium
18,2,Low,Low,Low,Low,24.66039507104754,Low
9,7,High,Low,High,High,53.90556160351322,Medium
11,2,Medium,Medium,High,Low,35.6744151446882,Medium
23,5,Low,Low,Medium,High,97.00383113798877,High
14,2,High,Low,Low,High,40.356767908547376,Medium
21,2,Low,Low,Medium,Low,39.148210670236054,Medium
23,3,Low,Low,Low,Low,60.168097660187605,Medium
8,2,Low,Low,High,Low,41.0698721372761,Medium
19,1,Medium,Low,Medium,High,58.956361087622184,Medium
16,0,Low,High,Low,Medium,44.71177917840325,Medium
16,1,Medium,Medium,High,High,50.29733940988164,Medium
19,5,High,Medium,Medium,Low,51.91224408896957,Medium
11,3,Low,Low,High,High,72.17151440114665,High
6,1,Low,Medium,High,Low,41.6838741813508,Medium
1,3,Low,Low,Low,High,83.40967244034634,High
2,1,Medium,Medium,Low,Low,34.425306149772766,Medium
16,2,High,Medium,Medium,Medium,39.20164407150634,Medium
4,4,Low,Medium,High,Medium,93.00790272084025,High
16,0,Low,Low,High,Medium,25.377270701368225,Low
23,0,Low,Medium,Medium,Low,49.02743809099235,Medium
16,3,Low,Low,Low,Medium,41.82721380210066,Medium
16,3,Medium,Low,Low,Low,18.763057371574273,Low
1,2,Low,Low,High,Medium,65.79887985523226,Medium
1,2,Low,High,Medium,Medium,89.90529689908269,High
21,1,Medium,Low,Medium,Low,18.069647730310148,Low
22,4,Low,Medium,Medium,Medium,98.75322006807129,High
4,2,Medium,Low,Medium,Low,41.89852678839193,Medium
0,3,Low,Low,High,Low,59.23867574733652,Medium
0,5,High,Medium,Low,Low,60.69368419970926,Medium
18,1,Low,Low,Low,High,47.854697945853964,Medium
1,3,High,Medium,Medium,Medium,76.8777819464894,High
20,4,Low,Medium,High,High,94.78784367691077,High
11,3,High,Medium,Low,Medium,24.873789902895346,Low
5,2,Low,Medium,Low,Medium,53.19381942338311,Medium
22,6,Medium,Low,Low,Low,59.86193370522097,Medium
3,1,Low,Low,Low,High,69.95736171847604,Medium
22,1,Medium,Low,Low,Low,27.987483097095524,Low
10,5,Medium,Low,Medium,Medium,44.97737993382975,Medium
23,1,Medium,High,Low,Low,41.48005393292702,Medium
16,3,Medium,Medium,Medium,High,61.527596841544806,Medium
5,0,Low,Medium,Low,Medium,41.00935938521939,Medium
23,9,Low,Medium,Low,High,100.0,High
4,2,Medium,Low,Medium,Low,36.02659508497108,Medium
19,4,Low,Medium,Medium,Low,50.185745508129244,Medium
1,0,Low,Medium,Low,Low,42.885864920211965,Medium
5,0,Low,Low,High,Medium,32.78624143995117,Medium
21,1,Low,Medium,Low,High,51.5633359347016,Medium
10,0,Medium,Medium,Medium,Low,15.747800064986198,Low
15,3,Medium,Low,Medium,Low,22.32809748141692,Low
15,1,High,Medium,High,Low,4.482055198499747,Low
0,3,Low,Low,Medium,Medium,72.54496791520955,High
8,0,High,Low,Medium,Low,0.0,Low
5,3,Medium,Medium,Medium,High,62.86040383832497,Medium
15,3,High,High,Low,Low,33.38733819197259,Medium
2,3,High,Medium,Medium,Medium,74.11099505967633,High
19,3,Medium,Medium,Low,Medium,64.54985977246328,Medium
3,5,Low,High,High,Low,90.96123409418719,High
18,0,Low,High,Low,Medium,41.134559547197334,Medium
2,2,Low,Low,High,Low,65.6451746610974,Medium
18,2,High,Low,Low,Medium,23.51400634011627,Low
19,4,High,Low,High,Medium,51.956061040293285,Medium
6,0,Medium,Medium,Medium,Low,20.064395708541003,Low
19,3,High,High,Low,High,74.32244552311207,High
8,1,High,Low,Low,Medium,6.180172142235495,Low
0,1,Medium,Medium,High,Medium,68.95753047143913,Medium
7,6,Medium,Medium,Low,Low,29.65554735320238,Low
6,2,Medium,Low,Low,Low,18.913330117933633,Low
17,1,Medium,Low,Low,Low,7.855109348375665,Low
7,2,Low,Low,High,High,70.47364762987391,High
0,2,Medium,Low,Low,High,65.38835691683626,Medium
10,2,Medium,Medium,Low,Low,13.695069479898411,Low
17,3,Medium,Low,High,Low,32.40469762705408,Medium
22,2,High,Medium,High,Medium,60.35440365409051,Medium
9,1,Low,Low,Low,Medium,20.924830345022464,Low
2,5,Low,Medium,High,High,100.0,High
6,2,High,Low,Low,Low,17.66665955171866,Low
15,3,Medium,High,Low,Low,32.53603000244793,Medium
15,2,Low,Low,High,Low,34.422369067347304,Medium
19,1,Medium,High,High,Low,46.96607044534297,Medium
16,1,Medium,Medium,Low,High,39.490870166101615,Medium
1,3,High,Medium,Low,Medium,61.73404476041536,Medium
0,0,Medium,Low,Low,High,45.650234068043325,Medium
15,0,Low,Low,High,Low,16.457276086618414,Low
11,1,Medium,Low,High,Medium,23.734722923505725,Low
4,2,High,Low,Low,Medium,45.73819856266063,Medium
4,2,Medium,High,High,Low,58.54209585090561,Medium
22,2,High,Low,Low,Medium,45.90882405575145,Medium
8,2,Low,High,Medium,Medium,46.97147695995923,Medium
8,2,High,Medium,Low,High,37.09224942705909,Medium
2,3,High,Low,Medium,Low,40.69924618109585,Medium
18,2,Medium,Medium,Low,High,58.96652244449128,Medium
15,1,Low,Low,High,High,58.39214399801533,Medium
15,2,High,Low,Low,Medium,24.603969110148753,Low
2,3,Medium,Low,Medium,Medium,58.42729763797615,Medium
19,1,High,High,High,Low,31.33272237469246,Medium
23,3,Low,Low,Medium,Medium,75.74804188677507,High
21,1,Low,Medium,Low,Medium,44.01014715435938,Medium
23,0,Low,Low,Medium,Medium,63.791577399602204,Medium
0,3,Medium,Medium,High,Low,58.739537761928624,Medium
23,3,Medium,Low,Medium,High,89.08756297860619,High
19,2,Medium,Low,Low,Medium,49.22015616782683,Medium
10,1,Medium,Low,Medium,High,42.52781808711479,Medium
16,3,High,Low,High,Medium,38.290102447652295,Medium
7,5,Low,Medium,Low,Medium,59.12995718121244,Medium
3,4,Low,Low,Medium,Medium,85.93215401142741,High
5,0,High,High,Medium,Medium,39.711698956661785,Medium
7,2,Medium,Low,Low,Low,1.8695965059873654,Low
19,3,Medium,Low,Low,Low,36.92353579765919,Medium
2,2,Medium,Low,High,Medium,63.27454711669561,Medium
15,4,Medium,Low,Low,High,50.91037571212503,Medium
2,4,Low,High,High,Medium,99.58969756345559,High
17,1,Medium,Medium,High,Low,22.196296200711554,Low
13,4,High,Medium,Low,Low,35.86932546692093,Medium
17,0,Medium,High,Low,Medium,24.95824434122492,Low
1,1,Low,Medium,High,Medium,80.94002226182965,High
21,2,High,Medium,High,High,72.9808670322955,High
2,1,Low,Medium,Low,Medium,60.15708211878339,Medium
15,6,Low,Low,Low,Low,42.52345646267844,Medium
8,4,High,Medium,Medium,Medium,49.286685255862736,Medium
3,4,Low,Medium,Medium,Medium,100.0,High
0,2,High,Low,Medium,Medium,46.315603744385356,Medium
3,2,Medium,High,High,Low,49.4470486227268,Medium
0,2,Medium,Low,Medium,Low,28.939233609312687,Low
13,5,Medium,High,High,Medium,70.26698120857519,High
20,2,Low,Low,Medium,Low,44.14851566996063,Medium
15,3,Medium,Low,Low,Low,12.66255751713394,Low
19,3,High,Low,Medium,Low,27.852493929997173,Low
23,0,High,High,Medium,High,67.3429627901182,Medium
7,2,Medium,Low,Low,Low,5.141743722052521,Low
6,4,High,Medium,Low,Medium,57.61982343095443,Medium
2,2,Low,Medium,Medium,Medium,63.519785636373044,Medium
16,0,Low,Low,Medium,Medium,32.82859162504084,Medium
0,1,Low,High,High,Medium,77.41861252759692,High
15,1,Medium,Low,High,Low,19.907537236279264,Low
11,1,High,Medium,Low,Low,10.035205238053997,Low
18,3,Medium,Low,High,Low,16.698646509653734,Low
21,2,High,Low,Low,Medium,35.87610283613037,Medium
22,3,Medium,Low,Low,High,70.70226829086947,High
21,3,Low,Medium,Low,High,84.558209989095,High
13,2,Low,High,Medium,Medium,61.36459966871418,Medium
5,1,High,Low,Low,High,49.86276692003415,Medium
5,1,Low,Low,Medium,High,59.928452915327334,Medium
12,5,Medium,High,Low,Medium,55.503550241477946,Medium
18,1,Low,Low,Low,Low,15.912503600269467,Low
21,2,Low,Medium,High,Low,54.398469495927536,Medium
7,2,Medium,Medium,High,High,52.24860072319265,Medium
1,0,Low,Low,Medium,Medium,55.852517910015195,Medium
20,0,High,Medium,Medium,High,51.256043096869284,Medium
0,3,Medium,High,Medium,Low,71.25215578872884,High
14,1,Medium,Low,High,Low,7.7462993262891535,Low
0,4,Medium,Medium,Medium,Low,63.954763243251385,Medium
4,4,Medium,Medium,Low,Low,54.048486158193455,Medium
15,1,High,Low,Low,High,26.46892660246885,Low
18,5,Low,Low,Low,Low,51.65452712564495,Medium
3,1,Low,Medium,Medium,Medium,70.67193256163611,High
2,0,Low,Low,Low,Low,44.22160320081875,Medium
16,2,High,Low,High,Low,10.517698794596951,Low
16,3,High,High,Medium,Low,43.059531045171425,Medium
11,1,Low,Medium,Low,High,51.55433362413676,Medium
13,1,Medium,High,Low,Medium,41.770119093427326,Medium
20,1,Low,Low,Medium,Medium,41.32903786788278,Medium
5,3,Low,Medium,Low,High,71.5625512603233,High
2,2,Medium,Medium,Low,High,74.8405114995223,High
8,2,Low,High,High,Low,55.293836256961555,Medium
4,0,Medium,High,Medium,Low,52.582878678186304,Medium
23,1,Medium,High,High,Low,55.847908736248435,Medium
16,1,High,High,High,Low,23.06131337818514,Low
13,5,Medium,Low,High,Low,39.910624120478,Medium
20,4,Medium,Medium,Low,Low,37.687458379616245,Medium
2,2,Medium,Low,Low,Low,37.84004224767572,Medium
0,2,Low,Medium,Low,High,85.28393643398962,High
19,0,Medium,High,Low,High,58.31049522095149,Medium
20,0,Low,Low,Medium,Low,28.786723316628837,Low
22,1,Low,Medium,High,High,91.75224902572651,High
0,2,Medium,Medium,High,Medium,53.65933198454135,Medium
2,3,High,Low,High,Low,41.01461301821034,Medium
17,2,Low,Low,Medium,Medium,37.06671831635797,Medium
9,0,Low,Low,Medium,Low,13.049968987484707,Low
21,1,Low,Low,Low,Low,27.57849462543358,Low
2,4,Low,Medium,Medium,Medium,89.80500225363974,High
7,1,Medium,Medium,High,Low,23.932057778854936,Low
13,3,Low,Low,Low,Low,35.18947201249754,Medium
23,0,High,High,Medium,Low,38.19910598527082,Medium
17,1,High,Medium,High,High,42.925029660542464,Medium
14,3,Medium,Medium,Low,Medium,40.160552164952655,Medium
21,2,Medium,Low,High,Medium,47.178720084690816,Medium
22,3,Low,Medium,Low,Medium,76.59654556931305,High
1,1,Low,Low,High,Medium,62.46427835262203,Medium
9,1,Medium,Medium,Medium,Low,24.514901248539694,Low
1,2,Low,Medium,Low,High,90.91186321632334,High
16,2,Medium,Low,Low,High,48.52541944215909,Medium
7,2,Low,High,Medium,Low,36.079942376352705,Medium
0,4,Low,Low,High,Medium,86.34789538047644,High
8,1,Low,Low,Medium,Medium,44.63463637635603,Medium
10,2,Low,High,High,Low,52.71647748090041,Medium
21,2,High,Low,High,Low,23.918087684582353,Low
15,2,Low,Medium,Low,Low,28.009151540871194,Low
6,2,High,Medium,Medium,High,51.581160677922995,Medium
9,2,Medium,Low,Low,Low,19.715375236963563,Low
22,2,High,High,Medium,Low,46.13998920480374,Medium
2,1,Medium,Low,Low,Low,28.124993917179285,Low
17,1,High,Low,Low,Medium,19.353355974290018,Low
23,3,Low,High,Medium,High,100.0,High
12,1,Medium,Medium,Low,Medium,31.187066813224003,Medium
6,2,Low,Medium,Medium,Low,42.54219503976443,Medium
3,3,Medium,Medium,High,Medium,66.44754345725448,Medium
12,3,Medium,Low,Low,Medium,34.296862467322406,Medium
19,5,Medium,Low,High,Medium,59.71746278724626,Medium
0,1,Low,Low,Medium,Medium,63.12267615564166,Medium
7,3,Low,High,Low,Low,38.650121318142695,Medium
13,2,Medium,Low,High,Low,19.103188260980698,Low
15,3,Medium,Low,Low,Low,28.295852593893144,Low
13,1,Low,Low,Low,High,47.310035529030046,Medium
11,1,High,Low,Low,Medium,11.200693141111993,Low
18,4,High,Medium,Medium,Medium,48.99457970373597,Medium
22,0,High,High,Medium,High,69.14890757152305,Medium
14,4,High,Low,Low,High,44.2682524679255,Medium
1,2,Low,Low,Low,Low,47.146086306341786,Medium
1,1,High,Medium,High,Low,49.44108111452693,Medium
22,0,Medium,Low,High,High,66.62390852339323,Medium
21,3,Low,High,Medium,High,88.90808023270601,High
18,1,High,Medium,Low,Medium,16.72311515531199,Low
21,1,Low,Low,Low,High,62.40600330250505,Medium
21,2,Medium,High,High,Low,50.86786858876129,Medium
16,0,Low,Low,Low,Low,0.241390708595695,Low
19,5,Medium,Low,Low,Low,33.11108214182355,Medium
9,3,Medium,Low,Medium,High,61.4363096085962,Medium
5,0,Medium,High,Medium,Medium,48.92036005005574,Medium
14,3,Low,Medium,Medium,Medium,46.64594451841145,Medium
21,1,Medium,Low,Low,Low,24.82116731390225,Low
10,0,Medium,Medium,Medium,Low,19.299202035374055,Low
4,1,Low,Medium,Medium,High,78.74121080373632,High
0,1,High,Low,Medium,Low,24.464157793114666,Low
7,1,Medium,Medium,Low,Medium,29.477082304224584,Low
20,0,High,Medium,High,Medium,38.96061914692993,Medium
11,1,Low,Medium,Medium,Medium,42.05082908313764,Medium
11,2,Low,Low,Medium,High,49.56469269842125,Medium
4,4,Low,Low,Medium,Low,60.88977032070717,Medium
6,3,Medium,Medium,Low,Medium,50.45405050469935,Medium
3,1,Low,Medium,Low,Low,40.072578434028514,Medium
5,3,Medium,Medium,Low,Low,43.94934381729233,Medium
12,1,Low,Medium,Medium,Low,21.631669048108456,Low
19,2,Low,Medium,Medium,Low,53.83596308490026,Medium
14,2,Medium,High,Medium,High,62.92022795232883,Medium
2,2,High,Low,Low,Medium,43.148015076651255,Medium
22,1,Low,Low,High,Low,51.325539180177074,Medium
7,0,Medium,Low,Low,Low,0.0,Low
19,3,Medium,Low,Medium,Low,41.94522948685819,Medium
15,1,Medium,Medium,Low,Medium,41.726055321619334,Medium
12,0,High,High,Medium,High,47.35502345712285,Medium
17,2,High,Low,Medium,Medium,24.92737437011004,Low
9,0,Low,High,High,Low,43.6170016459677,Medium
18,1,Medium,Medium,Low,Low,12.771469860059712,Low
16,2,Medium,Medium,Low,Low,16.839193007343283,Low
23,1,Medium,Medium,Medium,Medium,65.38336076975385,Medium
18,5,Low,Low,Medium,Low,49.03743386343006,Medium
22,3,High,Low,High,Low,42.91544930860813,Medium
4,1,High,Medium,Low,Low,35.88956155811028,Medium
20,1,Low,High,Medium,Medium,60.93668550151538,Medium
22,0,Low,Medium,Low,Low,46.62537792326928,Medium
8,0,High,Low,Medium,High,32.02609469431785,Medium
11,2,Low,Low,Low,Medium,29.330457725715675,Low
20,2,Medium,High,Medium,Medium,59.24833513542274,Medium
0,4,Low,Low,Medium,Low,54.09808263648098,Medium
0,0,Low,High,Low,Low,42.46388973023456,Medium
14,1,Low,Medium,Low,Medium,36.03840957472087,Medium
1,1,Low,Medium,Medium,Low,49.418764737352376,Medium
21,1,Low,Medium,Low,Low,25.74163142454639,Low
15,2,Medium,Low,Low,Low,4.880432273480546,Low
7,0,Medium,Medium,Low,Low,0.0,Low
12,1,Low,Medium,High,Low,27.553095460763977,Low
20,0,Medium,Medium,Medium,High,57.15709249054832,Medium
0,3,Medium,Medium,Low,Low,59.85997850928605,Medium
15,2,Medium,Low,High,Low,26.34661011588841,Low
6,1,Medium,Medium,Low,Low,28.603690345728655,Low
4,1,Medium,Low,High,Medium,56.264553946862456,Medium
21,2,High,Low,Medium,Medium,37.364661282935636,Medium
22,1,Medium,Medium,High,Low,46.40049910987343,Medium
2,0,Low,Low,Medium,Medium,62.307255419105736,Medium
11,5,Medium,Medium,Medium,Low,45.711057612890286,Medium
15,4,Low,Low,Low,Medium,50.195721460728926,Medium
18,2,Low,Low,High,Medium,34.467558779879795,Medium
4,0,Medium,Low,Low,Medium,44.37063518167502,Medium
21,3,High,Low,Medium,Medium,48.44802021590507,Medium
13,2,Low,Medium,Low,Low,26.280647948049825,Low
4,6,High,Medium,High,Medium,82.35824937909689,High
14,3,Low,High,Medium,Low,47.19827547358317,Medium
16,1,Low,Low,Low,High,42.770554080043446,Medium
13,2,High,Medium,Low,Low,17.461405448325017,Low
19,1,Medium,Medium,Medium,Low,23.514434036335285,Low
4,3,High,Low,Low,Low,50.23325820714936,Medium
11,0,High,Medium,Low,Low,6.187357565935454,Low
15,4,High,Medium,High,Medium,49.341360294058134,Medium
15,3,Low,Low,Medium,Low,37.75329678668606,Medium
20,1,Low,Medium,High,Low,48.70241633956978,Medium
6,2,High,Low,Medium,Low,18.531249126680848,Low
3,0,Medium,Low,Medium,Medium,40.969317199087406,Medium
0,6,Medium,Low,Medium,Low,45.27592756315167,Medium
4,3,Low,High,Low,Low,62.56739375660385,Medium
22,1,Low,Low,Medium,Medium,64.00118519617901,Medium
9,0,Medium,Low,Medium,Low,5.099595212937972,Low
21,3,Low,Medium,High,Low,53.040536808200066,Medium
4,0,Low,Medium,Medium,Medium,64.08217854499932,Medium
3,2,Low,Medium,High,Low,59.808647292065075,Medium
1,2,Low,Low,Medium,Low,42.29499783127146,Medium
19,3,High,Medium,Medium,Medium,46.319512072416984,Medium
9,2,Medium,Low,Medium,Low,29.770265108520537,Low
18,2,Low,Medium,Low,Low,29.088300279797703,Low
0,2,Low,Medium,Low,Medium,69.43371891788024,Medium
23,3,Medium,Medium,High,High,92.13967017993252,High
4,2,Low,Medium,High,Medium,83.87296495676014,High
12,1,High,Medium,Low,Low,7.644527946734452,Low
3,2,High,Medium,High,Low,54.656596323111906,Medium
15,3,High,Low,Low,Medium,26.678955302724308,Low
23,2,Medium,Low,Medium,Low,40.9365462500172,Medium
15,0,Low,High,Low,Low,23.10815941445403,Low
22,3,Medium,Low,Low,Medium,62.61314803658789,Medium
1,3,Low,Medium,Low,Low,52.70967066182424,Medium
16,2,Low,Medium,Medium,Low,35.373688991737914,Medium
19,1,Low,Low,Low,Low,31.55339919160384,Medium
23,6,Medium,High,Low,Medium,92.15126465441065,High
11,6,Low,Medium,Low,Low,51.27778703745982,Medium
17,3,Low,Medium,Low,Low,30.48030925292434,Medium
2,3,Medium,Low,Low,Low,46.46256416703358,Medium
0,2,High,Medium,Medium,High,78.44048786816882,High
0,0,Low,Low,High,Medium,61.89436800134971,Medium
18,1,Medium,Medium,Low,Low,12.56353296363516,Low
10,1,Low,Medium,Low,Medium,38.08482587112311,Medium
4,0,High,Low,Medium,Low,29.97472181896886,Low
11,4,Low,Medium,Low,Low,42.01256999605539,Medium
2,3,High,Low,Medium,Medium,51.275860326955296,Medium
0,3,Low,Medium,Low,Medium,73.54350609540336,High
0,1,High,Medium,Low,Low,42.94894159699057,Medium
7,2,Low,Low,Low,High,43.9380329875292,Medium
9,2,Low,Low,Low,Low,29.80167766807898,Low
10,1,Low,High,High,High,70.14477835004534,High
11,2,Low,Low,Low,Medium,29.04644449388219,Low
12,0,High,Low,High,High,37.75287616356011,Medium
11,1,Medium,Low,Low,Low,1.7303812321394183,Low
13,0,Medium,Low,High,Low,8.562720294028,Low
1,1,High,Medium,Low,Medium,37.97597227994671,Medium
18,3,Medium,Medium,Low,Medium,49.07203455998368,Medium
17,2,High,Low,Medium,High,39.2353961986058,Medium
2,3,Low,Low,Low,Low,49.31929938018307,Medium
22,2,High,Low,High,Medium,56.14808519884891,Medium
16,1,Low,High,Medium,High,71.31204890063543,High
7,3,Medium,Medium,Medium,High,58.86699417130846,Medium
9,1,Medium,Medium,Low,Low,19.122442235491093,Low
1,2,Medium,Medium,Medium,Medium,63.84542005685214,Medium
18,3,Medium,High,Medium,Medium,53.5288552900718,Medium
8,2,Low,High,High,Low,41.195782994985436,Medium
6,1,High,Low,Low,High,49.34000333156275,Medium
3,4,High,High,High,Low,72.02226394573994,High
20,1,High,High,High,Medium,55.29406291055259,Medium
17,2,High,Low,High,High,51.40127160362296,Medium
12,0,High,Medium,Medium,Low,0.7042154967205487,Low
10,0,High,Medium,Medium,High,37.42702477820029,Medium
23,1,High,Medium,Low,Medium,55.652350608352236,Medium
3,3,Medium,Low,High,High,80.78941666678358,High
20,1,High,Medium,High,Low,29.885921346133937,Low
3,1,High,Low,Low,Low,26.714575124290945,Low
9,0,Medium,Medium,Medium,Medium,29.83745741817108,Low
4,2,Medium,High,High,Low,49.45887597467918,Medium
8,1,Low,Medium,Low,Low,24.714336245976472,Low
23,2,High,Medium,Low,Low,42.38177767853488,Medium
2,1,High,Medium,High,Low,44.356290474679405,Medium
16,1,Low,Low,High,Medium,48.601275989660046,Medium
2,4,Low,Medium,High,Medium,86.49095225186848,High
15,2,Low,Medium,Low,Medium,54.88688991375939,Medium
3,0,Medium,Low,Low,Medium,37.82335702129232,Medium
17,1,Low,Low,Medium,High,41.90551729166407,Medium
16,2,Medium,Medium,Medium,Low,33.03319110114879,Medium
6,4,High,Low,Low,High,67.31614816113606,Medium
23,1,Medium,High,High,Low,55.816582075773795,Medium
22,0,Low,Low,High,Medium,54.48710034491067,Medium
4,3,High,Low,Low,Low,36.74781097351547,Medium
11,1,Medium,Medium,Low,Low,15.532551765236487,Low
16,5,Low,Medium,Low,Low,56.325995756768336,Medium
22,2,Medium,Medium,Medium,Low,41.10281209128455,Medium
12,6,Medium,Medium,Low,Low,36.73813726217652,Medium
22,0,High,Medium,Medium,Low,30.41987675026811,Medium
2,2,High,Medium,Medium,Low,41.09242540913137,Medium
8,1,Low,Low,High,Low,20.11323871707917,Low
16,2,Low,Low,Low,Low,31.64340440551078,Medium
16,0,Low,Low,Medium,Low,9.18838075066406,Low
19,2,Medium,Low,Medium,High,58.80848143681813,Medium
15,2,High,Low,Medium,Medium,18.920516225040174,Low
21,1,Medium,Low,High,High,61.20818514146434,Medium
12,3,Low,High,Medium,Medium,60.042165016942,Medium
18,1,High,Low,High,High,25.778331459926136,Low
16,0,High,Low,Low,Medium,15.840272997648398,Low
3,1,Low,Medium,Medium,Low,49.6725785009434,Medium
11,1,High,Low,Medium,Medium,27.862273089590627,Low
8,2,Medium,Low,High,Low,26.534489764162043,Low
18,3,Low,Low,Low,Medium,42.33244219338855,Medium
11,5,Low,Low,Low,High,72.37674282909117,High
8,1,Low,Low,Medium,Medium,35.567749073761945,Medium
6,2,Low,Low,Low,Low,25.593997805959,Low
13,3,Medium,High,Medium,High,76.5402817546541,High
19,3,Low,Low,High,High,76.46472087197347,High
18,3,Low,Low,High,Low,36.14168116664172,Medium
14,0,Medium,Medium,Low,High,38.22735461442221,Medium
15,3,Low,Low,Low,Low,26.643742738841272,Low
20,3,Medium,Low,Medium,Low,37.837763962608264,Medium
4,2,Medium,Medium,Medium,Low,48.41629578702804,Medium
2,4,Medium,High,Medium,Medium,80.92200690993289,High
11,2,High,Medium,Medium,Low,16.513213646860954,Low
19,1,Low,Low,Medium,Low,41.97599728006038,Medium
20,0,Medium,High,Low,Low,28.35554843637481,Low
3,2,Low,Low,High,Low,64.74931207761958,Medium
20,0,High,Low,Low,Low,1.262486037251259,Low
22,3,High,Low,Low,Low,34.126430985861404,Medium
15,1,Low,Medium,High,Low,29.10070111308721,Low
6,0,Medium,Low,Medium,Low,15.507223548286358,Low
12,2,Low,Medium,Medium,Low,29.71281708573467,Low
20,0,High,High,Medium,High,56.23021808710604,Medium
9,1,Low,Low,Low,High,47.20744470151203,Medium
6,1,High,Medium,Low,Low,27.030817619535757,Low
13,2,Low,Low,Medium,Low,17.94225891687598,Low
4,1,Medium,Low,Low,High,66.57354657207358,Medium
2,0,High,Low,Medium,Medium,43.43236802671815,Medium
22,1,High,Medium,High,Medium,51.15473202838757,Medium
10,0,Low,Low,Medium,Low,9.26927066661813,Low
10,2,Medium,Medium,High,Low,30.151029743185198,Medium
17,2,Low,High,High,Medium,57.21988447754689,Medium
14,1,Medium,High,High,Medium,53.22590956692075,Medium
11,2,Low,Low,Medium,Low,25.960344265884242,Low
8,3,Low,Low,Low,Low,20.741872178767814,Low
9,1,Medium,Low,Medium,High,33.29769479380528,Medium
11,2,Low,Medium,Medium,Low,25.05991611998376,Low
16,3,Medium,High,Low,Medium,48.37087471197611,Medium
5,2,Low,Medium,Medium,Low,45.65601537275134,Medium
6,3,Low,Medium,Medium,Low,55.076589458609654,Medium
13,2,Medium,Low,Low,Low,19.577155405558674,Low
12,2,Low,Medium,Medium,Medium,49.07275494903842,Medium
7,1,Low,Low,Low,Low,23.60353945692293,Low
9,6,Medium,Low,Low,Low,25.625731903756407,Low
8,2,Medium,High,High,Low,27.167465595089446,Low
17,2,Medium,Medium,Medium,High,58.75921780793406,Medium
1,1,Low,Low,Medium,High,79.34809864577774,High
4,1,Low,Low,Low,Medium,57.51914004266577,Medium
4,1,High,Low,Medium,High,64.08762257113062,Medium
5,2,High,Medium,Low,Low,13.148532664027659,Low
18,5,Low,Low,Medium,High,71.1833646060502,High
7,2,Medium,High,High,Low,42.71305715873745,Medium
15,1,Low,Low,High,Low,22.451623777542693,Low
12,1,Low,Low,Low,Low,19.902602558537616,Low
0,2,Low,Low,Medium,High,96.61600995243755,High
21,3,Medium,Low,High,Medium,59.13363368033141,Medium
19,1,Low,Medium,Low,Medium,48.83916718645262,Medium
16,2,High,Medium,Low,High,34.40217656736047,Medium
6,5,Medium,Low,High,Medium,69.29523868611363,Medium
12,1,Low,Medium,High,Medium,34.859658155840634,Medium
3,2,High,Medium,Medium,Low,39.26108281813366,Medium
3,4,Low,Low,Low,High,84.5582948133616,High
5,4,Medium,Low,Medium,High,69.27568383433375,Medium
18,3,Low,Low,Medium,High,63.64996688425387,Medium
11,2,Low,Medium,Medium,Low,28.82320852588733,Low
21,2,Low,Low,Medium,Low,44.31597640568298,Medium
6,1,Low,Low,Medium,Low,40.50950076821624,Medium
9,1,Low,Medium,Medium,Low,26.546727202354923,Low
18,1,Low,High,High,Low,46.431145792306566,Medium
6,3,High,Low,Medium,Medium,39.85894051092361,Medium
2,4,Low,Low,Low,High,82.78323453567269,High
12,0,Low,Medium,Medium,High,58.48364024658691,Medium
12,3,High,Low,Low,Low,14.597054834227311,Low
17,3,Medium,Low,Medium,Low,24.354819352566768,Low
19,2,Medium,Medium,High,Low,51.04370104100806,Medium
7,3,Low,High,Medium,Low,51.99838094076185,Medium
8,5,Medium,Medium,Low,Low,52.413694155426654,Medium
6,3,Low,Low,Low,Low,40.55874791810349,Medium
0,1,Medium,Medium,Low,High,78.06937374649797,High
2,2,High,Low,Low,Low,31.69341764355541,Medium
12,0,Medium,Low,Medium,Medium,12.07760513805772,Low
16,2,Low,High,Low,Medium,57.99258720471428,Medium
23,3,Medium,High,Low,Medium,73.77889977083068,High
0,4,Medium,Low,Low,Medium,76.44483994409016,High
5,0,Medium,Low,Medium,High,49.38308338739998,Medium
20,1,Medium,Low,Medium,Medium,42.71061750830168,Medium
5,1,Medium,Medium,High,High,54.58965018877645,Medium
11,1,Medium,High,Low,Low,26.350199646346812,Low
12,0,High,Low,High,Low,2.5763477682540143,Low
12,1,High,Low,Medium,High,30.3435068999869,Medium
14,2,Low,Low,Low,Low,30.427162145816524,Medium
20,3,Medium,Low,Low,Medium,37.2436230198312,Medium
15,4,Low,Medium,Medium,Medium,63.13033945552283,Medium
21,1,High,Medium,Medium,Low,21.314661436477508,Low
20,4,Low,Low,Low,Medium,62.64101063383934,Medium
10,1,Medium,Low,High,High,42.321873908372176,Medium
4,2,High,Low,Low,High,60.916464735102494,Medium
3,1,Low,Low,Medium,Medium,60.346205291859,Medium
2,2,High,Low,Medium,Medium,45.24477310206279,Medium
18,5,Medium,Medium,Medium,High,78.16306722918371,High
19,2,Low,Low,High,Medium,60.99481281271512,Medium
17,0,Medium,Low,High,Low,2.0730825397107377,Low
14,2,High,Medium,Low,Low,23.4687935670406,Low
8,2,Low,Low,Medium,Low,30.565991669129644,Medium
16,2,Medium,Medium,High,Low,28.611637904702267,Low
13,1,Medium,Medium,Low,Low,5.472611220810016,Low
14,5,High,Medium,Medium,High,63.12804999193898,Medium
0,1,Medium,Low,High,Medium,42.67642378110244,Medium
20,1,Medium,Medium,Medium,High,61.079438599978296,Medium
21,3,High,Low,Low,Medium,45.08067398515402,Medium
21,4,High,High,High,Low,50.65955674712289,Medium
2,4,Medium,Medium,High,Low,65.03530047168452,Medium
15,0,Low,Low,Medium,High,49.95536446395303,Medium
22,1,Low,Low,Medium,Low,41.25838163896264,Medium
10,2,Medium,High,High,Medium,54.34549502610572,Medium
11,1,Medium,High,High,Low,42.627276101080994,Medium
9,1,Low,High,High,Low,44.41704649752415,Medium
15,1,Low,Medium,Medium,Low,21.813237527040556,Low
7,5,Medium,Medium,High,Medium,60.84924146789158,Medium
5,3,Low,Medium,Medium,High,86.34378679945209,High
11,4,Low,Low,Low,Medium,51.99895883938317,Medium
23,1,Low,Low,Medium,Medium,53.56381705847292,Medium
20,1,High,Medium,Medium,High,57.63070835001816,Medium
7,1,Medium,Low,High,Medium,27.726199396578316,Low
3,1,Low,Medium,High,High,84.26841716558704,High
7,1,Low,Low,Low,Low,19.31910032024343,Low
17,2,Medium,Medium,Medium,High,64.58238564097216,Medium
4,0,High,Low,Medium,Medium,34.52484014589966,Medium
8,2,Medium,Low,High,Low,22.71598510615858,Low
3,7,Low,Low,Low,Low,64.5165956277398,Medium
21,2,Medium,Low,Medium,Low,31.659539999453283,Medium
16,3,High,High,Medium,Low,33.6424869576491,Medium
8,1,Low,Medium,High,High,58.5353547953292,Medium
0,2,Medium,High,Medium,Medium,68.30225479446818,Medium
20,2,Low,Low,Medium,High,70.76830664651212,High
19,3,Low,Low,High,Medium,63.781528698867355,Medium
12,1,Low,Low,Medium,Medium,38.726469460912185,Medium
15,4,Medium,Low,Low,Low,14.42333449215234,Low
12,3,Low,Low,Low,Medium,49.557167846364756,Medium
13,3,Low,Low,High,Medium,59.49340780210044,Medium
2,7,Low,High,Low,High,100.0,High
5,3,Low,High,Medium,Medium,78.96321657657636,High
17,5,Medium,High,Medium,Medium,70.85717393507458,High
18,3,Low,High,High,Low,50.91597183248369,Medium
4,2,Low,Low,Medium,Medium,67.39201272193021,Medium
14,2,High,Medium,Medium,High,51.91218595517,Medium
1,1,Medium,Low,Low,Medium,42.86008243568511,Medium
9,3,Medium,Low,Medium,Low,22.82414523955485,Low
23,0,Low,Medium,Low,Low,30.88309087063614,Medium
17,1,Medium,High,High,Low,26.250736562983,Low
12,1,Low,Medium,High,Medium,55.788907535272386,Medium
4,2,Low,Medium,Low,Low,57.318213991946735,Medium
22,2,Medium,Low,Low,High,62.22246573611801,Medium
23,0,High,Low,Medium,Low,16.597202280707833,Low
0,3,Medium,Low,Medium,Low,62.13522018575041,Medium
21,1,Low,High,Medium,Medium,58.79032851974127,Medium
0,0,High,High,High,Medium,56.0144332622259,Medium
17,3,Low,Medium,High,High,77.5951566527522,High
14,2,High,Low,Medium,Low,6.014718133686632,Low
16,0,Low,Low,Low,Low,12.25772706967558,Low
10,3,Low,Low,Medium,Low,32.16983890683872,Medium
20,2,Medium,High,High,Low,40.96336340798347,Medium
21,1,High,Low,Medium,High,47.30036271466639,Medium
16,2,High,Low,Medium,Low,12.95737226302906,Low
12,2,Medium,Low,Low,High,35.65702008240482,Medium
0,3,Medium,High,High,Medium,85.12577561876834,High
1,5,Medium,Medium,High,Medium,90.18209503924771,High
8,2,Medium,Medium,Medium,High,47.86419444221098,Medium
2,0,High,Low,Medium,Low,26.91223724844774,Low
0,2,Low,Low,Low,Low,48.37928157895509,Medium
20,0,Low,Low,High,Medium,42.938035863368775,Medium
15,2,High,Medium,High,Low,21.444840712632068,Low
22,3,High,High,Medium,High,90.36732266975409,High
5,0,Low,Low,Low,High,48.4564893466711,Medium
16,2,Low,Low,Low,High,55.469887429649226,Medium
4,1,High,Medium,Medium,High,63.18795196832285,Medium
4,2,Medium,Medium,Low,Medium,55.626057252166156,Medium
5,3,Medium,Low,Medium,Medium,41.28595088320576,Medium
2,4,Low,Low,Low,Low,48.68063139922144,Medium
20,0,High,Medium,Low,Medium,30.906824289981817,Medium
22,0,Low,Medium,Medium,Low,35.266408671604566,Medium
4,1,Low,High,High,High,96.96248676702758,High
20,1,Low,High,Medium,High,77.4909760837245,High
4,6,High,Low,Medium,Low,65.31677202391235,Medium
9,3,Medium,Medium,Low,Low,29.64410121843543,Low
9,1,High,Low,Medium,Low,8.062042500275448,Low
18,3,Low,Medium,High,Medium,54.96238681743226,Medium
16,2,High,Medium,Low,Medium,26.614121670358625,Low
20,1,High,Medium,Low,Medium,33.47585316899868,Medium
13,2,High,High,Low,High,52.787582469015376,Medium
8,3,High,Medium,Medium,Low,21.49557145492372,Low
13,1,Low,High,Medium,Medium,54.423284664705726,Medium
0,6,Medium,Low,Low,Medium,67.66360906466441,Medium
18,2,High,Low,Low,Low,13.691884813966325,Low
12,0,High,Medium,High,Low,6.0692966178426175,Low
12,2,Medium,High,Medium,High,66.47696179593663,Medium
3,3,Low,Low,Medium,High,98.58242581724329,High
0,1,Medium,Low,High,Medium,64.60886171064678,Medium
16,3,Medium,Low,Low,High,42.84297591285591,Medium
7,0,Low,Medium,High,Low,32.914681254691025,Medium
1,1,High,Medium,High,High,58.67073741685783,Medium
7,2,Low,Medium,Low,Low,20.662796862509502,Low
6,1,Low,High,Medium,Medium,66.6041945968902,Medium
1,1,Medium,Medium,Medium,Low,45.62506682003563,Medium
21,3,Medium,Low,High,High,71.61133500201132,High
21,3,Low,Medium,Low,Low,45.08167397368021,Medium
2,1,Low,Medium,High,Low,50.30517623962176,Medium
17,0,Low,High,High,Low,23.15337513075522,Low
11,2,Low,Low,High,Low,24.830799739022257,Low
0,5,Low,Low,High,Low,76.90159742175446,High
21,0,Low,Low,Medium,Medium,46.162007454253114,Medium
11,1,Low,Medium,High,Low,33.779126630814666,Medium
4,2,Medium,Low,Low,Low,38.176129343388126,Medium
16,1,High,Medium,Medium,Low,23.15885681618419,Low
15,3,Medium,Medium,Medium,Low,38.43963545929785,Medium
14,2,Medium,Low,Medium,Medium,36.663442822117716,Medium
22,2,Low,Medium,Low,Medium,76.93534846378937,High
14,4,High,High,Medium,Low,41.09682165338945,Medium
4,4,Medium,Medium,Low,Low,59.86986341104866,Medium
20,0,Medium,Low,Medium,Medium,26.362081583493428,Low
13,3,Low,Low,Medium,Medium,49.27756548569116,Medium
1,3,Low,Medium,High,Low,65.12514615668299,Medium
10,1,Medium,Low,Low,Low,13.443161977391258,Low
18,4,Medium,Medium,High,Low,43.749872195068136,Medium
6,3,High,High,Low,Low,38.43205730944708,Medium
5,1,Low,Medium,Medium,Low,44.212174124123266,Medium
1,1,Low,Low,Medium,Low,51.731248628416466,Medium
5,1,Medium,Low,Medium,Low,16.771071590940174,Low
17,1,High,High,High,Medium,38.457616584243205,Medium
1,1,Low,High,High,High,89.1681425726894,High
17,1,Medium,Low,High,Medium,28.761847688301287,Low
14,1,Low,Low,Medium,Medium,43.008333322431056,Medium
18,6,Medium,Medium,Medium,Low,42.003681132334734,Medium
1,2,High,Low,Medium,Low,39.48410696223786,Medium
19,0,High,Low,Low,Low,3.725929877496585,Low
5,2,Low,Low,High,Medium,62.10009071618087,Medium
0,1,Low,Low,High,Medium,63.62048571931889,Medium
23,2,Medium,Low,Low,High,71.57641187464341,High
14,3,Low,Low,High,Low,41.206823222754366,Medium
22,2,Medium,Low,High,Low,38.67248506647724,Medium
9,1,Medium,Medium,Medium,Medium,28.898729139100084,Low
18,4,Low,Medium,Low,Medium,54.52826148151247,Medium
16,2,High,Low,High,Low,25.65174995031913,Low
4,5,Low,High,Medium,Medium,100.0,High
3,0,High,Low,Medium,Low,24.600974907285302,Low
9,1,High,Low,Medium,Medium,36.43983487638811,Medium
23,0,Medium,Low,Medium,Low,21.134243889727024,Low
16,2,Low,Medium,Medium,Medium,47.58569101003991,Medium
9,1,High,Low,Medium,Medium,27.050933322649236,Low
16,2,High,Low,Medium,High,41.26506865171672,Medium
19,2,Low,Medium,Medium,High,70.90905439098931,High
23,2,Low,Medium,High,Medium,80.38657313581867,High
4,3,Low,Medium,High,Low,85.05540437716928,High
1,1,High,Medium,Medium,Low,32.9854998003897,Medium
5,1,High,High,High,Low,32.60905850712366,Medium
20,3,High,Low,High,Low,26.546251600273308,Low
1,2,High,Low,Low,Low,29.481629777077906,Low
12,5,Medium,High,High,Medium,75.49660027448466,High
10,2,Low,Medium,Low,Low,39.40562815668896,Medium
10,0,Low,Medium,Low,Low,10.407213599152985,Low
15,1,Low,Low,Medium,Medium,38.6527706150904,Medium
10,2,Medium,Low,Medium,Medium,35.64212499449642,Medium
18,2,High,Low,Medium,Medium,21.90576242162193,Low
14,4,High,Low,High,Medium,46.451339921781205,Medium
22,2,Low,Low,Low,Low,49.25559055121962,Medium
22,2,Medium,Low,High,Low,51.55197013984709,Medium
15,1,Medium,Medium,Medium,High,34.641525128668725,Medium
10,3,Medium,Low,High,Low,27.747029357696004,Low
21,3,Medium,Low,Medium,Medium,53.8854796204403,Medium
15,4,Low,Low,Medium,Low,44.281092724035474,Medium
7,5,High,Low,Medium,High,63.83781569639015,Medium
3,0,Medium,Low,Medium,Medium,36.75901928265974,Medium
7,0,High,Low,Low,Medium,18.562265800025152,Low
3,3,Low,Low,Medium,Low,61.47349921336668,Medium
23,0,Low,Medium,Low,High,73.11317900675023,High
2,2,Low,Low,Medium,Medium,66.21588894337853,Medium
2,4,High,Medium,High,Low,70.58240773862254,High
17,3,High,High,Low,Medium,48.27391040363134,Medium
18,0,Medium,Medium,Medium,Low,12.933852278362957,Low
18,0,High,Low,High,Low,0.0,Low
20,2,Medium,Low,Low,Low,22.63977619233078,Low
4,2,Low,Medium,Low,Medium,64.88495280860425,Medium
17,1,Medium,High,Low,Medium,26.493994702687406,Low
9,2,High,High,Low,Medium,39.34278351053595,Medium
21,0,Low,Low,Low,Medium,26.477560830172997,Low
20,3,Low,Medium,Medium,Medium,63.225993386187504,Medium
5,0,Medium,High,Medium,Low,30.144078170620833,Medium
0,0,Low,Medium,High,Low,42.241918320483286,Medium
4,1,High,Low,High,Low,40.11234442855345,Medium
8,2,Medium,Low,High,Low,19.314735822616566,Low
11,1,Low,Low,Medium,High,36.217507985737356,Medium
13,4,Low,Low,Low,High,69.03909667718182,Medium
1,5,High,Medium,Medium,Low,72.61596673474175,High
16,1,Medium,High,Low,Low,23.080112045434316,Low
13,2,Medium,High,Medium,High,65.7166347322416,Medium
12,3,Low,Low,High,Low,37.94190396978471,Medium
8,3,High,Medium,Low,Medium,39.4246989287159,Medium
14,2,Medium,Low,Medium,Low,12.763178662209818,Low
21,0,Medium,Medium,Medium,Medium,34.52227231129297,Medium
14,0,High,Medium,High,High,34.679397038248695,Medium
23,0,Low,Low,Low,High,65.72144104063877,Medium
10,3,Medium,Low,Low,Medium,36.87167167601922,Medium
15,1,Low,Low,High,Medium,42.79447599157729,Medium
16,5,Medium,Low,Low,Medium,42.48346634629899,Medium
3,2,Low,High,Medium,Low,65.83556864254703,Medium
0,3,High,Low,High,Low,44.81129058334415,Medium
7,4,Low,Low,High,High,68.97681665222179,Medium
16,0,Medium,Low,Low,Low,0.0,Low
2,0,High,High,Medium,Low,38.83166223520589,Medium
19,0,High,Low,Low,Medium,20.20736498497387,Low
14,1,Medium,Low,Medium,High,39.715138051644544,Medium
14,1,Medium,Medium,Medium,Medium,29.804068360354535,Low
23,1,Low,Low,High,Medium,65.74319256903888,Medium
21,1,Low,Low,Medium,Medium,63.25041702720581,Medium
13,2,Medium,Medium,Medium,Medium,43.69843291098403,Medium
22,1,Low,Low,Medium,Medium,57.15044793165477,Medium
13,1,Low,High,Low,High,60.66639674645128,Medium
23,3,Low,Medium,Low,Medium,75.3175911745749,High
1,1,Medium,Medium,Low,Low,39.694841802010295,Medium
12,2,Medium,Low,High,High,49.96967341629135,Medium
13,1,Low,Medium,Medium,Medium,40.28656650531415,Medium
23,2,Low,Medium,Low,Low,51.97669339827031,Medium
18,3,Medium,Low,Medium,Low,25.871762468860844,Low
6,3,Medium,Low,Low,High,58.42513423513423,Medium
2,0,Medium,Low,Low,Low,28.43216945282769,Low
14,2,High,Medium,High,Medium,36.692289359275605,Medium
22,0,Low,High,High,Low,48.17604436330063,Medium
13,3,Low,Medium,Low,Low,29.658588748732512,Low
10,3,Low,Medium,High,Medium,49.397320394403266,Medium
14,1,Medium,Low,Medium,Low,11.24113040798201,Low
12,0,Medium,Medium,Medium,Low,1.804853410185105,Low
17,1,Low,High,Medium,Low,33.00467218740879,Medium
5,1,Medium,Low,Low,High,45.7863633430077,Medium
2,1,Medium,Low,Low,High,59.51993714270463,Medium
18,2,High,Low,Low,Medium,27.282855743094572,Low
14,4,Medium,Low,Low,Medium,45.32498303395375,Medium
22,2,Medium,Medium,Low,Medium,55.541909581416604,Medium
4,3,Medium,High,Low,High,88.8848750763176,High
9,2,High,Low,Medium,Medium,23.471310057390934,Low
6,3,High,Low,Medium,High,61.53155990911593,Medium
16,3,Medium,Low,Low,Low,17.501106312963415,Low
6,0,Medium,High,Low,Low,30.717924252415443,Medium
21,1,Medium,Low,Low,Medium,26.199915468394547,Low
11,2,Medium,Low,High,Low,21.36876754744317,Low
16,3,Medium,Low,Low,Low,9.581868093286982,Low
12,0,Low,Low,High,Medium,28.314843485070014,Low
19,1,High,Medium,Medium,Low,25.60750706678673,Low
3,4,Medium,Low,High,Medium,60.29296459618453,Medium
9,2,High,Medium,Medium,Low,5.87499594278896,Low
2,1,Medium,Medium,Low,Medium,47.057965257353004,Medium
8,1,Medium,Low,Medium,Low,4.365682360470548,Low
12,1,Low,Low,Medium,High,44.99080692711574,Medium
17,3,Medium,High,Medium,Low,34.85467675238898,Medium
14,1,Medium,Medium,Medium,Medium,34.83972725241334,Medium
3,2,Low,Medium,Low,Medium,81.75808525025215,High
14,5,High,Medium,Medium,Low,33.23130546280025,Medium
21,0,Low,High,High,Medium,63.288247931141136,Medium
1,3,Medium,Low,High,High,88.47171662014618,High
14,2,Low,Low,Medium,Low,32.39916853266073,Medium
7,1,High,Low,Low,Low,0.0,Low
7,1,Low,Low,Low,Low,21.238643909498204,Low
16,3,Medium,Low,High,Low,33.74392108022535,Medium
11,1,Low,High,High,High,79.18555087630102,High
18,1,Medium,High,High,Low,39.41114321759368,Medium
9,1,High,Low,Medium,Medium,13.398669925845937,Low
8,2,Low,Low,High,Low,31.438198768364007,Medium
4,1,Medium,Low,High,Low,34.85788754967054,Medium
5,2,Low,High,Medium,Low,46.16182237469836,Medium
19,3,Medium,Low,High,Low,40.871593185257474,Medium
1,2,Medium,Medium,Low,Medium,61.206420256448006,Medium
23,3,Medium,High,Medium,Low,64.0253338715888,Medium
12,2,Medium,Low,High,High,47.15086921266155,Medium
5,1,Medium,Medium,Low,Medium,55.69440749372109,Medium
4,2,Low,Low,Medium,Low,60.05332347009514,Medium
0,3,Medium,Medium,Low,Low,48.488536616887295,Medium
20,2,Low,Low,High,Low,41.85867293356523,Medium
21,0,High,Low,Medium,Low,13.971669463405243,Low
20,3,High,High,High,Low,55.16397013187224,Medium
5,1,Low,Medium,Medium,High,72.89325632072959,High
5,1,Low,Low,Medium,High,62.68830715621973,Medium
22,4,Low,Low,Low,High,80.49525473325505,High
15,3,High,Low,High,Low,32.77776767735986,Medium
3,3,High,Medium,Medium,Low,46.21338385053041,Medium
10,2,Low,Low,Medium,High,62.36744675172026,Medium
23,1,Medium,Medium,Low,Medium,54.18842338058297,Medium
22,1,Low,Low,High,Low,56.50099811772215,Medium
8,0,Medium,Low,Medium,Low,0.0,Low
22,4,Medium,Medium,High,Low,61.18844432668299,Medium
2,3,Medium,Low,Medium,Medium,61.158369450359764,Medium
18,0,High,High,Low,High,35.4995704853503,Medium
7,0,Medium,Medium,Medium,Low,8.779693549814638,Low
4,6,Low,Low,High,Low,80.7468735499124,High
3,2,Medium,Medium,High,Low,56.31505678354696,Medium
23,6,Medium,Low,Medium,Low,67.68606146237121,Medium
5,0,High,Low,High,Medium,30.392362523325975,Medium
1,2,Low,Low,Low,Medium,61.047024851680945,Medium
19,0,Medium,Medium,Medium,Low,16.15354446653098,Low
10,1,Medium,Low,Medium,Medium,31.28618590924002,Medium
3,6,Medium,Low,Low,Low,54.03279607539258,Medium
14,1,Low,Low,Medium,Medium,36.167733132470595,Medium
5,2,High,Low,Medium,Medium,34.64403408732692,Medium
21,1,Low,Low,Medium,Low,49.07508925813447,Medium
16,1,Low,Low,Low,Medium,31.738195991151393,Medium
23,4,High,Low,Medium,Low,43.71027596169867,Medium
5,5,Low,Low,Medium,Low,49.04430147789528,Medium
18,3,Low,Low,Medium,Low,35.169842800862234,Medium
1,1,Medium,Medium,High,Low,42.47992309385324,Medium
14,2,Low,Medium,Low,Medium,42.29295893941124,Medium
10,3,High,Low,High,Low,11.83285797301598,Low
7,3,Medium,High,High,Medium,57.40241700008168,Medium
18,3,Medium,Low,Medium,High,52.33770411712774,Medium
12,3,Low,Low,Medium,Low,43.1475113765956,Medium
11,2,Low,Medium,Medium,Low,30.784675639970803,Medium
4,3,Medium,Medium,Medium,Low,41.81717708404061,Medium
5,5,Medium,High,Medium,Low,60.66617232337112,Medium
21,0,High,High,Medium,Low,34.81758042358806,Medium
3,1,Low,Low,Low,Medium,59.66282600857807,Medium
18,3,Medium,High,Medium,Low,44.51766152168748,Medium
19,1,Low,High,High,Medium,69.71222902632385,Medium
0,0,Medium,Low,Low,Low,22.367279342647674,Low
19,1,Medium,High,High,Low,35.254334627516585,Medium
16,3,Low,Low,Low,Low,22.10383971300629,Low
11,3,Medium,Medium,Medium,Low,26.387309135647097,Low
14,3,Low,Low,Medium,Low,35.80412908564256,Medium
0,2,Medium,Low,Low,Medium,51.517335818439946,Medium
13,2,Medium,Medium,High,Medium,32.204584589783764,Medium
5,2,Low,Low,Medium,Low,39.92099562798631,Medium
4,3,High,Medium,Low,Medium,68.33617912906918,Medium
10,2,Medium,Medium,Medium,Low,14.531676256057143,Low
3,1,High,Low,Medium,Low,33.29841712432165,Medium
12,2,Low,Low,High,High,47.33391978707786,Medium
10,3,High,Medium,Medium,High,49.74548005052044,Medium
2,1,Low,Medium,Low,High,71.29771445394405,High
0,3,Medium,Medium,Low,Low,55.107987477444674,Medium
5,1,High,Medium,Medium,High,64.98751986351556,Medium
17,1,Low,Medium,Medium,Medium,49.37268880278384,Medium
23,0,Low,Low,High,Medium,64.16951301151451,Medium
9,1,High,Low,Medium,High,29.41156829254468,Low
4,1,Medium,High,High,High,88.4972970784054,High
22,0,Medium,Medium,High,Medium,57.43702028049259,Medium
9,0,Low,Low,Medium,High,36.94725649267336,Medium
11,1,Medium,Low,Low,Low,12.456191887461202,Low
1,1,Low,Low,Low,Medium,58.60242930011593,Medium
12,2,High,Medium,Low,Low,13.68706371984796,Low
7,0,Medium,Low,Medium,High,38.92743965519756,Medium
1,2,Medium,Medium,Low,Medium,60.88769102625248,Medium
19,0,Low,Low,Low,High,59.207191418315475,Medium
0,2,High,Low,Low,Low,43.32814138286358,Medium
4,4,Medium,High,Low,Medium,78.32513148525067,High
8,0,High,Low,Medium,Low,0.0,Low
16,1,Low,High,Low,Medium,44.055357844339476,Medium
8,3,High,Low,Medium,Medium,32.10437761652498,Medium
10,3,Medium,Low,Low,Low,26.105968261614304,Low
14,0,Low,Low,High,Low,11.634356056808969,Low
23,1,Medium,Medium,Low,Medium,45.77745428703215,Medium
5,3,Low,Medium,High,Low,57.415752220339435,Medium
22,1,Low,Low,Medium,Low,44.775258076695366,Medium
2,4,Low,Low,Medium,Low,64.15828662872028,Medium
16,0,Medium,Medium,Medium,Low,0.2613462472645658,Low
4,2,Medium,Low,Medium,High,80.24781648624179,High
11,0,Medium,Low,Low,High,31.231844619240178,Medium
17,1,Low,Low,High,Medium,53.681362676914745,Medium
13,2,High,Medium,High,Low,25.481063287974397,Low
20,0,High,Low,High,Medium,27.591403793681344,Low
23,4,Low,Low,Medium,Medium,79.5297416417861,High
10,2,Low,Low,Medium,Medium,49.87734280731151,Medium
8,2,Medium,Low,Medium,Low,11.677199630584528,Low
1,0,Medium,Medium,Medium,Low,40.506982603107524,Medium
11,2,Medium,Medium,High,Medium,45.62663498532161,Medium
2,2,Medium,Low,Medium,Low,44.56439003435398,Medium
2,0,Low,Low,High,High,67.54616892531328,Medium
0,0,High,Low,Low,Medium,38.825380097561876,Medium
7,1,Medium,Medium,Medium,Low,21.37396460437191,Low
21,3,Low,Low,High,Medium,72.40053367506468,High
7,1,Low,High,High,Low,50.63771338570594,Medium
10,4,Medium,Low,Medium,Low,30.23771606553622,Medium
8,0,Medium,Low,Low,Low,1.3749239110243017,Low
4,2,Medium,Low,Low,Low,31.23648860611099,Medium
13,3,High,Medium,Low,Low,19.819629960330225,Low
2,3,Low,Medium,Medium,Low,62.26539633696155,Medium
20,2,High,Low,Medium,Low,28.854087075627948,Low
4,0,Medium,Low,Medium,Low,30.843950187882765,Medium
4,2,Medium,Low,Medium,Medium,50.108340591292695,Medium
18,1,High,Low,Medium,Low,0.0,Low
13,3,Medium,Low,Medium,Low,37.31157374553703,Medium
3,3,Low,Low,High,Low,58.428068447112054,Medium
12,4,High,Medium,Low,Low,31.062681501917282,Medium
9,2,Medium,Low,High,High,50.13301264491924,Medium
17,1,Medium,Low,Medium,Medium,23.5039344938275,Low
7,2,High,Low,Medium,High,48.03466509703166,Medium
7,1,Medium,Low,High,Low,11.271851286051112,Low
6,1,Medium,Low,Low,Medium,31.188171208589814,Medium
7,3,Medium,Low,Low,High,56.249101600557026,Medium
13,1,Medium,Low,Low,Low,3.69179692598338,Low
18,1,Low,High,Low,Medium,38.56364016914833,Medium
5,4,High,Low,Medium,Medium,43.232942600357795,Medium
0,3,Low,Low,Low,High,86.08690662449017,High
22,3,Medium,Medium,Low,Low,46.79298311938703,Medium
14,1,High,Low,Medium,Medium,26.779468528905934,Low
0,4,Low,High,Medium,Low,79.12563247346155,High
16,2,Low,Low,Medium,High,60.57397130444933,Medium
0,2,Low,Medium,Medium,Medium,76.12292178506789,High
14,1,Medium,Medium,Medium,High,54.358668342641955,Medium
22,4,High,High,Low,High,100.0,High
1,1,Medium,Medium,Medium,Medium,61.388428700497904,Medium
13,4,Low,Low,High,Medium,60.09571429085802,Medium
20,3,Medium,Medium,Medium,Medium,63.67292350716541,Medium
7,2,Medium,Low,High,Low,16.616429526415686,Low
7,1,Low,Medium,High,Low,35.24918134326825,Medium
18,1,Medium,Low,High,Low,8.46838703859271,Low
6,1,Low,Medium,Medium,Low,35.4465545474864,Medium
18,5,High,Medium,Medium,High,64.14545419354542,Medium
5,2,Low,High,High,Low,65.61150463762101,Medium
5,0,Low,Low,Medium,Medium,40.15815107433855,Medium
2,2,High,Medium,Medium,Low,39.315946371662655,Medium
6,6,Medium,Low,Low,Low,46.55552415051755,Medium
18,0,Low,Low,Low,Low,0.11642181416256392,Low
7,3,High,Medium,Low,Low,9.773395183611125,Low
9,0,Medium,Medium,Medium,Low,10.482291734747347,Low
19,1,Low,Medium,Medium,Medium,53.38969841624828,Medium
14,1,Medium,Medium,High,Medium,43.26063902617825,Medium
14,0,High,Low,High,Medium,25.20216603182854,Low
0,3,Medium,Medium,High,Medium,73.39100353732113,High
19,2,Low,Low,High,High,70.75196092198108,High
6,2,Medium,Low,High,Medium,42.34203936138985,Medium
3,1,Medium,Low,High,Low,38.34075552598346,Medium
5,2,High,Medium,Low,Low,11.658384729198977,Low
0,3,Low,Medium,Medium,Low,62.29158371970963,Medium
4,2,Medium,Low,Medium,Low,40.515215312680084,Medium
22,0,Low,Medium,Low,Medium,53.289720268694964,Medium
0,4,Medium,Low,High,High,83.13787674841112,High
3,2,High,Medium,Low,Medium,53.20698238666537,Medium
21,2,Low,Medium,Medium,Medium,60.96106987326608,Medium
1,3,Low,Low,Low,Low,58.17696205712546,Medium
9,1,Medium,High,Medium,Low,28.558486723064703,Low
4,3,Medium,Low,Medium,High,82.28697133452904,High
9,0,Low,Medium,Medium,Low,25.436376922001983,Low
0,0,Medium,Low,Low,High,55.68826073438272,Medium
21,2,High,Low,Medium,Low,36.3892483890962,Medium
5,5,Medium,Medium,Medium,High,79.70332260939256,High
12,1,Medium,Low,High,Medium,23.521697410763153,Low
14,3,Low,High,Low,Medium,58.08434100536876,Medium
3,1,High,Low,Low,High,55.638693311385424,Medium
12,0,Low,Low,Low,Low,10.827654206469653,Low
23,4,Low,Medium,High,Low,69.27405368567788,Medium
19,1,Low,Low,Medium,Low,43.74362284276214,Medium
23,3,Medium,Low,Low,Low,40.928138295448385,Medium
14,0,High,High,Low,Low,5.217965502283998,Low
7,1,Low,Medium,High,High,63.585536954171204,Medium
4,0,High,Low,Medium,Low,30.573697930221243,Medium
14,3,High,Medium,Medium,High,64.66547087847947,Medium
3,1,Medium,High,Medium,High,66.61055883113553,Medium
11,1,High,Low,Low,Medium,20.603683924430563,Low
12,3,Low,Medium,Low,High,76.54142648106118,High
1,2,Low,Low,Medium,Medium,62.42847747863849,Medium
18,6,High,High,Low,Medium,54.61017682371246,Medium
18,4,Medium,Medium,High,Medium,49.308280793469876,Medium
3,1,Low,Medium,Medium,Medium,64.64425450405469,Medium
3,1,Medium,High,Medium,Low,44.60860754185772,Medium
10,3,High,Low,Low,Low,18.608574908581602,Low
4,2,Medium,Low,Low,Medium,51.36274229534971,Medium
19,1,Low,Low,Low,Low,9.978058485252376,Low
10,2,Medium,Low,Medium,High,42.3826021316635,Medium
9,0,High,Medium,Low,Medium,13.856049032630409,Low
7,2,Low,Medium,Medium,Low,39.132764177474286,Medium
5,4,Low,Low,Medium,Low,49.593597863521,Medium
5,3,Medium,Low,High,Low,37.43336979580607,Medium
7,2,Medium,Medium,Low,Low,23.857457416854054,Low
22,1,Low,Low,Low,Low,47.346759350224694,Medium
14,1,Low,Low,Low,High,47.60527240543941,Medium
13,0,Low,Medium,Medium,Low,18.075838712051766,Low
10,0,Low,Low,Low,Medium,15.969955842508451,Low
11,3,Low,High,Medium,Low,56.69993630990919,Medium
12,0,Medium,Low,Medium,High,54.33467435338955,Medium
7,3,Medium,Medium,Low,Medium,41.74433159875719,Medium
17,2,Medium,Medium,Low,Medium,36.89836951480419,Medium
0,0,Medium,Low,Medium,Medium,53.02513431414584,Medium
14,4,Low,Low,Low,Medium,38.723822509376596,Medium
7,0,Medium,Low,Low,Low,5.724908683135052,Low
10,2,Low,Low,Medium,Low,28.254469474599503,Low
11,2,Low,Low,Medium,Low,21.385081051698517,Low
11,3,Low,Medium,Low,Low,32.87964044411241,Medium
3,5,High,Medium,Medium,Low,54.107011761021475,Medium
15,1,Low,Medium,Low,High,60.75044985590862,Medium
3,0,High,Low,Medium,Low,17.761414466126435,Low
4,2,Low,Medium,High,Low,65.47220722557766,Medium
23,1,Medium,Low,High,High,59.241696098065304,Medium
4,3,High,High,Medium,High,96.36682392854608,High
7,5,Low,High,Medium,High,88.77079621805763,High
9,2,Low,Medium,High,Medium,59.43334644782386,Medium
16,1,High,Medium,Low,Low,7.728671748872723,Low
8,2,Medium,Low,Medium,High,42.358323021712245,Medium
21,1,Low,Low,High,Low,27.956865064970728,Low
18,1,Low,Medium,Medium,Low,34.322648281378484,Medium
13,1,High,Low,Medium,Low,2.8178330707494013,Low
7,3,High,Low,Medium,Medium,33.781756741459745,Medium
8,2,Medium,Medium,Low,Low,15.752026076433484,Low
21,1,Low,Medium,Medium,Medium,54.89782686360141,Medium
10,0,High,Low,Low,Low,0.0,Low
22,1,Low,Low,Low,Low,30.467604400828296,Medium
0,1,Medium,Low,Low,Low,26.907399733706093,Low
13,0,Medium,Medium,Medium,Low,21.450017233778333,Low
4,2,Low,Low,Low,High,72.09568027289083,High
20,1,Medium,High,Medium,High,73.41435043916627,High
13,1,High,Medium,Medium,Low,14.957875500748361,Low
3,2,High,Low,Low,High,65.06787224938778,Medium
21,2,Low,Low,Low,Medium,52.80253088049078,Medium
22,3,Low,Medium,Low,Low,61.12201837105762,Medium
0,4,Low,High,Medium,Medium,90.58572097672024,High
21,1,Low,Low,Low,High,53.530614601582656,Medium
22,2,Medium,Medium,Medium,Low,47.01563224433792,Medium
18,0,Medium,Low,Low,Low,7.5029683886801095,Low
7,2,Low,Low,Medium,Low,17.86453861849976,Low
14,2,Low,High,Medium,Low,40.130825901735705,Medium
20,2,Low,Low,Medium,Low,28.912191985045908,Low
14,2,Medium,Medium,Medium,Medium,35.507128482052295,Medium
8,0,Medium,Low,High,High,37.25461066122838,Medium
20,3,Medium,Medium,Low,Low,46.36927004808599,Medium
8,2,Medium,Medium,High,Low,37.019648439872796,Medium
9,2,Medium,High,High,Medium,40.215685967228666,Medium
19,3,Medium,Low,Low,Low,20.929472886950784,Low
20,1,Low,Low,High,High,65.00566906456638,Medium
8,0,Medium,Medium,High,High,50.56881464532267,Medium
2,3,Low,Low,High,High,81.3831520979965,High
19,0,Low,Medium,Medium,Medium,46.777442472687156,Medium
10,1,High,Medium,Medium,Low,19.21379502455885,Low
5,5,Low,Low,Low,Low,58.942224583432775,Medium
1,1,Medium,Medium,Medium,Medium,56.173650423862746,Medium
6,1,Medium,Medium,Low,High,43.99274106545902,Medium
17,5,Low,High,Low,Low,62.2950572379912,Medium
1,5,Low,Low,High,Low,67.47629239617676,Medium
16,4,Medium,Low,Low,High,57.22646575937988,Medium
10,2,Low,Low,Medium,Low,20.60434522345136,Low
11,0,Low,Low,Low,Low,10.605185284314869,Low
18,1,High,Low,Low,High,32.86043720031293,Medium
21,5,Medium,High,Medium,Low,69.70521164065947,Medium
23,3,Low,Low,Low,Low,44.55346480414643,Medium
6,0,Low,Low,High,Medium,39.71003417340725,Medium
19,1,Medium,Low,Low,Medium,42.681799275452576,Medium
5,1,Low,Low,Low,Low,29.389224891927224,Low
20,2,Low,Low,Low,Low,28.84205595114732,Low
23,4,Medium,Medium,Low,Medium,76.33795218310199,High
0,2,Low,Low,Low,Medium,56.00486066258047,Medium
16,1,Medium,Low,Medium,Low,11.17256555552208,Low
10,1,Medium,Low,Medium,Low,5.893991175679973,Low
21,3,Low,Medium,Low,Medium,70.45760049540638,High
17,2,Low,Low,Low,Medium,31.86165448934401,Medium
20,3,Medium,Low,High,Medium,37.07671168183286,Medium
16,2,Medium,High,Medium,Medium,44.308744836596475,Medium
6,1,Low,Low,Medium,Medium,42.99688849946138,Medium
16,0,Low,Medium,Medium,Low,20.534794199852147,Low
19,4,High,High,Medium,High,84.34179116396369,High
8,5,Low,Low,High,High,70.90872799724251,High
16,3,High,Medium,High,Medium,39.337049925906186,Medium
19,0,Low,High,Low,Low,37.96476753714365,Medium
21,1,Low,Low,Low,Medium,39.04332429909615,Medium
21,4,Medium,High,Medium,Medium,71.39004111441521,High
7,3,Low,Low,High,Low,39.22640848968443,Medium
16,2,Low,Low,Low,Medium,37.08137432315932,Medium
6,2,Low,Medium,Medium,Medium,67.60071777027387,Medium
0,2,High,High,Medium,High,76.3103070701495,High
12,4,Low,Medium,Medium,Low,42.528508643133726,Medium
22,1,Medium,Low,Low,Low,39.95971837367178,Medium
18,0,Medium,Medium,Low,Medium,18.59460623860114,Low
23,1,Medium,Medium,Low,High,83.70236790805832,High
18,5,Medium,Low,Low,Medium,50.797850119254264,Medium
16,4,Low,High,Low,Medium,60.06941033433911,Medium
12,1,Low,Low,Medium,Low,23.51241972525802,Low
15,4,Low,Low,High,Medium,58.77859000142176,Medium
7,5,Low,Low,Medium,High,65.27153617094086,Medium
18,0,Low,Low,Medium,Medium,38.26546903911543,Medium
17,1,Low,Medium,Medium,High,62.928232504159936,Medium
0,2,High,Low,Low,Medium,55.860151299213676,Medium
13,1,High,Medium,Low,High,45.281521641392295,Medium
18,4,Low,Low,Low,Low,36.09386940390082,Medium
14,2,Low,Low,High,Low,36.47922020545245,Medium
17,2,Low,Medium,High,Low,29.984272474727415,Low
1,3,Low,Low,Medium,Low,68.90216858740492,Medium
21,1,Low,Medium,Medium,Low,44.471042452056416,Medium
16,1,High,Medium,Medium,Medium,16.2808880795809,Low
17,0,Low,Medium,Medium,High,43.034712594795394,Medium
5,4,Low,Medium,Medium,Medium,74.7261816215287,High
18,2,Low,Medium,Medium,Low,28.662287136105146,Low
3,1,High,High,High,High,83.11955273493004,High
0,2,High,Low,Medium,Medium,45.08610502976754,Medium
7,1,Medium,Medium,Medium,Medium,25.364286636153118,Low
22,1,Medium,Low,High,High,65.75796522159608,Medium
6,0,Low,Low,Medium,High,75.61221790425256,High
2,0,Low,Low,Medium,Medium,47.43147439741862,Medium
9,2,Medium,High,Medium,High,69.54123386538369,Medium
9,2,High,Medium,High,Medium,33.45327560746963,Medium
18,7,Low,Low,Medium,Low,43.4669152340355,Medium
13,3,Low,Low,Medium,Medium,47.74805389154813,Medium
1,3,Medium,High,Low,Low,58.627369257644546,Medium
0,5,Low,Low,High,Low,73.33977976556001,High
22,3,Medium,Low,Medium,Medium,64.02889629593548,Medium
22,1,Low,High,Medium,Low,52.03754811466575,Medium
17,2,Low,Medium,High,Medium,52.206838559005014,Medium
6,0,Medium,Low,High,Medium,34.66525045333094,Medium
7,2,High,Low,High,High,48.33043916194449,Medium
0,3,Low,High,Low,Low,67.31262989546582,Medium
22,5,Low,High,Medium,High,100.0,High
2,2,Low,Low,Low,High,73.08333765613276,High
23,1,Medium,Low,Low,Medium,42.686765568098494,Medium
22,3,High,Low,High,Medium,62.87028646276078,Medium
7,0,Low,Medium,High,Low,19.828551502827615,Low
21,3,Low,Medium,Medium,High,78.61160383069503,High
14,3,High,Low,Low,Medium,25.031884394199015,Low
4,5,Medium,Medium,Low,Low,60.34820722006982,Medium
2,2,Medium,Medium,Medium,Low,49.3437186108641,Medium
18,0,Low,Medium,Low,Medium,27.65703126035414,Low
0,1,Low,High,Medium,Low,64.75314559757133,Medium
14,3,Medium,Low,Medium,Medium,35.36947326134653,Medium
7,4,Medium,Low,High,Low,34.422958513843525,Medium
1,4,Medium,Medium,Low,Medium,64.63222425902097,Medium
2,3,Low,Medium,Medium,Medium,62.851966640891334,Medium
23,1,Medium,Low,High,High,74.65821803579932,High
13,0,High,Medium,Medium,Medium,23.252554680203744,Low
23,2,High,Low,Low,Medium,50.27951269917272,Medium
13,3,Low,Low,Low,High,65.90551666760702,Medium
10,2,Medium,Low,High,Medium,29.362471074283633,Low
15,1,Medium,High,Medium,High,45.14813321921636,Medium
3,3,High,Medium,High,Low,59.86893818789119,Medium
19,1,High,Low,Low,High,46.91225243958197,Medium
4,3,High,High,High,Low,68.63594237771395,Medium
21,3,High,Medium,Medium,High,76.9508519091249,High
20,4,Low,Medium,Low,Low,46.95950269286476,Medium
13,2,Medium,Low,High,Low,25.621123781014425,Low
22,1,Medium,Low,Medium,Low,33.47840639960778,Medium
15,3,Low,Medium,High,Low,49.79783269634516,Medium
17,1,Low,Medium,High,Low,43.016002547466364,Medium
6,5,Low,Medium,Low,Medium,75.16475029794724,High
9,2,High,Medium,Medium,High,44.52638672714899,Medium
6,3,Low,Medium,Medium,Low,43.8644375014303,Medium
0,0,High,Low,Medium,Low,10.476518804208496,Low
22,1,Medium,Medium,Medium,Medium,66.71056947005327,Medium
20,4,Medium,Low,High,Low,53.0876187000152,Medium
18,1,Low,Low,Low,High,52.06875402764655,Medium
15,5,Medium,Low,Medium,Low,32.19822843390303,Medium
18,0,Medium,Medium,Low,Medium,27.724845202295874,Low
3,2,Low,High,Low,Low,64.83533361589274,Medium
17,4,High,Low,High,Low,20.035342409529125,Low
1,2,Medium,Low,Low,Medium,58.89114181332967,Medium
0,2,Low,Low,Low,Low,50.058162703677226,Medium
14,2,High,High,Low,High,57.4185003536403,Medium
4,1,Low,Medium,Medium,Medium,69.95790816645503,Medium
19,2,Medium,High,Low,High,70.80073236587111,High
10,1,Medium,High,Medium,High,58.11964742163083,Medium
9,2,Low,Low,Medium,Low,24.290953452223963,Low
1,2,Medium,Low,Low,High,70.64224412467799,High
2,0,Medium,Low,Medium,Low,40.70782409773426,Medium
22,3,Medium,Low,Low,Medium,60.7777416157499,Medium
22,2,Low,Low,Medium,Medium,72.70085785885946,High
11,0,Low,Low,Medium,Low,6.91435988220963,Low
19,3,Low,Medium,Low,Low,52.87853104332869,Medium
4,2,High,Medium,Low,Medium,58.059169595193794,Medium
4,4,Low,Low,Low,High,95.4531175373859,High
5,0,Medium,Medium,Medium,High,51.45225421766951,Medium
8,3,High,Low,Low,Medium,33.909598875825544,Medium
1,2,High,Medium,Low,Low,35.68422855791064,Medium
20,2,High,Medium,Low,High,63.831688195036705,Medium
11,3,High,Low,High,High,58.24411423664699,Medium
2,2,Low,Medium,Medium,Low,52.366208329136875,Medium
19,2,Low,Medium,Low,Low,44.18466066284462,Medium
21,1,Low,Low,Low,High,56.6800235129979,Medium
11,0,Low,Low,High,High,50.92273126310259,Medium
23,1,Medium,High,Low,Low,47.23697988775724,Medium
16,3,Low,Low,High,High,64.6544794350187,Medium
9,1,Medium,Medium,Low,Medium,25.509256572642826,Low
23,2,Low,Medium,Low,High,93.65147739538679,High
13,0,Low,Low,Medium,Low,9.549633538708225,Low
22,0,Medium,Low,Medium,Medium,40.727827436099545,Medium
16,1,Low,High,High,Low,32.46525647248659,Medium
17,1,Medium,Low,High,High,49.137031017938135,Medium
18,4,High,Medium,Medium,Low,37.22385019174554,Medium
16,2,High,Medium,Medium,High,51.356958765156264,Medium
13,3,Low,Medium,High,Low,39.379695885456,Medium
8,0,High,High,Medium,Medium,19.77377768522295,Low
7,1,Low,Medium,Low,Low,27.358586186654332,Low
1,2,Medium,Medium,Low,Low,50.39398889240709,Medium
12,2,Low,High,Low,Low,34.940762979884056,Medium
6,6,Low,High,High,Low,76.44801879114763,High
8,3,High,High,Medium,Medium,38.57078649426769,Medium
21,2,Low,Medium,Low,Low,37.25938068616017,Medium
21,2,High,Low,High,Low,29.320361726103577,Low
10,2,Low,Medium,Low,Low,29.37173855452325,Low
13,2,High,Low,Medium,Medium,27.13479619319721,Low
3,4,High,Low,High,Low,58.83410451655762,Medium
12,1,Medium,Low,Medium,Low,2.5467563456757176,Low
1,2,Medium,High,Low,Medium,69.23477552225154,Medium
22,2,Medium,Low,Medium,Medium,51.918598459685306,Medium
4,0,High,Medium,Medium,Medium,45.949414205525365,Medium
10,2,Low,Medium,Medium,Low,35.7419637860666,Medium
5,3,Medium,Low,Low,Low,22.407499208884808,Low
17,5,Low,Medium,Low,High,74.08293347962483,High
20,1,Low,Medium,Medium,High,67.51677761751023,Medium
9,0,Low,High,Medium,Medium,47.3814450161991,Medium
3,2,Medium,Low,High,Low,51.60599186889082,Medium
8,2,High,Low,Medium,Medium,15.9707546811657,Low
5,0,Low,Medium,Medium,High,59.99468033346857,Medium
1,2,Medium,Low,High,Medium,59.12022321854563,Medium
16,6,Medium,Low,Low,High,59.09709409919782,Medium
4,0,Medium,Low,Low,Low,27.49383549891397,Low
5,0,High,Medium,Medium,Medium,26.557694920378996,Low
11,3,Low,Low,Low,Medium,41.78335214348892,Medium
22,7,Low,Medium,Medium,Medium,89.52758278986366,High
20,1,Low,High,High,Medium,71.33088636488442,High
9,1,High,Medium,High,Medium,32.444542409104685,Medium
21,3,High,Low,Medium,High,56.33420144623865,Medium
20,2,Low,Low,High,High,79.30766690417903,High
5,1,Low,Low,Low,Low,24.820689279446082,Low
7,2,Medium,Low,Medium,Medium,26.205385553282674,Low
1,4,Medium,Low,Medium,High,86.53426469470898,High
11,2,Medium,Low,Low,Low,9.146930191985303,Low
12,3,High,Medium,Low,Low,21.394385541660565,Low
20,2,High,High,High,Low,53.39212644325255,Medium
6,4,High,High,High,Low,52.06171250302799,Medium
9,3,Medium,Low,Medium,High,46.20353221921666,Medium
12,2,Low,Medium,Low,Low,28.70973963232534,Low
16,1,Medium,Low,Medium,Medium,23.155822695761948,Low
20,1,Medium,Medium,High,Low,38.59937359073513,Medium
13,2,Low,Low,Medium,Low,17.79182552412857,Low
1,2,Low,High,Medium,High,100.0,High
21,2,Medium,High,High,Medium,58.679054929661916,Medium
10,0,Medium,Low,Medium,Low,7.152754876972652,Low
0,0,Medium,Medium,Medium,High,72.60650565322901,High
18,2,Low,Medium,Low,Low,31.149426204499743,Medium
20,1,Medium,Low,Medium,Low,25.71556044061991,Low
3,4,Low,Medium,Medium,Medium,86.42384313042592,High
18,3,Medium,Medium,Low,Low,29.793311878471847,Low
20,0,Medium,High,Medium,Medium,44.44955941661967,Medium
10,4,High,Medium,Low,Medium,38.078242458452394,Medium
7,3,High,Medium,Low,Low,10.319219285338036,Low
10,2,Medium,Medium,Medium,Medium,41.6113718449148,Medium
3,1,Medium,High,Low,Low,44.940783054434334,Medium
16,0,Medium,Low,High,Medium,25.244108002218034,Low
6,4,Low,Low,Low,Low,44.096075543923654,Medium
7,1,Medium,Medium,Medium,High,55.443615670360764,Medium
2,2,Medium,High,Low,High,82.0139921687186,High
21,4,Medium,Low,Low,Low,32.270759997515746,Medium
1,3,Low,Low,Medium,High,84.60862846276234,High
22,1,High,Low,High,Medium,52.00757278819439,Medium
14,0,Low,Medium,Medium,Medium,54.51603585332276,Medium
23,1,Low,High,High,High,100.0,High
21,3,High,Low,Low,Low,17.753308301824738,Low
21,2,High,Low,Low,Low,20.417505184860488,Low
4,0,Low,High,High,Low,54.29604849987261,Medium
23,2,High,Low,Medium,Low,33.63667603154242,Medium
0,3,Low,High,Medium,Low,71.16406926955331,High
3,1,Medium,Low,Low,Medium,45.48288333397965,Medium
14,3,Medium,Medium,Low,Low,31.268479706619026,Medium
19,1,Medium,Medium,Medium,Medium,43.43018281630332,Medium
18,4,Medium,Medium,High,Low,41.00640878178085,Medium
2,4,Low,High,Low,Low,74.95124251495693,High
19,0,Low,High,High,Low,41.80850970314125,Medium
10,0,Medium,Medium,Low,Medium,19.754171941475178,Low
16,3,Low,Low,Medium,High,58.34465992651701,Medium
12,1,High,Low,Low,Low,4.9793196681578795,Low
10,1,Medium,Low,Medium,Medium,22.770803934040394,Low
1,3,Low,High,Low,High,100.0,High
8,2,Medium,Medium,Low,High,45.303686885461865,Medium
1,0,Low,High,High,Medium,69.28936149138097,Medium
20,4,Low,High,Medium,Low,59.59440628238891,Medium
8,1,Medium,Medium,Medium,Low,17.357593282308276,Low
8,3,High,High,Low,Low,25.765145351335534,Low
7,2,Medium,High,High,Medium,48.885806934439366,Medium
16,2,Low,Medium,Medium,Low,40.14695755330605,Medium
0,1,Medium,Medium,High,Medium,60.99944172647999,Medium
10,1,Low,Medium,Low,Low,21.749252926754195,Low
7,2,Low,Low,Low,Low,23.71490580609301,Low
9,1,High,Medium,High,High,48.12156690475665,Medium
6,1,High,Low,Medium,High,51.52370457385234,Medium
2,0,Low,Low,High,Medium,63.0186682671709,Medium
2,1,Medium,High,Low,Low,49.71654848711788,Medium
17,3,High,Medium,Medium,High,60.626063589225964,Medium
4,3,Low,Low,High,Low,56.925024618661034,Medium
11,2,Low,Low,Medium,Medium,40.28328160964104,Medium
11,0,High,High,Medium,Low,15.739881124958288,Low
18,2,Medium,High,Low,Medium,43.52574895483456,Medium
5,4,Low,Low,Low,Medium,79.48148889442416,High
1,3,Low,High,Low,High,100.0,High
11,0,Low,Low,Medium,Medium,35.362524163122906,Medium
18,1,Medium,Medium,High,High,50.275794668668816,Medium
4,3,High,Medium,Medium,Medium,64.5998508343655,Medium
11,2,Medium,High,Medium,Medium,51.59176954362965,Medium
16,1,Medium,High,High,Low,39.017717243951424,Medium
16,3,Low,Low,Low,Low,22.875673607598454,Low
9,2,Low,Medium,High,Medium,50.16333937686937,Medium
22,1,Low,Low,High,High,77.80850839150095,High
16,2,High,Medium,Low,Low,16.55758456842951,Low
14,1,Medium,Medium,Low,Low,18.636417283692737,Low
11,2,Low,Low,Low,Low,26.300420519529744,Low
15,0,Medium,Low,High,High,40.72452625018243,Medium
23,3,High,Low,Low,Low,33.43917221538817,Medium
18,3,Medium,Medium,Medium,Low,28.97322042121417,Low
7,1,Low,Medium,Medium,Low,19.976130057126923,Low
20,2,Low,Low,High,Low,47.8724179661379,Medium
16,2,Low,High,High,Medium,61.20395557796508,Medium
22,0,High,Low,High,High,51.01508527982626,Medium
4,4,Medium,Medium,Low,Low,71.1194582916422,High
21,1,Medium,Medium,Low,Low,10.713743836968899,Low
15,4,High,Low,Low,High,48.62373854952761,Medium
5,3,High,Low,Medium,High,66.88678135398465,Medium
7,4,Low,High,Medium,Low,51.088748661286346,Medium
17,1,Low,Medium,High,Low,32.99275268824183,Medium
11,1,Medium,Low,High,High,46.87230396870015,Medium
14,2,Low,Low,Low,Medium,23.276158233358096,Low
8,0,High,High,High,High,42.46108039501413,Medium
12,1,High,Low,Low,Low,0.6374717088756345,Low
14,4,Medium,High,Low,Medium,54.50793210407275,Medium
9,1,Low,Low,High,Medium,30.921601859060257,Medium
15,1,Low,Medium,High,High,61.8803953394635,Medium
6,5,Low,Low,Low,High,85.2116822847665,High
16,3,High,Medium,High,Low,36.73961439842421,Medium
22,4,Low,Medium,High,Medium,91.24963868193305,High
20,4,Low,Medium,Low,Low,48.54795861763647,Medium
21,2,Low,Low,Low,High,67.43223068236183,Medium
6,2,High,Low,Medium,Medium,42.1345691151969,Medium
13,2,Medium,Low,High,High,49.01900405530285,Medium
14,2,High,Low,Medium,Low,8.742029757467469,Low
20,3,High,High,Low,Low,38.25081058492762,Medium
6,1,Medium,Medium,Medium,Low,33.76113261812815,Medium
8,4,Low,Low,Medium,Low,37.1505962074545,Medium
18,2,Low,High,Medium,Low,44.003746547187895,Medium
15,3,Medium,High,Low,High,59.52561596029152,Medium
7,2,High,Medium,High,Low,23.440147863200774,Low
17,2,Low,Medium,Medium,Medium,42.391279953613626,Medium
22,1,Low,High,High,High,91.49369818118168,High
17,1,Medium,Medium,High,High,52.28030177237444,Medium
19,1,Low,Medium,High,Medium,54.54023930196158,Medium
6,4,Medium,Medium,High,Low,49.619705182768215,Medium
2,1,Low,Low,High,Low,53.55596314229179,Medium
17,2,Low,High,Medium,Low,40.216178435373635,Medium
9,1,Low,Medium,Medium,Medium,40.812868799356124,Medium
6,2,Medium,Medium,Medium,Medium,45.66847826182792,Medium
16,3,Medium,Low,Medium,Medium,33.87200890867314,Medium
13,2,Low,Low,Low,High,51.96186017822001,Medium
23,2,High,Low,Medium,High,69.79801152932082,Medium
2,0,Low,Low,Low,High,55.787673690810664,Medium
11,0,Low,Medium,Low,High,52.82207928115976,Medium
12,0,Medium,Low,Low,Low,0.0,Low
1,3,Low,Low,High,Low,60.43418307127725,Medium
2,3,Medium,Medium,Medium,Low,59.22752961966459,Medium
4,2,High,Medium,Low,Medium,68.34979121897076,Medium
10,0,Medium,Low,Medium,Medium,22.267887168435003,Low
7,3,Medium,Low,Low,Low,15.052239138184706,Low
22,1,Medium,High,High,High,86.11051758637844,High
22,1,Low,Low,Low,Low,43.526815171079086,Medium
11,2,Medium,High,Low,High,49.58400417056568,Medium
6,3,Low,Low,High,Low,41.496990847708446,Medium
14,2,High,Medium,Medium,Low,21.41626120918838,Low
23,2,Low,Low,High,Low,58.17434127338756,Medium
16,3,Medium,Medium,Medium,Low,32.269181342290025,Medium
3,6,High,Low,Low,Low,53.908541107042076,Medium
21,2,High,Low,Medium,Medium,35.77985455911995,Medium
12,0,High,Low,Low,Low,1.4831563776030183,Low
17,3,Medium,Medium,Low,High,66.92953843133564,Medium
0,0,Low,High,Low,Low,47.13210739131504,Medium
15,1,High,Low,High,Low,1.4447656192602452,Low
12,0,Low,Low,Medium,High,43.55994810050741,Medium
9,5,Low,Medium,Low,Low,53.270313761611966,Medium
11,0,Medium,High,Low,Medium,34.96673232560886,Medium
1,7,Medium,Medium,High,Low,71.85896343907272,High
22,2,High,High,Low,Low,34.13326358854845,Medium
2,4,High,Low,Medium,Low,43.84093084042115,Medium
9,4,High,Low,Medium,Medium,44.628412796330196,Medium
1,1,Low,Low,Medium,Low,34.52580772725622,Medium
22,2,Medium,Medium,Low,Medium,60.12395451814441,Medium
12,1,High,Low,High,High,35.55960080656716,Medium
12,2,High,Low,Medium,Low,14.922549832657666,Low
17,0,Low,Low,Low,High,29.99545399065667,Low
2,3,Low,Medium,Low,Low,59.19347689876272,Medium
6,2,High,Low,Low,High,49.9402891771256,Medium
13,2,Low,Low,Low,High,49.8900881812694,Medium
19,3,Medium,High,High,Low,57.615933005992424,Medium
16,0,Low,Low,Low,High,30.753882136068896,Medium
20,2,Medium,Low,High,Low,25.26795962994003,Low
11,0,Medium,Medium,Medium,Low,10.041418409367873,Low
15,0,Low,High,Low,Medium,43.02094654112213,Medium
23,4,Medium,Medium,Low,High,90.07640293877708,High
11,1,Low,Low,Medium,High,51.037188407475924,Medium
14,2,Low,High,Medium,Low,36.48074630536102,Medium
9,0,Low,Medium,High,Medium,37.417689711161344,Medium
6,0,Medium,Low,Medium,Low,22.634162406038307,Low
19,4,Low,Medium,Medium,Low,70.12637774531672,High
4,0,Medium,Medium,Low,Medium,51.653988912899536,Medium
0,2,Medium,Medium,High,Low,55.06583022484707,Medium
16,1,Medium,High,High,Low,23.077126532856617,Low
2,2,Medium,Medium,Medium,High,80.18199237056228,High
12,2,Medium,High,Low,Medium,32.88659582352326,Medium
13,2,Low,Medium,Medium,High,71.88268483870931,High
23,2,Medium,Low,High,Low,48.36022735713709,Medium
17,2,Low,Medium,Medium,High,63.654349411968816,Medium
3,1,High,Low,Medium,Low,23.051687046200257,Low
17,1,High,Low,High,Medium,25.089728079683653,Low
4,1,Low,Medium,Low,Medium,54.98614789184538,Medium
15,5,Medium,Medium,Medium,High,70.11333778669201,High
0,3,High,Low,Low,Low,40.490044986789286,Medium
20,2,Low,Low,Low,Low,29.723284171441854,Low
13,1,Medium,Low,High,Medium,28.759539131214545,Low
14,3,Low,High,Medium,Low,61.9818922341952,Medium
8,0,Medium,Low,High,Medium,12.27008614465066,Low
14,2,High,Medium,Medium,Low,14.367105632316047,Low
16,1,Medium,Medium,High,Low,20.448758703572377,Low
23,3,Medium,Low,Medium,Low,43.81613721337341,Medium
3,1,High,Low,Low,Low,28.717672428297977,Low
11,0,Medium,Low,High,High,41.241894624119325,Medium
4,2,Medium,Medium,Low,Low,45.270038172949235,Medium
4,3,Medium,Medium,Medium,Medium,70.81723697890651,High
10,1,Medium,Medium,Medium,Low,7.217221958339508,Low
5,2,High,Medium,Low,Low,29.83584189957068,Low
6,1,High,Low,Low,Low,14.159920661276923,Low
23,3,High,Low,High,Low,41.84125184601124,Medium
13,2,Medium,High,Low,High,67.71245533742952,Medium
23,1,Low,Medium,Medium,High,82.5562119054696,High
10,4,High,Medium,Medium,High,62.35200342315877,Medium
12,0,Medium,Medium,Medium,Medium,26.754571003507206,Low
1,7,High,Low,High,Medium,63.096368252077994,Medium
6,2,Low,Low,High,High,65.92546315587595,Medium
19,4,High,Medium,Low,Medium,52.34023293949967,Medium
3,3,Low,High,Medium,Medium,93.8927159526423,High
7,3,Low,Low,Low,Medium,40.253061776824254,Medium
19,6,Medium,Low,Medium,Medium,62.23565450974228,Medium
21,1,Medium,Low,Medium,Medium,39.728407345230295,Medium
20,0,Low,Low,Low,Medium,32.202973703772905,Medium
18,3,Medium,Medium,Low,Medium,35.384516347120694,Medium
12,1,Low,High,Medium,High,61.922163864151756,Medium
13,0,Low,Medium,Low,Low,13.543174520713933,Low
9,0,Low,High,Low,Medium,34.47534813900356,Medium
10,1,High,Medium,High,Low,22.17343962545563,Low
1,3,Low,Low,Low,High,86.51259234658013,High
8,5,Low,High,Medium,Low,53.502423418550066,Medium
16,1,Medium,Low,Low,Low,7.005198514431007,Low
2,4,Medium,High,High,High,100.0,High
23,3,High,Medium,Low,Medium,60.281603906931515,Medium
5,2,High,Low,Medium,Low,23.20089862257487,Low
4,2,High,Medium,Medium,Low,35.12416432359643,Medium
4,1,Low,Low,High,High,67.0480987755408,Medium
21,3,Medium,Low,High,Low,38.120013912794874,Medium
14,3,Medium,Low,Low,Low,15.670211032545696,Low
22,6,Low,High,High,Medium,100.0,High
16,2,Low,Medium,Medium,Medium,45.10302656385004,Medium
8,2,Medium,Low,High,Medium,34.92731509273041,Medium
2,2,Low,Low,High,Medium,59.937844585855515,Medium
19,2,High,Medium,Medium,High,61.15603221739412,Medium
16,3,High,Low,Medium,High,31.650746319617625,Medium
9,3,Low,Medium,Medium,Medium,50.56762825197793,Medium
2,2,Low,Medium,Medium,Low,56.084922191025925,Medium
17,3,High,Low,Low,Low,1.9391034512535157,Low
17,2,Low,Low,Low,Medium,44.57955795265431,Medium
16,1,High,Medium,Low,Medium,23.41019927990268,Low
23,1,Medium,Low,High,Low,34.44891235447113,Medium
2,2,High,Low,Low,Medium,58.28749435183349,Medium
2,1,Medium,Low,Low,High,62.32040706921347,Medium
5,3,Low,Low,Low,Low,42.09229175899467,Medium
12,3,Low,High,Medium,Medium,61.550499263125914,Medium
23,1,Medium,Medium,High,Medium,58.652401688447796,Medium
14,4,High,Medium,Medium,Low,32.13059926831867,Medium
8,4,Low,Low,Low,Medium,31.864058639653813,Medium
3,2,Medium,Low,High,Low,33.648365276009216,Medium
13,2,Low,Low,Low,Medium,27.85360732005801,Low
4,5,High,Medium,High,Medium,66.52029977326713,Medium
1,2,High,Low,Low,Medium,49.6734259634745,Medium
10,5,Low,Medium,High,Low,51.25518220166332,Medium
8,3,Low,Low,Low,Low,34.819781682253826,Medium
23,3,Low,High,High,Medium,90.2496399581126,High
2,1,Medium,High,Low,Low,41.243487917016154,Medium
8,3,Medium,Low,Low,Low,16.601188582398652,Low
2,0,Low,Medium,High,Low,56.671377664951464,Medium
1,3,High,Low,Low,Medium,50.50246823477622,Medium
11,1,Medium,Medium,High,High,58.485921938822855,Medium
9,0,Medium,Low,Medium,High,39.58192079062947,Medium
8,1,Low,Low,Medium,Low,15.560372512448447,Low
14,5,Low,Low,Medium,Low,40.06172772739393,Medium
7,0,Medium,High,High,Medium,34.72988547216692,Medium
4,3,Medium,Medium,High,High,80.7678022981656,High
10,1,Medium,Low,Medium,Low,0.06629048617907429,Low
1,2,High,Medium,Low,Low,35.99978013481862,Medium
23,3,Medium,Low,Low,Low,27.364787375170287,Low
14,4,Low,Low,Low,Medium,41.15690780993748,Medium
5,0,High,High,Medium,Low,28.816015125394532,Low
7,1,Medium,Low,High,High,34.55753943044033,Medium
4,4,Low,Medium,High,Medium,96.58270819087244,High
15,1,Low,Low,High,Low,26.43500250985332,Low
17,4,High,Low,Medium,Low,32.96105592380451,Medium
5,5,High,Low,Low,Low,48.22885772544072,Medium
4,1,Low,High,High,Medium,83.28526919512208,High
15,2,Low,Medium,High,Medium,48.284535523414995,Medium
12,3,Medium,Low,Medium,Low,10.873452950142966,Low
4,1,High,Medium,Low,Medium,38.97521725686243,Medium
12,3,Low,High,Medium,Medium,73.59391541334634,High
16,2,High,Low,Low,Low,0.0,Low
17,3,Low,Low,Low,Low,25.51337682467717,Low
7,1,Low,Low,Medium,Low,26.028757975955255,Low
12,0,Low,Low,Low,Low,3.5573938258435884,Low
18,3,Low,Medium,High,Low,50.720945455330586,Medium
2,0,Low,Low,Low,Low,33.42628421173007,Medium
23,1,High,Low,Medium,Low,30.120836902226667,Medium
7,0,Low,Low,High,High,45.084962381268866,Medium
1,2,Low,Low,Medium,Low,44.29807959127261,Medium
7,1,Low,Medium,High,Low,34.97790078894336,Medium
12,1,High,Medium,Medium,Medium,30.236179117335446,Medium
12,1,High,Low,High,Low,12.243976232815598,Low
0,0,Low,Low,Low,Low,39.89915672209456,Medium
5,1,Medium,Low,Low,Low,14.2560146883826,Low
23,0,Low,High,Medium,High,87.23317025377563,High
18,2,Medium,Low,High,Low,24.24890325412373,Low
15,3,Low,Low,Medium,High,63.315518482450905,Medium
7,2,Medium,Low,Low,Medium,23.389175017520206,Low
0,3,Medium,Low,Low,Medium,59.00534846647421,Medium
15,2,Medium,Low,Low,Medium,13.888254162826986,Low
8,1,Low,Medium,Medium,Low,29.131432400707794,Low
12,3,Low,Medium,Low,Low,28.19410527092046,Low
10,0,Medium,Low,Low,Low,0.0,Low
12,0,Medium,Medium,Low,Low,4.359538810353634,Low
20,1,Low,Medium,Medium,High,69.16306449102362,Medium
9,4,High,Low,High,Medium,31.556846767029047,Medium
3,4,Medium,Low,Medium,Low,56.103646300520964,Medium
5,0,Low,Low,Low,Medium,41.33648539507859,Medium
6,7,Low,High,Low,High,91.00540010451567,High
4,3,High,Medium,Medium,High,70.69912782685489,High
10,3,Low,Low,Medium,Medium,40.40948914362535,Medium
12,4,High,Low,Medium,Low,26.324731455493442,Low
18,2,Medium,Medium,High,Low,26.47363006889343,Low
22,3,Low,Low,High,Low,58.64430136099459,Medium
9,1,Medium,Medium,Low,Low,11.970928052590008,Low
9,3,Low,Low,Low,Low,22.846053802545956,Low
10,1,Low,High,Medium,High,66.86683210894435,Medium
20,1,Low,Medium,Medium,High,77.96385374911922,High
6,2,High,Low,Medium,Medium,31.50420695844614,Medium
17,2,Medium,Medium,High,Medium,45.61674671447173,Medium
3,2,Low,Low,Low,Medium,60.54676941695429,Medium
1,2,Low,Low,High,Low,53.497774745790935,Medium
13,3,Medium,Medium,Medium,High,67.13809936734962,Medium
12,3,Low,Low,High,Low,40.81262259896472,Medium
11,4,Low,Medium,Medium,Medium,59.92318739959937,Medium
6,3,Low,Low,Medium,Low,48.444902356030255,Medium
1,2,Medium,Medium,Low,High,63.56397180060389,Medium
12,1,Low,Low,High,Medium,24.695792643360704,Low
13,2,Medium,Medium,Low,Medium,29.65404934009304,Low
16,4,Medium,Low,Medium,Low,20.838484777798694,Low
8,1,High,Low,Low,Low,0.0,Low
16,2,High,Low,Low,Medium,27.72031747834827,Low
7,1,Medium,Low,Low,Low,3.6192663235362876,Low
1,1,Medium,Low,Low,High,65.51244899545384,Medium
23,2,High,Low,Low,High,66.37849465461093,Medium
12,1,Medium,High,High,Low,18.369930688934126,Low
2,4,Medium,Low,Low,Low,52.19078613478881,Medium
15,1,Low,Medium,High,High,67.99592031252745,Medium
5,2,High,Medium,Low,Low,33.41335070989326,Medium
18,1,Low,Low,Medium,Low,18.40822538769959,Low
6,4,Low,Medium,Low,Low,53.546173908289234,Medium
9,3,Medium,High,Low,Low,33.93855892095697,Medium
8,1,High,Low,Low,Low,0.0,Low
1,2,Medium,High,Medium,Low,49.92152970862771,Medium
14,0,High,Low,Low,Medium,4.287470170605497,Low
4,3,High,Medium,High,Medium,71.84398786041218,High
21,3,Medium,Low,Medium,Medium,47.301757089931165,Medium
3,2,Medium,Low,High,Low,44.81889690347787,Medium
19,4,Medium,Medium,High,High,87.76782538164743,High
3,2,High,Low,Medium,Medium,50.672227743625434,Medium
17,3,Medium,Low,High,Low,18.361170531593068,Low
3,1,High,Low,Low,Medium,53.456017413071706,Medium
16,1,Low,Medium,High,Low,29.428703704128537,Low
11,4,Low,Medium,Low,Low,39.081701972553866,Medium
21,3,Low,Low,Medium,High,74.93063629814236,High
16,1,Medium,Low,Medium,Low,8.374186231047748,Low
9,2,High,Medium,High,Medium,36.84944622112134,Medium
21,1,Low,Medium,High,Low,39.80763727729677,Medium
0,1,Low,Low,Low,High,76.0488340704922,High
21,1,Low,Low,Medium,Low,37.92711399871893,Medium
23,0,Medium,Low,High,Low,43.13769656126377,Medium
17,3,Low,High,Medium,Medium,74.02261330011234,High
17,1,Low,Medium,Low,Medium,26.36963548846303,Low
13,3,High,Low,Medium,Medium,34.88859996194438,Medium
14,2,Low,Medium,High,Medium,45.126108654908684,Medium
11,1,Medium,Low,Medium,Low,16.95182502562834,Low
3,5,Medium,Low,Medium,Low,60.16858448002267,Medium
2,0,Medium,High,Medium,Medium,54.851674840291906,Medium
19,6,Low,High,Medium,Medium,79.41499436884624,High
11,2,High,Medium,High,Low,18.30375184298117,Low
6,2,Medium,Low,Medium,Medium,37.403899810749905,Medium
10,0,Low,Low,Medium,High,51.211897404708004,Medium
0,3,Low,High,High,Medium,91.66022114849743,High
5,0,Low,Medium,Low,Low,23.259493853065944,Low
14,1,High,Low,High,Low,10.778782932581318,Low
14,0,Medium,Low,Medium,Low,5.670969998401414,Low
18,2,Low,High,High,Low,44.46984088734596,Medium
10,0,Low,High,Low,Low,32.75960472281428,Medium
22,2,High,Medium,Medium,Low,46.824581519554314,Medium
1,2,High,Medium,High,Low,50.34635980512729,Medium
13,2,Medium,Low,Medium,Low,4.344842004608729,Low
1,2,Medium,Medium,Low,Low,42.39828443602749,Medium
3,5,High,Medium,Low,Low,61.40734676515987,Medium
16,1,Medium,Low,Medium,Low,11.701398084565414,Low
2,3,Medium,Medium,Medium,Low,54.99428119652043,Medium
12,1,Low,High,Medium,Low,39.63460906459087,Medium
8,1,High,Low,Medium,High,37.21155684334471,Medium
6,1,Low,Medium,High,Medium,63.34236889866046,Medium
14,1,Low,Medium,Medium,Low,29.875318232962616,Low
22,3,High,Medium,Low,High,80.08094686479822,High
10,1,Medium,Medium,Low,Low,17.779155986587696,Low
19,3,High,Low,Medium,Medium,43.49732493125019,Medium
1,1,Medium,Medium,Medium,Low,42.81340527227308,Medium
14,3,High,Low,Medium,High,47.46516679429311,Medium
13,0,Low,Medium,High,Low,18.53416846919847,Low
19,2,Medium,Low,Medium,Low,18.731036939911775,Low
21,5,Low,Low,High,Low,63.02200712493339,Medium
10,2,Low,Low,High,High,63.34378122612789,Medium
2,0,Low,Low,Low,Low,34.8463940167837,Medium
16,3,Medium,Low,High,Low,28.13329160261481,Low
11,3,Low,Low,Medium,Low,35.938119499969034,Medium
23,2,Medium,Medium,Medium,High,81.6138592789545,High
20,4,Low,High,Medium,Low,69.36300011463786,Medium
14,1,Low,High,High,Medium,47.223476886409586,Medium
15,2,Medium,High,High,Low,45.87493709186029,Medium
4,3,High,Medium,Medium,Medium,66.94010671597415,Medium
19,0,Low,Low,Low,Low,27.61384774759273,Low
5,2,Medium,Medium,Medium,Low,39.507445195229266,Medium
18,1,High,Medium,Low,High,32.81502553029691,Medium
4,1,Medium,Low,Medium,Medium,45.881937255527106,Medium
2,1,Medium,Medium,High,High,73.85065583075557,High
0,5,Low,Low,Medium,Medium,90.89328381159322,High
5,4,Medium,High,Low,Low,46.22484590734665,Medium
14,2,Low,Medium,Medium,Medium,41.48201770275023,Medium
1,1,Medium,High,Low,Medium,64.57549684730641,Medium
2,1,High,Low,Low,Low,36.5165537372498,Medium
16,0,Medium,Low,Medium,Low,0.0,Low
23,2,Low,High,High,Low,79.60120754694975,High
11,1,High,Low,Medium,Low,9.478192274268892,Low
17,3,Medium,Low,Medium,Low,19.470675903789953,Low
14,4,High,Medium,Medium,High,53.064114555005254,Medium
11,2,Medium,High,Low,High,55.976270044810796,Medium
15,1,Low,Low,High,Medium,34.253699034979626,Medium
7,2,Medium,Low,Medium,Low,23.201917573993946,Low
13,3,Medium,Medium,High,Low,33.79928531529033,Medium
16,3,Low,Low,High,Medium,53.887646120343625,Medium
20,1,Medium,Low,Medium,Medium,39.92632769048108,Medium
7,2,Medium,High,High,Medium,47.16072747211397,Medium
14,3,Medium,Medium,High,High,64.43340484531389,Medium
13,1,Low,High,Medium,Low,42.007219738520064,Medium
17,2,Medium,Low,Low,Low,11.544100430845369,Low
19,3,Low,Medium,High,Low,54.40556546569479,Medium
6,0,Medium,High,Low,Low,32.14192327688575,Medium
2,2,Low,Medium,Medium,Low,51.19887790958053,Medium
11,2,Low,Low,Low,High,38.77951870415913,Medium
20,2,Low,High,Medium,High,85.72815583541701,High
23,1,Low,Medium,High,High,93.14623089411359,High
2,3,Medium,Medium,Low,High,91.81078560500006,High
19,3,High,Low,High,High,64.1776982871705,Medium
13,2,Medium,Medium,Low,High,54.94533185251902,Medium
14,0,Medium,High,Medium,Medium,42.90865562204142,Medium
13,1,High,Medium,Medium,Low,13.18843459240475,Low
6,3,High,Low,Low,Low,21.152479249473785,Low
16,4,High,Low,Medium,Low,18.535146172810244,Low
11,0,Low,Low,High,Low,16.23205378823861,Low
19,0,Medium,Low,Medium,High,54.696340404544166,Medium
3,2,High,Medium,Medium,Low,49.593506956384815,Medium
8,1,High,Low,Medium,Low,3.6884041550214697,Low
5,2,Medium,Low,Low,Low,31.473509955634533,Medium
15,1,Low,Low,High,Low,26.71665940125933,Low
21,0,High,Low,Medium,Low,9.697320935761619,Low
21,0,Medium,Medium,Medium,Low,25.06223401946359,Low
20,1,Low,Medium,Low,Low,38.415452360671814,Medium
20,1,Low,High,Medium,Low,48.82043626856709,Medium
1,4,Medium,Low,Medium,Medium,78.44614201337728,High
23,0,Low,Medium,Medium,Low,46.10139685337428,Medium
7,1,Low,Low,Medium,Medium,26.705573953851953,Low
10,3,High,Low,High,Low,22.875329675789885,Low
12,7,Low,Medium,Medium,Low,50.25125081465535,Medium
16,0,Medium,Medium,Medium,Medium,18.944153513839737,Low
7,5,High,Low,High,Low,36.98630912609868,Medium
20,1,Medium,Low,High,Low,4.354007237904717,Low
17,1,Low,Medium,Medium,High,59.73093193841157,Medium
17,3,Medium,Medium,Medium,Medium,30.784429373985915,Medium
13,2,Low,Low,Low,Low,22.030941112347147,Low
14,0,Low,Medium,Low,High,51.32093418465365,Medium
5,1,Medium,High,High,High,76.39271643980335,High
10,1,High,Low,Medium,Low,9.850839854131749,Low
12,0,Medium,Low,Low,High,23.67204771659438,Low
0,0,Low,Low,High,High,74.13852777145087,High
5,3,Medium,Medium,High,Low,41.79363070298899,Medium
8,3,Low,Low,High,Medium,46.44752595685749,Medium
7,4,Medium,High,Medium,Low,43.338838753145126,Medium
10,2,Low,Medium,Medium,Medium,46.47462049415095,Medium
21,1,High,Low,Low,Medium,21.782543441800932,Low
18,1,Low,Low,High,Low,25.931541109328126,Low
23,3,Low,Medium,High,High,100.0,High
8,2,Medium,Low,High,High,44.83297561895137,Medium
16,2,Low,High,High,High,74.8937179064867,High
11,2,Medium,Low,Low,Low,10.996614336386973,Low
13,2,High,Low,Medium,Low,10.093572593394843,Low
14,0,Low,Medium,Medium,High,51.65971340432942,Medium
15,1,Low,Low,High,Low,25.73152313585714,Low
21,1,High,Medium,Low,Low,28.007042118163483,Low
21,0,Medium,Low,Medium,High,46.7809805529097,Medium
19,3,High,Medium,Low,Low,29.93971723356043,Low
0,4,Low,Medium,Medium,Low,70.92778343542432,High
9,1,Low,Medium,High,Low,25.62170573329136,Low
7,5,Low,Medium,Medium,Low,46.616980872138136,Medium
17,0,Low,Low,High,Low,20.594512677855548,Low
0,2,Medium,Low,Medium,Low,22.221354188789746,Low
1,0,Low,Low,Low,Low,33.69944689974255,Medium
0,7,Medium,Low,Medium,High,94.56830676435303,High
0,4,Low,High,High,Low,85.42395072094251,High
8,1,High,Low,Low,Medium,21.163319219178973,Low
12,0,Low,Medium,Low,Low,20.01548268861455,Low
0,1,Low,Low,Medium,Medium,71.95240672901764,High
12,2,Medium,Medium,Medium,High,46.614495547044726,Medium
19,4,Low,Medium,Medium,Medium,73.69350254905223,High
21,1,Medium,Low,Medium,Medium,41.364680971162926,Medium
6,0,Medium,Medium,High,Low,25.468520739381034,Low
1,2,High,Low,High,Low,47.07220769005984,Medium
5,1,Medium,Low,Low,High,51.627419457180565,Medium
6,2,Medium,Medium,Medium,High,57.049191116846686,Medium
13,0,High,Low,High,Medium,20.172758659562195,Low
17,0,High,Medium,High,High,44.64887335443387,Medium
14,0,Medium,Low,Medium,Low,13.79583071218746,Low
1,1,Medium,Medium,Low,Medium,52.923510647735895,Medium
9,2,Medium,Low,High,Low,23.353709896834904,Low
22,4,Low,Medium,High,Medium,91.5459053153784,High
11,3,High,High,Medium,Low,29.626721138088094,Low
16,4,Medium,Low,Low,High,51.90488198119754,Medium
7,5,Low,Low,Medium,Medium,45.84299654845753,Medium
10,0,Low,High,Low,Low,23.163552748982667,Low
2,3,Low,Low,Low,Medium,77.4268026925192,High
5,2,Low,Medium,Low,Medium,55.96501464955143,Medium
8,1,Low,High,Medium,Low,41.067318903980265,Medium
5,1,Medium,Medium,Medium,Low,31.366918002585354,Medium
8,1,Low,Low,Low,Low,18.546627847649948,Low
6,4,Medium,Low,Low,Low,47.96601775730916,Medium
8,5,Low,Low,Low,Medium,52.54894240678165,Medium
17,0,Low,Low,Low,Low,7.507398743340709,Low
11,2,Medium,Low,Medium,Low,22.523810246771237,Low
7,2,High,Medium,Low,Medium,29.51693893712155,Low
7,5,Medium,Low,Low,High,58.36441521108963,Medium
17,0,Medium,High,Medium,Medium,40.72253661375926,Medium
19,0,Medium,Medium,Low,Medium,36.551346280087785,Medium
14,4,Low,High,Low,Low,49.09241112989338,Medium
6,3,Low,Low,High,Low,45.94985185168407,Medium
10,2,Low,Medium,Medium,Low,28.941577667134922,Low
19,4,Medium,Low,High,Medium,49.71177737767591,Medium
15,1,Medium,Low,Medium,Low,16.668940075324468,Low
3,1,Medium,Medium,High,Low,44.45472850989712,Medium
5,1,Low,Medium,Low,High,55.77821166304969,Medium
21,1,High,Low,Medium,Low,27.699626661596994,Low
2,1,Low,Low,Medium,High,75.52003076025005,High
8,3,Low,Low,High,High,66.13411507303798,Medium
9,1,Low,Medium,Medium,Low,18.475803881814066,Low
13,2,Medium,High,High,High,69.48644864490926,Medium
10,2,Low,Low,Medium,Low,22.813348592770524,Low
17,1,Medium,Low,Medium,High,36.826942802351766,Medium
21,6,High,High,High,Low,63.482857083445964,Medium
11,2,Low,Low,High,Medium,45.7244654227647,Medium
22,5,Medium,Medium,Medium,Medium,76.16721581597173,High
11,3,Low,Low,Low,Medium,34.45419948718121,Medium
12,0,Low,Low,Low,Medium,25.99214167007131,Low
12,0,Low,Medium,Low,High,48.47156836798112,Medium
18,0,High,Medium,Low,High,48.63614358456807,Medium
18,5,Medium,Low,Low,Medium,31.512590467918866,Medium
22,2,High,Low,Medium,Medium,51.88338406701222,Medium
13,1,Low,Low,High,Low,14.26172332672749,Low
3,0,High,Medium,Low,High,55.511463574937046,Medium
12,1,High,High,Medium,Medium,33.4341030681883,Medium
7,0,Medium,Medium,Medium,High,45.25202017423106,Medium
22,1,High,Low,High,Medium,52.4198140706043,Medium
20,5,Low,High,Low,Low,76.18878723785859,High
22,1,Medium,Low,Medium,Low,36.479368295451465,Medium
18,0,Medium,Low,High,Low,13.911392612206502,Low
11,5,Medium,Medium,Low,Medium,61.254131549611785,Medium
17,1,High,Low,Medium,Low,6.548266477385163,Low
5,4,Low,Low,High,Medium,76.04704953006512,High
17,1,Low,Low,Low,Low,17.27805942088857,Low
18,1,Low,Medium,High,Low,31.958397934782123,Medium
21,1,High,Medium,High,Low,25.13428144140744,Low
4,1,High,Low,Low,Low,28.292263312985707,Low
23,3,Medium,Medium,Low,Low,53.05752869006603,Medium
8,3,Medium,Medium,Medium,Medium,47.13757538286838,Medium
2,2,Medium,Medium,High,Low,59.84096114057905,Medium
9,2,Medium,Low,Low,Low,17.44273308475651,Low
18,1,Low,Low,Medium,High,41.15292349684596,Medium
2,3,Medium,Low,Low,Low,34.26713966483037,Medium
21,1,Medium,Medium,High,High,64.74046129987987,Medium
14,4,Medium,Medium,Medium,High,60.14268494005356,Medium
0,1,Low,High,Medium,Medium,75.4249691843496,High
6,3,High,Low,Medium,Medium,38.53223228695206,Medium
11,2,High,Low,High,Low,15.579302095880768,Low
16,1,Medium,Low,Medium,Low,3.887747318826574,Low
20,2,Medium,Low,High,Low,34.4108229634251,Medium
23,4,Medium,Medium,Low,Low,50.581124732230634,Medium
19,2,Medium,High,Medium,Low,44.814924027566676,Medium
4,2,Low,Medium,High,High,82.87890712204961,High
3,1,High,Medium,Medium,Low,31.217726936725306,Medium
11,2,Medium,Medium,High,Medium,47.23486776409788,Medium
19,2,Medium,Low,Medium,Medium,50.69235446398961,Medium
23,1,Medium,Medium,High,Low,52.46833790668925,Medium
17,0,Medium,Medium,Low,Low,12.547003508591596,Low
16,0,High,Low,Low,Low,3.889537353819028,Low
18,1,Medium,Medium,High,Medium,42.79356608361037,Medium
8,3,High,Medium,High,Low,19.815077011044128,Low
3,1,Medium,Low,Medium,Medium,55.71986403974149,Medium
20,2,High,Low,High,Medium,47.62503481094786,Medium
1,1,High,Low,Medium,High,48.761765338688534,Medium
3,2,Low,Low,High,Low,50.9603342432376,Medium
1,4,High,Low,Medium,Medium,72.47413885144115,High
14,1,Medium,Medium,Low,Low,13.222646229450081,Low
1,1,High,Low,Medium,Low,23.15539302975033,Low
3,1,Medium,Medium,High,Low,52.18152815972984,Medium
5,3,Low,High,Medium,Medium,73.34672637072167,High
6,4,Low,Medium,High,High,89.68208513818436,High
9,6,Medium,Medium,High,Low,51.24209251392671,Medium
18,1,High,Medium,Medium,Medium,30.422723899153652,Medium
18,1,Medium,Medium,Medium,Low,17.29159579591907,Low
21,6,Low,Low,Medium,Medium,72.98568164482164,High
11,2,Medium,Low,Medium,Low,14.950791295736106,Low
2,2,Medium,Medium,Low,Low,50.483430729747475,Medium
12,3,Low,Medium,High,Medium,50.496461147953276,Medium
17,4,Low,High,Medium,Medium,67.84490244361292,Medium
7,0,Low,Medium,High,Low,23.518923010168372,Low
20,3,Low,High,Medium,Medium,76.83373139178717,High
14,3,Low,Low,Medium,Low,25.239878179071106,Low
0,3,Low,Medium,Medium,Low,73.99907126435018,High
2,1,High,High,High,Low,45.549212210888264,Medium
7,0,Low,Low,Low,High,46.35266642115403,Medium
3,0,Low,Low,High,High,76.6310780210933,High
15,1,Low,Low,Medium,Low,21.28841656224287,Low
22,1,Medium,Medium,High,Medium,63.47855975778757,Medium
9,1,Medium,Low,High,Medium,17.86007201697688,Low
11,1,Low,Medium,High,High,58.9750005782775,Medium
13,5,Medium,Low,Medium,High,83.50544991517823,High
13,3,Medium,Low,Medium,Medium,38.27846528108434,Medium
1,2,Low,High,High,Low,73.46451484336767,High
22,1,Medium,Low,Medium,Low,23.491028792727313,Low
4,1,Medium,Low,Medium,Medium,48.53991278689994,Medium
4,1,Low,Low,High,High,76.85990507688362,High
5,3,Medium,Medium,Medium,Low,37.55675389892344,Medium
12,6,High,Low,Medium,Medium,47.4469208424799,Medium
8,2,Medium,Medium,Low,Medium,32.43834429636996,Medium
21,4,Low,High,Low,Low,57.651863861849876,Medium
14,0,High,Low,High,Medium,9.178261679233739,Low
13,3,Medium,Low,High,Low,19.365049754778223,Low
23,6,Low,Low,Low,Medium,74.10021236372087,High
6,2,Medium,Medium,High,Medium,52.94549581069756,Medium
19,3,Medium,Low,Low,High,57.03096746931526,Medium
1,2,High,Medium,Medium,High,70.23927248435255,High
6,1,Low,High,Low,Low,33.897316281184516,Medium
5,1,Low,Low,High,Low,29.966250889826846,Low
16,2,Medium,Medium,High,Medium,43.76680246722329,Medium
1,5,High,Low,Medium,Medium,77.75449108644418,High
2,2,Low,Medium,Medium,High,98.60386799893186,High
4,1,High,Low,Medium,Low,41.99847273097011,Medium
4,2,Medium,Medium,High,High,84.57986282679006,High
0,1,High,Medium,Low,Low,33.66716528435984,Medium
7,2,Medium,Low,Medium,Low,19.804890542625664,Low
11,1,Low,Medium,Medium,Low,25.851116037280953,Low
23,0,Medium,Medium,Medium,High,71.81654265247556,High
3,2,High,Low,Low,Medium,46.03524820493221,Medium
12,2,Low,High,Medium,High,73.66110430303466,High
22,2,Medium,Low,Medium,Medium,51.62488116049515,Medium
14,0,Low,Medium,High,Low,31.787262228417042,Medium
10,2,Low,Low,Low,Medium,31.089625013106964,Medium
9,2,High,Medium,Medium,Low,15.183227945869676,Low
2,2,Low,Low,Medium,Medium,63.98325086409445,Medium
21,0,High,Low,Low,Low,1.981088735176348,Low
13,1,Medium,Low,Medium,Medium,28.39870996688488,Low
15,3,High,Medium,Low,Medium,36.77941547766212,Medium
9,1,Low,Medium,Low,Low,18.14332135946883,Low
9,0,Low,Medium,High,Low,22.871885685400954,Low
11,2,Low,High,Medium,Low,42.84048308529489,Medium
8,2,High,High,High,High,62.24934253545475,Medium
0,1,Medium,Medium,Medium,Low,37.27064961633856,Medium
4,2,Low,Medium,Medium,Medium,74.09819367903513,High
19,1,High,Low,Low,Low,16.739289775330633,Low
7,2,High,Medium,Low,Low,13.180095927795183,Low
10,0,High,Medium,High,Medium,19.845655423447546,Low
11,2,Low,Low,Medium,Medium,48.99333573050969,Medium
0,2,Low,Medium,Low,Medium,73.77230216686613,High
21,2,Medium,High,Medium,Medium,56.50783714329248,Medium
19,2,Medium,Low,High,Medium,47.57229096575615,Medium
10,2,Low,Low,Low,Low,19.86694326718481,Low
4,2,Low,Low,Low,Low,41.06168592227654,Medium
14,1,High,Low,Low,Low,5.097565978535144,Low
4,3,Low,Low,High,Low,70.99579794058315,High
11,3,Medium,Low,Low,High,53.4346051459532,Medium
4,1,Medium,Low,Low,Medium,47.47568054558549,Medium
16,0,Medium,High,Medium,Low,18.099540480958662,Low
16,0,Medium,Low,Medium,High,18.02802083513588,Low
23,1,Medium,Low,High,High,78.41809472973301,High
11,2,Low,Low,Medium,Low,22.001287091400744,Low
23,2,High,Low,Medium,High,71.00111961358878,High
14,4,Low,High,High,Low,63.64828456448826,Medium
14,0,High,Medium,Low,High,38.47874050632329,Medium
5,1,Medium,Medium,Low,Low,17.60655402230755,Low
11,5,Medium,Low,Medium,Medium,54.89797392105802,Medium
19,4,Low,Medium,High,Low,59.15034263495917,Medium
17,0,Low,Low,Medium,High,43.46325170451607,Medium
13,2,Medium,Low,Low,Low,11.281734247057244,Low
1,2,Low,Low,High,Low,51.30389368346843,Medium
8,5,High,High,Medium,Medium,58.20884774634578,Medium
4,0,High,Low,High,Medium,43.84507066191418,Medium
19,0,Low,Medium,High,Medium,47.35842429372002,Medium
0,2,Low,Low,Low,Medium,52.20122833876288,Medium
22,1,Medium,Low,High,Medium,59.36202815396101,Medium
2,3,High,Medium,Low,Low,47.73331557367685,Medium
5,0,Medium,Low,High,Low,8.821041700585761,Low
4,3,Low,High,High,Low,79.4381065786694,High
20,1,Medium,Low,Medium,High,50.908868815760854,Medium
4,3,Low,Low,Medium,Low,49.18680371013061,Medium
0,0,Low,Medium,Low,Low,39.72710225568845,Medium
16,1,Low,Medium,Low,Medium,41.21559190520665,Medium
18,1,Medium,Low,Low,Low,0.044429583570497755,Low
13,1,Low,Medium,High,Low,25.89566167187477,Low
11,1,Medium,Medium,Medium,Medium,29.599940321714854,Low
9,3,High,Low,Low,Low,7.332406945218963,Low
19,5,Medium,High,High,Medium,74.38644191601541,High
20,3,Medium,Low,Low,Low,23.284002595683447,Low
17,2,Low,Low,High,Low,32.597753478542074,Medium
23,1,Medium,Medium,Medium,High,67.55834453472374,Medium
10,1,Low,Low,Medium,Low,26.492684536195103,Low
1,4,Medium,Medium,Low,Low,69.93971776020916,Medium
17,2,Low,Low,High,High,59.02304595039774,Medium
6,3,Low,Low,Low,Low,52.10240539315609,Medium
23,1,Low,High,Low,Low,60.25400169534946,Medium
14,1,Low,Medium,Medium,Low,28.973151087837813,Low
10,2,Medium,Medium,High,Medium,42.62748644189199,Medium
17,1,Medium,Low,Low,Low,0.0,Low
22,2,Low,Low,Medium,Medium,63.297910448685926,Medium
11,5,Medium,Medium,Medium,Low,35.25161678429403,Medium
5,1,Medium,Medium,Medium,Low,35.251457060801656,Medium
19,3,Medium,Low,Medium,Medium,59.27896667522931,Medium
22,1,High,Low,Low,Low,27.287374596150674,Low
12,3,Low,Low,Medium,Low,33.511242965182916,Medium
19,3,Low,Low,Medium,Medium,64.77513128377612,Medium
15,3,Medium,Medium,Low,High,56.71100385662112,Medium
17,3,High,Low,Medium,Low,24.218246066539393,Low
9,3,Medium,Low,Low,Low,32.18957300993694,Medium
22,4,High,Low,Medium,Low,56.66546079073621,Medium
7,0,High,Low,Medium,High,25.263941889831017,Low
17,3,Medium,Low,High,High,61.03678745042987,Medium
20,2,Medium,High,Medium,High,69.99319758107218,Medium
0,0,Medium,Medium,Low,Low,31.674422535722453,Medium
22,5,Medium,Low,Low,Low,64.86234027603035,Medium
7,3,Medium,Medium,Medium,Low,24.01761796077805,Low
5,2,Medium,Medium,Medium,Low,33.621966465024194,Medium
4,1,Medium,Low,Medium,Medium,56.85444558377123,Medium
14,3,Low,Low,Medium,Low,26.857878491365355,Low
21,0,High,Low,High,Medium,18.4957111477325,Low
14,0,Medium,Low,High,High,29.050428826783996,Low
1,1,High,Medium,Low,Low,30.347593058139577,Medium
0,1,Medium,Low,Medium,Medium,49.76658616590508,Medium
22,2,Low,High,Low,Low,61.17910362784086,Medium
22,3,Low,Medium,Medium,Low,61.92871912469838,Medium
10,2,High,Low,Medium,Low,11.461510343462006,Low
9,3,Low,Medium,Medium,Low,37.018765345102,Medium
17,3,High,Low,Medium,Low,12.822002748738559,Low
17,3,Low,Low,High,Medium,52.37913929689356,Medium
16,3,High,Medium,Low,Medium,36.69068393184939,Medium
7,4,High,Low,Low,Low,25.09552904770119,Low
14,3,High,Low,Low,High,55.114394595196075,Medium
7,2,Low,Medium,Medium,High,51.34671556860282,Medium
16,0,Medium,High,Low,Medium,34.11543852152314,Medium
11,4,Low,Low,Medium,Low,38.954063651386825,Medium
7,5,Low,Low,Low,Low,47.66936455206097,Medium
13,4,Low,Medium,Low,Medium,53.95623877284868,Medium
3,1,Medium,Medium,Low,High,66.73796235642126,Medium
0,0,Low,Low,Low,Low,27.251721525299544,Low
0,2,High,High,Medium,Medium,73.150819707135,High
18,4,Low,Medium,Medium,Low,46.81601164389265,Medium
15,1,Low,Medium,Low,Medium,45.75813806744038,Medium
13,0,Low,High,Medium,Low,27.415220522065255,Low
20,1,High,High,Low,Medium,39.96903722150379,Medium
15,4,Low,Low,Medium,Medium,57.363294465134786,Medium
4,2,High,Low,High,Low,37.96849562043492,Medium
8,0,Medium,Medium,Medium,Low,15.787538518718247,Low
1,3,High,High,High,High,95.06529407114603,High
17,2,Low,Medium,Medium,Medium,49.64138839242359,Medium
5,6,Medium,Low,High,Medium,61.3547574261676,Medium
8,2,Medium,Medium,Medium,Medium,41.14648051555737,Medium
0,2,High,Low,High,High,65.44708692969375,Medium
8,4,Medium,High,High,Low,48.58642133134838,Medium
15,3,High,Low,Low,High,53.09682257057231,Medium
12,1,Low,High,Low,Low,39.4404762789496,Medium
8,2,Medium,Low,Medium,Low,12.950209023989839,Low
20,2,Low,High,Medium,Medium,70.63580106505442,High
12,3,Low,Low,High,High,62.78119350038888,Medium
8,2,Low,Medium,Low,Low,31.690452111846206,Medium
10,1,High,High,High,Low,19.500081810324506,Low
3,0,High,Medium,Low,Medium,39.06552983048999,Medium
1,2,Low,Medium,Low,Low,66.24268055202893,Medium
5,2,High,Low,High,High,57.79604490263062,Medium
13,1,Medium,Low,Low,Medium,18.304567066686268,Low
3,1,Medium,High,Low,High,64.23450078466973,Medium
5,0,Low,Low,Low,Low,23.005689307533082,Low
18,4,Medium,Medium,High,Low,53.115185071519775,Medium
5,1,Low,Medium,Medium,Medium,51.5778104590637,Medium
1,0,Low,Low,High,Low,40.69379233580764,Medium
17,1,Medium,Low,Medium,Medium,25.287029610446076,Low
12,1,High,Low,Medium,Low,1.201592954732142,Low
8,2,Medium,Low,Low,Low,25.251005539343062,Low
22,3,High,High,Low,High,89.88288617078652,High
18,3,High,Medium,Medium,Medium,44.17633633695483,Medium
12,2,Low,Low,Medium,Low,38.68595024089824,Medium
10,3,Low,Low,Low,High,68.23338584545218,Medium
0,3,Medium,Medium,Low,Medium,66.4714532151611,Medium
23,3,High,Low,Low,Medium,51.325196996742235,Medium
21,2,High,Low,Medium,Low,21.26491784365417,Low
6,2,High,Low,Low,Low,15.74777091164675,Low
20,1,Medium,High,Low,High,62.685789540788925,Medium
14,3,High,Low,Low,Low,9.930211274687238,Low
0,2,Low,Low,High,Low,48.243159232273456,Medium
11,2,Low,High,Low,Low,23.479254977085535,Low
6,1,Medium,Low,High,Low,32.27397498372121,Medium
14,0,High,High,Medium,Medium,14.033863559860102,Low
20,2,High,Low,Medium,Low,25.12936463729284,Low
18,1,Low,Low,Low,Low,21.812877363094234,Low
0,2,High,Low,Medium,High,68.64032106482311,Medium
16,1,High,Low,Low,Medium,15.111843772549594,Low
16,2,Medium,Low,Low,Low,13.29954255892154,Low
2,1,Low,Low,High,Medium,61.390511592201605,Medium
11,1,Medium,Low,Medium,Low,9.443984238176837,Low
5,3,Medium,Low,Low,Low,28.111434369796633,Low
10,3,Medium,Medium,Medium,Medium,40.877479778823556,Medium
2,2,Medium,Medium,Medium,Medium,71.13583011515689,High
7,2,High,High,Medium,High,62.2275737728401,Medium
13,1,Low,Medium,Medium,Medium,42.10078558394316,Medium
13,4,Low,High,Low,High,80.28563753744248,High
9,2,Medium,Low,Low,High,37.5203190085865,Medium
1,1,Low,Low,Medium,Medium,62.16267884635687,Medium
13,5,High,Low,Medium,High,58.37628735920828,Medium
8,6,Low,Medium,Medium,Medium,65.01933973978488,Medium
2,4,Medium,High,Medium,Low,70.5392009252691,High
20,3,High,Medium,Medium,Low,37.5087600034586,Medium
7,0,Low,Low,Medium,Low,8.921579203303317,Low
15,1,High,Medium,High,High,52.397217918975194,Medium
1,0,Medium,Low,Low,Medium,45.911348722744314,Medium
5,2,Low,Low,Medium,Medium,48.9147934327134,Medium
20,0,High,Medium,High,Low,42.15670722198092,Medium
11,2,Low,Low,Medium,Low,20.330840397857045,Low
4,2,Medium,Low,Medium,Low,44.694765205938175,Medium
1,3,Low,Medium,Low,High,94.375770767939,High
15,4,Low,Medium,High,High,84.32168043067,High
4,2,High,Low,Medium,Medium,61.255408101586454,Medium
14,2,High,Low,Medium,Low,9.356441272198303,Low
11,3,Low,High,Low,Low,44.254558553775276,Medium
3,1,Medium,Low,Low,Low,33.54838234554371,Medium
14,2,High,Low,Low,Low,0.0,Low
10,2,High,Low,Low,High,37.8135655275364,Medium
15,3,Medium,Medium,High,Low,36.40478601977537,Medium
22,3,High,Low,High,Medium,56.74886926623799,Medium
5,3,Medium,Low,Medium,Medium,62.099103148213715,Medium
13,2,Medium,Low,Low,Low,13.570659266316976,Low
17,3,High,Low,Low,Low,8.577640307033679,Low
11,1,Low,Low,Medium,High,46.56898661717534,Medium
10,2,Low,Medium,Low,Low,25.255540640870784,Low
12,2,Low,High,Medium,Medium,52.45865259516768,Medium
20,0,Low,High,Low,Low,40.02666587511262,Medium
22,3,Low,Medium,Medium,High,97.5709074624834,High
10,3,Medium,Medium,High,Low,36.70482431149802,Medium
22,4,Medium,Medium,Medium,Medium,80.06217078112488,High
15,0,Low,Medium,High,Medium,43.53629183426375,Medium
14,0,Low,Medium,High,Low,39.0615125443799,Medium
20,2,Low,Low,Medium,Low,43.43407221923427,Medium
14,1,Medium,Low,Medium,High,33.79445686661813,Medium
3,4,Medium,High,Low,Low,65.20606957269791,Medium
10,2,Low,High,High,Medium,54.22979691993669,Medium
18,3,High,Medium,Medium,Medium,40.13185578239453,Medium
14,0,Medium,High,High,Low,15.557636076759122,Low
3,2,High,Medium,Medium,Low,42.597818861229364,Medium
20,1,Low,Medium,Low,Low,35.352819751324546,Medium
12,1,High,Low,High,Medium,15.933236440829756,Low
21,0,Medium,Medium,Low,Medium,35.094036991033605,Medium
18,1,High,Medium,High,High,44.76020507439408,Medium
1,1,Medium,High,Low,Medium,55.43668326750746,Medium
13,1,High,Low,Medium,High,40.5361204801661,Medium
3,0,Medium,Medium,Medium,Low,34.91484794922358,Medium
15,3,High,Medium,High,Medium,50.754562538229706,Medium
20,1,High,Low,High,Low,22.231344953814023,Low
19,0,Medium,Low,High,Low,17.65522200839402,Low
13,1,Medium,Medium,Medium,Medium,27.196555099582074,Low
14,2,Low,Low,Low,Medium,29.958454391128818,Low
2,3,High,Medium,Medium,Low,51.123198481970135,Medium
7,2,Medium,Low,Medium,Medium,33.1869958341311,Medium
15,3,Medium,Low,High,Low,20.960163619855717,Low
9,1,Low,Low,High,High,46.74962557238914,Medium
3,1,Medium,Low,Medium,Low,39.19556230476486,Medium
17,2,Medium,Low,Medium,Low,20.462258139571308,Low
1,1,Medium,High,High,Medium,65.03904634594477,Medium
16,2,Medium,Low,High,Medium,33.89198185870195,Medium
12,1,Low,High,Medium,Medium,54.10111543751365,Medium
3,2,Low,High,High,Medium,79.38742579211878,High
10,1,Medium,High,Medium,High,50.73957929495777,Medium
6,4,Low,Low,Low,Medium,65.90876368275369,Medium
11,2,Medium,Medium,Low,Medium,29.653617718883343,Low
9,1,Medium,Low,Low,Medium,21.41352414883474,Low
6,3,High,Low,Low,High,55.58965254971312,Medium
12,2,Low,High,Low,Low,30.815960883196503,Medium
6,1,Low,Low,High,Medium,56.893253274699816,Medium
23,3,Medium,High,Medium,Medium,68.64862381612897,Medium
16,3,Medium,Medium,Medium,Low,31.66965138444104,Medium
9,0,Low,Low,Medium,Medium,26.243754447336205,Low
9,1,High,Low,Medium,Low,5.619719456045123,Low
23,0,Medium,Medium,Low,Low,31.591882709413408,Medium
3,0,Low,Medium,Low,High,66.20952521460248,Medium
19,3,Low,Medium,High,Low,54.20397764424359,Medium
3,1,High,Low,Medium,Medium,47.86579585548548,Medium
21,3,Low,Low,Medium,Low,42.543908794221764,Medium
6,0,Low,Low,Medium,Medium,38.14114985896457,Medium
21,2,Low,Low,Low,Low,22.09918448061794,Low
0,4,Medium,Low,Medium,Low,47.66716666306304,Medium
11,0,High,Low,Medium,High,24.55206753730981,Low
23,0,Low,Low,Medium,Low,44.029275174160624,Medium
12,1,Low,Medium,Low,Low,21.672223979722688,Low
9,2,Low,Medium,High,Low,41.04275376357096,Medium
14,2,Medium,Low,Low,Low,7.3374063765768875,Low
12,2,Low,Medium,Medium,Low,21.613574945705068,Low
22,1,High,Medium,Medium,Low,43.90005244062476,Medium
21,3,Low,Medium,Medium,Medium,62.375554444369016,Medium
21,2,Low,Medium,Medium,High,81.59820357634443,High
20,3,Low,Low,Low,Medium,53.69162944872189,Medium
21,1,High,Low,Medium,Medium,40.28005906152909,Medium
8,0,Medium,Low,Low,Low,19.099721952949405,Low
8,3,High,Low,Low,High,45.66018915415693,Medium
14,0,Low,Medium,Low,Low,9.809149886940816,Low
9,1,Low,High,Medium,High,69.2987533326223,Medium
23,1,Medium,Low,Low,Low,33.25360107509954,Medium
9,0,Medium,Medium,Low,High,30.593834824247715,Medium
7,2,Medium,Medium,Medium,Medium,35.04165904267151,Medium
23,1,Low,Low,High,Low,46.357200510007615,Medium
15,2,Low,High,High,High,78.12228124057367,High
16,3,Low,Low,High,Low,30.50578857265614,Medium
4,5,Medium,High,Medium,Medium,83.76793929466291,High
3,2,Medium,Low,Medium,High,63.963639718376136,Medium
17,3,High,Low,Medium,Low,5.765786123489768,Low
23,2,Low,Medium,Low,Low,58.76962659689,Medium
18,3,High,High,Low,Medium,44.496242899491264,Medium
3,1,Medium,Low,Low,Medium,50.736414312317635,Medium
6,2,Low,Medium,Low,High,67.71311046569193,Medium
9,0,High,Medium,Medium,Medium,17.525909859696007,Low
17,1,Medium,Low,Medium,Low,12.055440876426657,Low
18,0,Medium,Low,Low,High,35.33651848040286,Medium
3,3,Medium,Low,High,High,86.90876996893819,High
9,1,Low,Low,Medium,Low,13.305752259822984,Low
0,2,Medium,Medium,Medium,Low,54.677830326386186,Medium
22,1,High,High,High,Low,59.02415938888815,Medium
17,0,Low,Medium,Low,High,50.53108417582699,Medium
4,2,Medium,High,High,Low,67.9461950331906,Medium
14,2,High,Low,Medium,High,44.14072467240756,Medium
16,2,Low,Low,Medium,High,49.27145009538376,Medium
2,1,Low,High,High,Low,70.6048558695393,High
11,3,Low,High,Medium,Low,50.32859794247497,Medium
1,4,Medium,Low,Low,Low,42.878632968517664,Medium
0,2,High,Low,Low,Low,28.592113186838684,Low
22,3,Medium,Medium,Low,Low,53.47493420847732,Medium
20,2,Low,Low,High,Medium,71.38387326622335,High
16,6,Medium,Low,Low,Medium,55.79841291840366,Medium
21,5,High,Medium,Low,High,63.001640884962555,Medium
15,1,Low,High,High,Low,40.00494253661269,Medium
4,1,High,Medium,Low,Medium,57.93189817172464,Medium
14,3,High,Medium,High,High,56.57816059140192,Medium
2,3,Low,Low,Low,Low,49.968569468601025,Medium
6,6,Low,Medium,Low,Low,56.76795503802246,Medium
10,2,Medium,Low,Low,Medium,32.069048652325044,Medium
9,1,Medium,High,High,High,62.306947213727504,Medium
8,0,High,Low,Medium,Low,2.19814128117168,Low
13,2,Medium,Medium,Low,Medium,33.82044845347149,Medium
12,3,Low,High,Medium,High,88.49510909636913,High
1,2,Low,Low,Medium,Low,49.11966022927458,Medium
2,3,High,High,Low,Low,59.279423590206356,Medium
6,1,Low,Low,Medium,Medium,34.54447255252424,Medium
20,1,Medium,Low,Low,Low,17.771729690224337,Low
17,3,Low,Low,Low,Medium,40.18036486860695,Medium
2,0,Low,High,Medium,Low,55.61952318316739,Medium
9,1,Low,High,Low,High,52.257072640069225,Medium
21,3,Low,Low,High,High,87.8110596723412,High
6,2,Medium,Low,Low,Low,25.00115417916924,Low
8,1,Low,High,High,Low,53.49621662536921,Medium
16,1,High,Low,Low,Medium,20.705654441413373,Low
10,6,Medium,Medium,High,Low,47.58946477018746,Medium
6,1,Medium,Medium,Low,Medium,41.096093730894054,Medium
23,2,Medium,High,High,Low,64.98746728801326,Medium
13,1,Medium,Medium,Low,Low,18.548583147917977,Low
18,1,Low,Low,High,Low,27.027253506486247,Low
3,2,High,High,Medium,Low,65.57903254461473,Medium
5,2,Medium,Low,Medium,Low,34.94451920941797,Medium
9,1,Low,Low,Low,Medium,27.20349015827348,Low
6,2,Medium,Low,High,Medium,42.23764646425794,Medium
12,1,Medium,High,Low,Medium,39.65738377005745,Medium
13,3,Low,Medium,Medium,Low,41.1197364585276,Medium
3,3,High,Low,Medium,Low,43.6705204330238,Medium
7,3,Low,Medium,High,Low,34.26669595728421,Medium
4,3,Medium,Low,Medium,Low,52.34824003127824,Medium
0,4,High,High,Low,Medium,72.75897081955894,High
3,3,Low,Low,Medium,Medium,85.35733092644031,High
2,0,Low,Medium,Low,Low,44.41025302811543,Medium
8,0,Low,Medium,Low,Medium,32.33824439966794,Medium
7,2,Low,Low,Low,Low,24.952921463793835,Low
0,3,Low,High,High,High,100.0,High
5,1,High,Low,High,High,61.05614301654413,Medium
8,2,High,Medium,Low,Low,29.249072147733607,Low
6,2,Medium,Medium,Medium,Medium,55.390612269371644,Medium
3,3,Low,Medium,Low,Medium,80.00338021324667,High
12,0,High,Low,Low,Low,0.0,Low
16,1,Medium,High,Low,High,51.947569081687526,Medium
1,1,Low,Low,Medium,Medium,63.265389521536186,Medium
4,1,Medium,Medium,High,Medium,55.10953002175155,Medium
11,0,Low,Medium,Low,Medium,42.4673318846559,Medium
20,2,High,High,Low,Low,25.793018411708495,Low
7,0,Medium,Medium,Low,Low,0.0,Low
5,0,Medium,Low,High,Low,30.459213790846217,Medium
7,2,Medium,Medium,Low,Low,24.67201035930632,Low
17,4,Medium,Low,Medium,High,52.33981526357414,Medium
2,1,Low,Low,High,Low,49.93474850470474,Medium
21,3,Medium,High,Low,High,77.41631744027637,High
11,1,High,Medium,Medium,High,43.61920439125215,Medium
2,2,Low,Low,Low,High,70.80037908028186,High
21,2,High,Medium,High,Low,36.89527695754484,Medium
5,0,Medium,Low,Low,Low,18.986143633159546,Low
1,3,Low,Low,High,Low,50.639889726757836,Medium
22,2,Medium,Low,High,High,72.09417707115458,High
11,7,High,Medium,Medium,High,60.036280408003094,Medium
1,1,Medium,Medium,Medium,Low,38.41926492148647,Medium
5,2,Medium,Medium,High,Low,42.27111673745433,Medium
16,1,Medium,Low,Low,Medium,13.223714696394374,Low
2,1,Medium,Medium,Low,Low,49.41812480996182,Medium
1,1,Low,Low,Low,High,71.41634702236728,High
22,6,Low,Medium,Medium,High,100.0,High
19,0,Low,High,High,Medium,49.62233787161148,Medium
7,1,Low,Low,High,Medium,39.85128639283511,Medium
21,0,Low,Medium,Medium,Medium,49.33146700024966,Medium
11,6,Medium,High,Medium,Low,42.052056519167856,Medium
3,1,Medium,Low,High,High,63.04746133419826,Medium
4,2,Low,Medium,High,High,100.0,High
12,4,Low,Medium,Medium,Low,43.66088987645201,Medium
14,0,Low,Low,Low,Low,10.262588634100574,Low
22,2,Low,Medium,Medium,Low,62.31718824753624,Medium
15,2,Low,Medium,Medium,High,63.0748645538427,Medium
9,1,Medium,Low,Medium,Low,18.119324848156133,Low
22,4,Low,Low,High,Medium,77.60920953425527,High
15,2,Medium,High,High,Low,33.446682705321486,Medium
11,2,Medium,Medium,Medium,High,51.530469378180435,Medium
16,1,Low,Low,Low,Medium,26.23723745432494,Low
15,1,Low,Low,Low,Low,10.732291460952705,Low
11,6,Low,Medium,Low,Low,48.17690532315156,Medium
7,3,Low,Low,Medium,Low,40.09836667996829,Medium
19,2,Low,Low,High,Medium,49.93168418063759,Medium
2,4,High,Medium,Medium,Medium,69.87047524135103,Medium
15,0,Low,Medium,Medium,Low,26.580683416108847,Low
12,0,High,Low,Low,Low,6.875883631386808,Low
22,2,Low,Low,Medium,Low,56.63534522741173,Medium
18,2,High,Low,High,High,43.76344111051644,Medium
7,3,Medium,Low,High,Low,22.63578676270866,Low
21,2,Low,Low,Low,High,70.77553115275332,High
4,4,Low,Low,High,Medium,87.29751788191469,High
19,6,Medium,Low,Low,Medium,57.09632515444627,Medium
7,0,High,Low,Medium,Low,0.0,Low
23,2,Low,High,Low,Low,75.10262256304135,High
11,0,Low,Low,Medium,Medium,40.18307108421226,Medium
0,1,Low,Low,Low,Low,43.351598339107944,Medium
20,0,Low,Low,Medium,Low,27.237863815005078,Low
19,1,High,Low,Medium,High,40.10642245398314,Medium
5,4,Medium,Medium,Low,Low,44.26880180296578,Medium
21,2,Low,Low,High,Low,49.24899304846221,Medium
17,5,Low,Medium,Low,Medium,51.41220043053791,Medium
7,2,Low,Low,High,High,63.613225972351486,Medium
6,3,High,High,Medium,Low,49.12918026954314,Medium
0,1,High,Low,Medium,Medium,49.145798802948995,Medium
20,5,Low,Low,Medium,Medium,67.08004847804001,Medium
15,2,Medium,Low,Low,High,40.067216090335656,Medium
11,0,High,Low,Low,Low,0.0,Low
5,4,Low,Medium,Medium,High,99.93450222138694,High
19,1,Low,Low,High,Low,45.34677969178483,Medium
1,2,Low,Medium,High,Low,65.236179583138,Medium
13,5,Low,Low,Low,Low,40.199903787100745,Medium
3,2,Low,Low,Medium,Low,50.95220104185462,Medium
0,2,High,Low,Medium,Medium,49.12020647926994,Medium
22,5,Medium,Medium,Medium,Medium,70.7250171850943,High
17,0,Low,Low,High,Low,18.24115992186425,Low
12,4,Low,Low,Low,Low,46.16580142991933,Medium
1,3,Medium,Low,Medium,Low,48.76022877127659,Medium
8,5,Low,Medium,Medium,Low,48.29118777551896,Medium
20,0,Low,Medium,Low,Low,31.554604068087343,Medium
1,2,Low,Low,Medium,Low,49.67679439319587,Medium
8,1,Medium,Low,Low,Low,0.02542458197616959,Low
0,5,Low,Low,Medium,Low,62.28235235869716,Medium
10,3,Low,Low,Medium,High,62.21615163791259,Medium
2,1,Medium,Medium,Low,Low,30.23247404760547,Medium
19,2,Low,Low,Low,Low,34.10121317585735,Medium
22,0,High,Low,High,Low,27.488562819886855,Low
3,1,Medium,Medium,High,Low,51.32100247291554,Medium
17,5,Low,Low,High,Medium,62.037525108030515,Medium
22,1,Low,Low,High,High,72.68816278015846,High
5,3,Medium,Low,Low,Medium,45.92442504471998,Medium
2,1,Low,Low,Low,Medium,62.26640373005553,Medium
21,3,High,High,Low,Low,37.82900633352078,Medium
10,5,Medium,Medium,High,Low,55.638792689707515,Medium
14,0,Medium,Low,High,Medium,23.690033785006374,Low
21,1,High,Low,Medium,High,44.85497103609984,Medium
4,3,Low,Low,High,High,87.24459698165003,High
19,1,Medium,Low,Medium,Low,23.17420063451102,Low
9,3,Medium,High,Low,Low,33.44101731832252,Medium
11,0,High,Low,Low,Low,0.0,Low
14,1,Medium,High,Low,Low,31.550042773341016,Medium
16,0,Medium,Medium,Low,High,35.981069780153966,Medium
9,2,Low,High,Medium,Low,51.499626298103344,Medium
5,4,Medium,Medium,High,Low,45.450510954478496,Medium
17,1,Low,Medium,Low,High,59.76968808372331,Medium
12,3,Medium,Medium,Medium,Low,38.1339908255043,Medium
2,1,Low,Medium,Medium,Low,60.63555868529495,Medium
23,2,Low,Low,High,Low,57.40108639128568,Medium
9,3,High,High,High,Low,42.978550097168174,Medium
13,0,Low,Medium,High,Low,28.81064006040528,Low
5,2,Low,Low,Low,Medium,42.816724596657735,Medium
2,3,Low,High,Low,Medium,86.47829144780951,High
15,3,Low,High,Medium,Medium,56.45484846539867,Medium
6,1,Medium,Medium,Low,Medium,33.6481114375451,Medium
19,1,Low,Low,Medium,High,63.679056695449965,Medium
13,2,Low,High,Low,Low,34.45441839267674,Medium
8,0,Low,Medium,Medium,High,61.53785300140298,Medium
14,1,Low,Medium,High,Low,42.10703496223073,Medium
20,4,Low,High,Low,Low,78.42951717822802,High
2,1,Medium,Low,High,Low,30.815572822790084,Medium
1,3,Low,Low,Low,Low,46.21916281249309,Medium
1,5,Low,Medium,Low,High,100.0,High
2,2,High,Low,Medium,Low,34.1036868905208,Medium
17,2,High,Medium,High,Low,18.66066345212566,Low
13,1,Low,Low,Medium,Medium,32.701326801402004,Medium
19,3,Low,Low,Medium,Low,43.56530428792604,Medium
17,1,Medium,Low,Low,High,39.973666194538325,Medium
9,2,Medium,Low,Low,High,31.121463132449392,Medium
1,2,High,Low,Low,Low,34.44868499638452,Medium
21,1,Low,Low,Low,Low,26.84833170932322,Low
0,4,Medium,Low,High,Low,52.24416337025716,Medium
3,2,High,Medium,High,Low,56.33104518378294,Medium
13,1,Medium,High,Low,Low,19.422315620006458,Low
0,2,Low,Low,Medium,Low,48.9405697945243,Medium
13,0,Low,Medium,Medium,Medium,35.323548187311566,Medium
15,0,Low,Low,Low,Low,19.367587367149078,Low
21,1,Low,Low,Medium,Low,32.65210345964609,Medium
13,0,High,High,Medium,Low,14.583468187695498,Low
19,2,Low,Low,Medium,Medium,58.3029160347754,Medium
2,4,Low,Low,Low,Low,45.599834510687806,Medium
2,2,High,Low,High,Low,41.21790146975596,Medium
8,5,Medium,High,Medium,Low,51.307128817349586,Medium
5,4,Low,Low,Low,Low,50.96364898604647,Medium
12,4,Low,Medium,Low,Low,43.7619956216372,Medium
20,2,Low,Low,High,High,65.2222288515903,Medium
1,3,Low,Low,Medium,Medium,62.04760639940391,Medium
7,3,High,Medium,Medium,Medium,43.82677590429546,Medium
20,2,Low,Low,Low,High,61.05182430941666,Medium
1,3,Medium,Medium,Low,Medium,64.02879376463586,Medium
3,2,Low,Medium,Medium,Medium,68.85592719234774,Medium
14,1,High,Low,Low,Low,1.0839745162067909,Low
3,2,Medium,Low,Medium,Medium,55.56501266143961,Medium
12,1,High,Medium,Low,Low,1.6709474831483417,Low
11,1,Low,Low,Low,Low,20.62449841134793,Low
12,6,High,Low,Low,Low,20.71753164986179,Low
13,2,High,Low,Medium,Medium,34.557859509108624,Medium
19,1,Medium,Medium,High,Low,35.269110750271594,Medium
17,2,Low,High,High,Medium,60.47615605589403,Medium
5,1,Low,Medium,High,Medium,49.94687873107779,Medium
10,2,Low,Low,Medium,Low,29.2418510887529,Low
1,4,Low,Medium,Low,Low,66.76098483922591,Medium
22,1,Medium,Low,Medium,Low,36.02713943209584,Medium
18,1,Medium,Low,Low,Low,13.901475632099288,Low
18,4,Medium,Medium,High,Medium,60.218016578831765,Medium
4,4,Low,Medium,High,Medium,96.6887531697628,High
18,2,Low,Medium,Medium,Low,19.529214945739238,Low
1,3,Low,Low,Low,High,81.74540671352116,High
9,3,Medium,High,High,High,62.44808027241642,Medium
1,3,Medium,High,High,Low,69.83257928261719,Medium
10,1,Low,Low,Medium,Medium,23.70739375352893,Low
17,1,Medium,Low,Low,Low,12.320771624154409,Low
23,0,Medium,Low,Medium,Medium,53.41920218175139,Medium
14,0,High,Low,Low,Low,0.0,Low
8,2,Low,High,Medium,Medium,59.05368555355085,Medium
22,2,Medium,Low,Medium,Low,50.31208733899575,Medium
18,3,Low,Medium,High,High,86.53094092969668,High
8,3,Low,Medium,Low,Low,46.117859349214825,Medium
2,3,Medium,Medium,Medium,Low,58.232949670996874,Medium
20,2,Medium,Low,Low,Low,33.68367213424769,Medium
8,2,Low,High,Medium,Medium,51.20653163374856,Medium
13,1,Low,Low,High,Medium,34.894422734346406,Medium
18,1,Medium,Medium,Medium,High,53.61427363923,Medium
6,3,Low,Medium,Medium,High,82.1639496144298,High
15,6,Medium,Low,Low,Medium,49.04916700391013,Medium
15,0,High,High,Medium,Low,20.493671249184967,Low
0,2,Medium,Low,Low,Low,42.58576971124015,Medium
3,2,Medium,Medium,Medium,High,67.89016916713118,Medium
3,2,Medium,Medium,Low,High,79.08784875485986,High
6,1,High,Medium,High,Low,25.209763165509237,Low
7,2,Medium,Low,Low,Medium,28.533115839358484,Low
16,2,Low,Medium,Low,Medium,42.330816921225086,Medium
4,2,Low,Medium,Medium,Medium,71.46389835232699,High
6,1,High,Low,High,High,47.278997993716494,Medium
19,2,Low,Medium,High,Low,54.55619259766126,Medium
19,0,Medium,Medium,High,High,56.9921146224678,Medium
3,2,High,Medium,Low,Low,38.50572991581817,Medium
5,2,Medium,Low,Low,Low,22.00658762870548,Low
6,3,Low,Low,High,Low,51.524152584944034,Medium
17,0,Low,Low,High,Medium,27.872450279447705,Low
4,1,Low,Low,Medium,Medium,69.53819518472032,Medium
19,2,Low,High,Low,Medium,61.06952388867489,Medium
2,5,High,Low,Low,Medium,62.373283628137045,Medium
6,2,Medium,Low,High,Medium,47.127113809152064,Medium
21,3,Medium,Medium,Low,Low,40.84255468414927,Medium
13,3,Medium,Low,Medium,High,50.89793545800666,Medium
6,0,Low,Low,High,Low,28.590356695641557,Low
4,2,Low,Medium,Medium,Medium,80.4941376996569,High
21,1,Low,Medium,Low,Low,22.370424158321505,Low
4,1,Medium,Medium,Low,Low,35.54202345715962,Medium
22,2,Medium,Medium,Low,Low,40.04957449118983,Medium
1,2,Medium,Low,Medium,High,68.56920936569462,Medium
20,2,Medium,High,Medium,Low,52.35729579151892,Medium
21,1,High,Low,Low,Low,8.904801197848114,Low
5,3,Low,Low,Low,Medium,54.43516232552075,Medium
14,6,Medium,Low,Low,Low,33.286375897471125,Medium
20,1,Low,Low,High,High,61.29713265327187,Medium
9,4,Medium,Low,High,High,48.27538487011685,Medium
22,1,Low,Medium,Medium,Medium,52.649137301581916,Medium
23,2,Medium,Medium,High,Low,60.99252498798705,Medium
6,0,Low,Low,Medium,Low,28.720831058404936,Low
4,3,Low,Medium,High,Low,67.03397656751503,Medium
0,1,High,Medium,Medium,Low,35.94701611841632,Medium
12,1,Low,Low,High,Low,18.898620347170123,Low
20,1,Low,Low,Low,High,58.96790844364574,Medium
17,1,Medium,Low,Medium,Medium,29.338123283556833,Low
12,0,Medium,Low,High,Low,2.627981167228781,Low
20,3,Medium,Medium,Low,Low,39.55033709436744,Medium
20,0,Medium,Low,Low,Medium,21.818987799173208,Low
17,0,Low,Low,Low,Low,9.451424418725964,Low
4,4,Low,Low,Low,High,85.63315450536439,High
12,3,High,Medium,Low,Low,26.45514746920857,Low
3,3,Low,Low,Medium,High,87.04563652297814,High
16,1,High,Medium,Low,Medium,17.092894342659378,Low
2,1,Low,Low,Low,High,70.5032116244455,High
16,3,Medium,Medium,High,Low,39.92278312314651,Medium
10,0,High,High,Medium,Low,7.752554574691937,Low
20,3,Medium,Low,Low,Medium,43.34970220496295,Medium
19,3,Medium,Medium,Medium,High,69.61376639296478,Medium
22,2,Medium,Medium,Medium,Medium,65.2594471955041,Medium
20,1,Medium,Medium,High,Medium,47.725415195639734,Medium
3,4,Medium,Medium,Low,Low,59.19721027836481,Medium
1,2,Low,Low,High,Low,50.702125098708215,Medium
19,3,Medium,Low,High,Low,36.96168984274926,Medium
15,2,Low,High,High,Medium,59.766445140525065,Medium
17,3,Low,Low,Low,Low,38.74257353131454,Medium
7,0,Medium,High,Low,Low,17.877052538452613,Low
2,5,Low,Medium,Low,Medium,93.06751867794208,High
8,3,High,Low,Low,High,54.04776147127513,Medium
19,2,High,Medium,Low,Medium,43.51043364090569,Medium
5,4,High,Medium,Low,Medium,52.62403177686902,Medium
9,1,Medium,Low,Medium,High,34.07664340123479,Medium
20,2,Medium,Low,Low,Low,16.601596187628324,Low
9,1,Low,Medium,Low,Low,11.050769715878218,Low
12,2,Medium,High,High,Medium,56.30818182237332,Medium
16,0,Low,Medium,Low,Low,20.74517099230736,Low
8,1,Low,Low,Medium,Low,18.602593728331286,Low
16,2,Medium,Low,Medium,Low,14.450341300823844,Low
23,2,Low,High,High,Medium,79.99752229886934,High
8,2,Low,Low,High,Low,32.973516798836805,Medium
8,3,Medium,Medium,Medium,Low,26.388284762037053,Low
0,1,Low,Low,High,Low,47.42180646998245,Medium
1,2,Low,Low,Medium,Low,44.3393632604814,Medium
15,1,Low,Low,Medium,High,44.38693554724994,Medium
0,3,Medium,Low,Low,High,78.58842043108933,High
9,1,Medium,Medium,Medium,High,54.67527697693321,Medium
17,1,Medium,Low,Medium,High,32.576283727546944,Medium
7,2,Low,Low,Medium,Low,29.566133118957655,Low
20,1,Medium,Low,Medium,High,47.560621202082466,Medium
10,4,Medium,High,Low,Low,37.0085305101932,Medium
22,1,Low,Medium,Low,Medium,71.20543224264743,High
1,1,Medium,Low,Medium,Low,33.28308221996988,Medium
7,1,Medium,Low,Low,High,34.233417112977584,Medium
21,1,Medium,Medium,Low,Low,16.15061002987688,Low
7,2,Medium,High,Medium,Low,29.972380595341633,Low
16,3,Low,Low,High,High,62.24664781977978,Medium
14,3,Medium,Low,Low,Medium,35.75460463460296,Medium
16,4,Medium,Medium,Medium,Medium,47.74674660351802,Medium
22,3,Medium,Medium,Low,Medium,73.34229365037892,High
23,0,Medium,Medium,Medium,Low,39.37696735436825,Medium
12,1,High,Low,Low,Medium,17.182463648691307,Low
18,1,High,Low,Medium,Low,9.215862835703309,Low
4,1,Medium,Low,High,High,70.20392569924171,High
11,3,Medium,Low,Low,Medium,37.363874270278686,Medium
0,3,Low,High,Medium,High,100.0,High
22,3,Medium,Low,Medium,Low,46.47072126447681,Medium
4,2,Medium,Medium,Low,Low,40.170676750144885,Medium
7,2,Low,Medium,Medium,Low,29.716652359097466,Low
12,3,Low,Low,Medium,Low,39.80246951838678,Medium
7,1,Low,High,Low,Low,34.799392548377526,Medium
22,3,Low,Medium,High,High,89.76496141472039,High
10,2,Low,High,High,Low,52.34534029544721,Medium
0,5,Low,Low,High,Medium,88.75225221223641,High
12,2,Medium,Low,Medium,Low,11.243815575876358,Low
18,2,Low,Low,Low,Low,32.713449430505534,Medium
23,1,Low,Low,High,Medium,71.55192259236192,High
2,2,High,Low,Low,High,66.53265069454604,Medium
23,4,Low,High,Medium,Low,79.9535132487876,High
16,1,High,Low,High,Low,11.041492943497506,Low
4,1,Medium,High,High,Low,41.99856259674176,Medium
19,1,Low,Low,Medium,High,66.49066333648094,Medium
20,3,Low,Medium,High,Medium,72.08601576732573,High
7,0,Low,Low,Medium,High,45.45343199894223,Medium
13,3,Low,Low,Medium,Low,33.32691191249505,Medium
3,0,Low,High,Medium,High,82.18833404044969,High
10,1,Low,Low,Low,High,40.30303682677739,Medium
19,0,Low,Medium,Medium,High,64.5569611302793,Medium
14,0,Medium,Medium,High,Low,7.99965023915971,Low
18,0,Low,High,Low,Medium,42.69014575960767,Medium
6,1,High,Medium,Medium,Medium,33.83054365510737,Medium
18,2,Low,Low,Medium,Medium,46.79646271655915,Medium
18,1,High,Medium,Medium,Low,4.441528255034944,Low
10,3,Low,Low,Medium,Medium,46.73784402697462,Medium
4,2,Medium,Low,High,High,75.44907894294836,High
4,4,Low,Low,Low,Medium,81.31642210800548,High
21,0,Medium,Low,Medium,Medium,32.533516404189896,Medium
7,3,Low,Low,High,Medium,46.119010925808155,Medium
9,4,Medium,High,Medium,Medium,53.64925000579055,Medium
5,1,Low,Medium,Low,Low,44.68145239906241,Medium
14,4,Medium,High,Medium,Low,43.777138616663294,Medium
15,2,Low,Low,High,Medium,43.835073375753616,Medium
16,0,Medium,Medium,Low,Low,3.8309714233554875,Low
7,1,Low,Low,Medium,Medium,27.723744111973932,Low
7,1,Low,Low,High,High,65.40370317059602,Medium
8,2,Medium,High,High,Medium,51.38067186199208,Medium
1,2,High,High,Medium,High,75.3947155426886,High
14,3,Medium,Low,High,Low,30.454040077732913,Medium
17,2,Medium,High,Low,Low,31.584246254031804,Medium
2,3,Medium,Medium,High,Low,51.50443624612821,Medium
16,1,Medium,High,Medium,High,52.49264599877169,Medium
3,1,Low,Medium,Medium,High,85.75146192731434,High
3,3,Low,High,Medium,Low,77.3526795331256,High
13,1,High,High,Low,Low,12.427385773507046,Low
8,3,Medium,Low,Low,Low,6.808241599574345,Low
8,1,Medium,Low,Low,Medium,22.476314415376986,Low
22,2,Medium,Low,Low,Medium,57.13963730063267,Medium
17,1,Low,Medium,Low,Medium,38.65045055017298,Medium
9,2,Low,Medium,High,High,66.16378709118754,Medium
20,4,Medium,Medium,Low,Medium,68.51954105467816,Medium
3,2,Low,Medium,Medium,Low,46.928672997262495,Medium
11,2,Low,Low,Medium,Low,30.34183951506117,Medium
7,3,Medium,Low,Low,High,52.700136171792956,Medium
1,3,High,Low,High,Medium,56.370140192065875,Medium
21,1,Low,Medium,High,Low,30.121518143402675,Medium
12,2,Medium,Low,Low,Low,16.547330347534576,Low
20,1,Low,Low,High,Medium,52.930588871484574,Medium
15,3,Low,Low,Medium,Low,40.52775876228448,Medium
1,3,High,Low,Low,Medium,49.61134120830894,Medium
10,1,Medium,Low,Medium,Medium,26.04725467292171,Low
9,3,Low,Low,Medium,Low,21.931722672188627,Low
14,1,Medium,High,Medium,Medium,45.33873219722363,Medium
16,2,Low,Low,Medium,Low,16.810830807660118,Low
7,3,Medium,High,Low,Low,33.77833472312743,Medium
17,3,Low,Low,High,Low,29.7554941255871,Low
22,3,High,High,High,Medium,79.02774667496874,High
8,0,Medium,Medium,Medium,Medium,25.868979986602884,Low
7,0,Low,Medium,Low,Low,16.63119763551818,Low
13,5,High,High,Medium,High,74.62792144483026,High
17,0,High,Medium,Medium,Low,7.192609303092367,Low
21,1,Low,High,High,Medium,75.43402095772464,High
19,0,High,Medium,High,Medium,40.83203027921093,Medium
19,3,High,Medium,High,Medium,51.89609063425697,Medium
20,1,Medium,Low,Medium,Low,18.370198176422633,Low
11,3,High,High,High,Low,43.082965649066416,Medium
18,1,Medium,Medium,Low,Low,7.575466305810847,Low
13,7,Medium,Low,Medium,Low,34.07313015690222,Medium
16,3,High,Medium,Low,High,40.87027173118935,Medium
23,2,Medium,High,High,Low,60.29737021695434,Medium
20,1,Medium,Medium,High,Low,27.381291016555526,Low
2,2,Low,High,Low,Low,59.104238423844144,Medium
22,2,High,Low,Medium,Medium,52.13482922980726,Medium
6,4,Medium,Low,High,Medium,62.631352040760525,Medium
16,1,Medium,Medium,Medium,Low,13.71050305319126,Low
11,5,Medium,Low,Medium,Low,40.73380442390269,Medium
8,1,Low,Low,Medium,Medium,27.892450362080346,Low
14,2,Low,Medium,Medium,Low,38.69641470380103,Medium
17,1,Medium,Low,High,Medium,26.494300308011272,Low
20,2,Medium,Low,Medium,High,63.733723857439806,Medium
12,2,High,Low,Low,Low,4.486918372201039,Low
20,0,Medium,Medium,Low,Low,15.828126425396853,Low
7,4,High,Low,Low,Low,22.656241662263874,Low
13,2,Low,Low,Medium,High,58.647918906512764,Medium
7,3,High,Medium,High,Medium,40.7518637284895,Medium
13,0,Low,Low,Medium,Low,17.251048589672692,Low
6,2,Medium,High,High,Low,47.20641995598204,Medium
22,1,Medium,Low,High,Medium,54.88366784165359,Medium
11,3,Low,High,Medium,Low,50.023040424208354,Medium
10,1,Low,Low,Medium,Low,11.56420021714418,Low
21,7,Low,High,Medium,Medium,87.01604952324348,High
21,2,Medium,Low,Low,Medium,30.224489416041862,Medium
10,0,Low,Low,Medium,Low,7.706545736406712,Low
21,3,High,Medium,Medium,Low,36.345060549405005,Medium
12,5,Low,Low,Medium,High,79.86531542284779,High
17,1,High,Medium,Medium,Low,11.598724515292178,Low
1,1,Low,Low,Low,Medium,53.87343430434017,Medium
20,1,Low,Medium,Medium,Medium,52.28977404922303,Medium
14,2,Low,High,Medium,Low,44.3527604290514,Medium
19,1,High,High,Low,Medium,37.284554971417464,Medium
17,4,Medium,Low,Medium,Low,19.568115751244456,Low
14,2,Low,Low,Low,Medium,45.11425272138854,Medium
18,3,Low,High,High,Medium,69.48528366242083,Medium
22,2,Low,High,Low,High,88.78927454017509,High
23,0,Medium,Low,Medium,Medium,40.147470858854795,Medium
11,1,Low,Medium,Medium,Low,24.665235969156193,Low
12,5,Medium,Low,Low,Low,22.166535100299868,Low
21,4,Medium,High,Medium,Low,54.12037875825334,Medium
10,1,High,Low,Medium,High,35.13560778094283,Medium
4,3,Medium,Medium,Low,High,89.13257100852192,High
0,2,Low,Medium,Low,Low,55.63461440755155,Medium
23,3,High,High,Medium,Low,62.45250675049958,Medium
2,1,Low,Medium,Low,Low,47.251848768997014,Medium
21,1,Medium,Low,Medium,High,49.24784032706466,Medium
18,1,High,Medium,High,Low,16.96304462173922,Low
22,1,Low,High,Low,Medium,77.13672964326021,High
6,2,Low,Medium,Medium,Low,42.407099040008355,Medium
11,2,Low,Medium,Medium,Low,35.33350324245885,Medium
14,0,Low,Medium,Medium,Low,23.17010999488834,Low
4,1,Low,Low,Low,Low,40.85245881010825,Medium
14,0,Low,Medium,Medium,Low,27.177970311919896,Low
7,2,Low,Low,Low,Low,22.25263994977458,Low
9,0,High,Low,Low,Low,0.0,Low
15,3,Medium,High,Medium,Low,37.67952988406084,Medium
7,2,Medium,Low,Low,High,29.291627998365346,Low
0,2,Medium,Low,Low,Medium,51.046795837851285,Medium
11,4,High,Low,Low,Medium,27.609050457891236,Low
4,2,High,Low,Low,Low,30.759604613623264,Medium
2,1,High,Medium,Low,Medium,48.85700136408108,Medium
0,0,High,Medium,Low,Low,30.75165931190941,Medium
3,1,Low,Low,Low,Low,53.08364138932241,Medium
7,1,Medium,Low,High,Low,22.06977439564862,Low
2,2,Medium,Low,Low,Low,36.936478606845114,Medium
9,1,Medium,Low,Medium,Low,13.351797526299332,Low
1,4,Medium,Medium,Medium,Low,58.597165874644524,Medium
10,1,Low,Low,Medium,Low,21.14977481843571,Low
9,2,Low,Medium,Low,Low,31.28314981757055,Medium
20,0,High,Low,High,Medium,24.11726344866974,Low
13,1,Medium,Low,High,Medium,26.235040222929495,Low
6,2,Low,Low,Low,High,53.815551147147936,Medium
1,2,Low,Low,Low,Low,45.94733271999481,Medium
8,5,Medium,High,Medium,Low,49.7844546358439,Medium
15,3,Medium,Low,High,High,55.56230355429,Medium
12,0,Medium,Low,Medium,Low,0.0,Low
8,1,Low,High,Medium,Medium,50.520989130194785,Medium
19,0,Low,Medium,Low,Low,30.972995482666793,Medium
3,2,Low,Low,Medium,Low,53.76958004135428,Medium
21,2,Medium,High,Low,Low,41.6108614307596,Medium
9,5,Low,Low,Medium,High,72.12280713842665,High
21,2,Low,Medium,Low,Low,41.149371062335575,Medium
11,2,Medium,Low,Low,Low,13.535075212196306,Low
16,3,High,Medium,Medium,Medium,37.453105336947615,Medium
13,5,Low,Medium,Medium,Medium,61.88184637220915,Medium
13,5,Medium,Low,Low,High,57.73006557025442,Medium
1,2,High,Medium,High,Low,50.32123365157096,Medium
20,1,High,Medium,Low,Medium,40.32949449031548,Medium
19,0,High,Medium,Medium,Low,24.592394651143195,Low
10,1,Medium,High,Medium,Low,20.91175693157783,Low
15,1,Low,Medium,Medium,Medium,54.55011574233567,Medium
18,1,Medium,Low,High,Low,9.758151802831799,Low
22,2,Medium,Medium,Low,Medium,58.637369251739436,Medium
5,2,Medium,Medium,Low,High,69.13909511419529,Medium
23,1,Medium,Low,Medium,Low,25.00066225636457,Low
18,1,Medium,Medium,Low,High,44.78300265012674,Medium
4,1,High,Medium,Low,Medium,47.27180479655274,Medium
3,2,Low,High,Medium,Medium,73.62952375594467,High
14,2,Low,Medium,Medium,High,55.71851871489606,Medium
3,1,Medium,Low,Medium,Low,41.7330352841748,Medium
19,3,Low,Medium,Low,High,81.09654058785733,High
9,2,Medium,Medium,Low,Low,25.690022418239266,Low
23,1,Low,High,Low,High,80.76112840925796,High
21,1,Medium,Medium,Medium,Low,31.726647784635727,Medium
2,1,Medium,High,Low,High,90.54512505875091,High
4,3,Low,Low,High,High,89.57751812267284,High
5,1,Low,Medium,Low,Medium,51.30231309089943,Medium
20,5,Low,Medium,High,Medium,83.06672283494404,High
21,1,Low,Low,Medium,Medium,46.343951875138245,Medium
7,3,Medium,Low,Low,Low,13.323486695926588,Low
6,5,Medium,Medium,Low,Low,50.26301099979195,Medium
20,1,Low,Medium,Low,Low,45.76627911679702,Medium
9,0,Medium,High,Medium,Medium,34.69761390828217,Medium
5,3,Low,High,Medium,Low,67.32622305272727,Medium
13,2,High,Low,Medium,Low,28.13712458368959,Low
3,0,Low,High,Medium,Low,50.1182811220882,Medium
12,0,High,Low,Medium,Low,2.2416548350679677,Low
19,2,Medium,Medium,Medium,Low,29.013964156156685,Low
16,1,Medium,Low,Low,Low,5.1560143923655755,Low
22,2,Medium,Low,High,Low,59.970125764276716,Medium
6,2,High,High,High,Medium,61.8817346383848,Medium
3,2,High,Low,High,Low,41.83843128356062,Medium
13,3,Medium,Medium,Low,High,48.90358789642387,Medium
2,2,Low,Low,High,Medium,66.36997170931895,Medium
23,1,High,Low,High,Low,28.987062562743112,Low
4,2,Low,Low,Medium,Low,44.82145146740706,Medium
15,2,High,Medium,Medium,Medium,38.972836217997354,Medium
22,2,Medium,Low,High,Low,49.13880167535155,Medium
19,4,High,Low,High,High,68.01102936495322,Medium
3,4,High,Medium,Medium,Low,52.72148987886183,Medium
23,0,Low,Low,Medium,Medium,58.35739780197621,Medium
23,3,Medium,Low,High,High,91.10721138238061,High
1,1,Low,High,Low,Medium,77.94808772002199,High
17,3,Low,Low,Low,High,58.656147227211385,Medium
18,3,Medium,Low,High,High,61.53259325955674,Medium
18,2,Low,Medium,High,High,73.80884211813567,High
16,2,Medium,Medium,High,High,58.91648435988205,Medium
13,1,High,Medium,Medium,Low,13.910756062864502,Low
18,2,Medium,High,Medium,Low,28.832797490755507,Low
21,0,Low,Low,High,Low,34.971739267574165,Medium
23,1,High,High,Low,High,70.98868852535034,High
12,2,High,High,High,Low,25.12469696678901,Low
11,1,Medium,High,Medium,Low,20.332448701199688,Low
5,2,Medium,Low,Low,Medium,38.75777452640057,Medium
20,2,High,High,Low,Low,29.328234874269043,Low
3,1,Low,Low,Medium,Medium,76.31830971186956,High
18,0,High,Medium,Medium,High,39.925069914634825,Medium
15,2,High,Low,Low,Medium,19.03771568170297,Low
12,3,High,Medium,Medium,Medium,41.10443442819026,Medium
3,3,Low,Medium,Medium,Medium,84.41484425789714,High
22,1,High,Low,Medium,Medium,46.3067511877621,Medium
16,2,Medium,High,Low,Low,22.238231309118948,Low
22,3,Medium,Medium,Medium,Low,54.34060571279644,Medium
0,1,High,Medium,Low,Low,32.562233390687936,Medium
17,2,Low,Low,Low,Medium,34.27229312571041,Medium
19,1,Low,High,Low,Medium,54.028220003304114,Medium
16,4,High,Medium,Medium,Low,36.253117468790954,Medium
14,2,High,Low,Low,Medium,24.82633762510634,Low
10,5,High,Medium,Low,Low,35.77922685023431,Medium
21,2,Low,Medium,Low,Low,30.885714687640593,Medium
12,4,Medium,Medium,High,Low,37.60720596382823,Medium
0,3,Low,Low,High,Medium,83.49909577180699,High
16,0,High,Low,Low,Medium,12.35859653043423,Low
5,3,Low,Medium,Low,Low,41.017973759809934,Medium
3,1,Medium,High,High,Medium,80.00154253989876,High
19,3,Medium,Medium,Low,Low,23.45378247622787,Low
15,2,High,Low,Low,High,37.7653091534697,Medium
14,1,Medium,Low,Low,Low,16.29435331832859,Low
14,0,Medium,Medium,High,High,36.59145754755853,Medium
5,1,Low,High,Medium,Medium,60.14168155770792,Medium
14,1,Medium,Low,Low,Medium,12.564018927692036,Low
13,4,Medium,Medium,Low,Medium,55.469579385819245,Medium
10,1,Low,Low,High,Low,19.08521116273197,Low
6,2,Medium,Low,Medium,Medium,48.965188024024705,Medium
8,3,High,Low,Medium,Low,25.33328064128012,Low
15,3,Low,High,Low,Low,36.28960819123145,Medium
4,1,Low,High,High,Medium,71.02644337698734,High
19,2,Medium,Low,Low,Low,26.874995569196017,Low
9,4,High,Medium,High,Low,39.65368579442454,Medium
17,5,Low,Low,Low,High,69.57696805041418,Medium
2,1,High,Medium,Low,High,64.15350857983276,Medium
12,2,High,Medium,Medium,Medium,42.87904965628113,Medium
10,3,Low,Low,High,High,64.56023565832014,Medium
16,2,Low,Low,Medium,High,64.25850139276992,Medium
21,2,Medium,Medium,Low,Medium,43.542078448656056,Medium
12,3,High,Medium,Medium,High,69.38539445939911,Medium
5,2,Medium,Low,Medium,Low,22.690850487687193,Low
16,0,Medium,Medium,Medium,Medium,34.10477684975984,Medium
12,4,Low,Medium,Medium,Low,40.20124127423927,Medium
18,1,Medium,Medium,Low,Medium,33.719563815972016,Medium
20,0,Medium,Low,Medium,High,45.953937292070606,Medium
18,3,Low,Medium,Low,Low,37.66737059107765,Medium
9,3,Medium,Medium,High,Medium,52.994439802895975,Medium
2,2,Low,Medium,Medium,High,90.47582641191079,High
13,3,Medium,High,Medium,High,68.94696460274719,Medium
18,1,Low,Low,Low,Low,4.851837960906201,Low
4,1,Low,Medium,Low,High,87.27147350315315,High
4,2,High,Low,Medium,Low,45.17400607898418,Medium
19,3,Low,Low,Low,Medium,54.360665938562136,Medium
16,4,Medium,Medium,High,Low,43.342038190844285,Medium
20,2,Low,High,Medium,Low,62.19539696438627,Medium
9,4,Low,Low,Low,Low,37.60762799375546,Medium
4,1,Low,High,Low,Low,53.81056153945348,Medium
3,0,Low,Low,Medium,Medium,46.79354818198567,Medium
5,3,Low,Low,Low,Low,43.80676243087633,Medium
3,6,High,Low,Medium,High,84.83471441825169,High
6,3,Low,Medium,Medium,High,81.9675057297914,High
6,3,Low,Medium,Low,Medium,58.42947076418882,Medium
17,3,High,Low,Medium,Low,14.954318223025265,Low
2,4,Low,Low,Medium,Medium,80.02042625745327,High
0,2,Medium,Medium,High,Low,51.233685476159195,Medium
23,1,Low,Medium,Medium,Low,53.19660467783196,Medium
3,5,Low,Low,Medium,High,98.8135904889481,High
5,3,Medium,High,Low,Low,49.94393552612268,Medium
8,3,High,Medium,Medium,High,46.38167908539745,Medium
21,0,Low,Low,Low,Low,19.863893620249257,Low
13,0,Medium,Low,Medium,Low,0.0,Low
11,2,Low,Medium,Low,Low,30.933101675603073,Medium
19,2,Low,Low,Medium,Medium,48.13982794971311,Medium
23,2,High,Medium,Low,Low,45.63690642541947,Medium
3,0,Low,Low,Medium,Low,36.5329434041882,Medium
20,0,High,Medium,Medium,Medium,30.54284913369724,Medium
23,2,Low,Low,Medium,High,76.0002328973754,High
11,0,High,High,High,Medium,35.50608197382161,Medium
9,0,Medium,High,Medium,Low,12.383896302547988,Low
21,5,High,High,Low,Low,52.441386259339765,Medium
6,1,Low,Low,Medium,Medium,46.301824403983645,Medium
2,2,High,Medium,Medium,Medium,55.86752524642518,Medium
22,1,Medium,Medium,High,High,78.31375546502603,High
13,0,Medium,Medium,High,Medium,28.222045391924787,Low
23,0,High,Low,Low,Low,21.707239871901777,Low
9,0,Medium,Medium,High,Low,12.73040152080762,Low
15,0,High,High,Low,Medium,21.537136048197517,Low
15,2,Low,Low,High,Low,31.534943819015577,Medium
21,4,Medium,Low,Low,High,70.84265826338648,High
9,0,High,Low,Low,Low,12.14017680465998,Low
12,1,Low,Low,High,Medium,36.958461679056185,Medium
5,3,Medium,Medium,Medium,Low,46.634001472753795,Medium
11,1,High,Medium,High,Low,14.332910836692603,Low
8,2,Medium,Low,Low,Medium,31.538063990890457,Medium
12,1,Low,Medium,Medium,Medium,50.812693224300645,Medium
3,4,Low,Low,Medium,Low,63.77227079610657,Medium
23,3,High,Low,Low,Low,42.268576709173786,Medium
10,1,High,Medium,Low,Medium,26.66961861242622,Low
19,2,High,Low,Low,High,49.06665501324763,Medium
17,1,Medium,Medium,High,Low,19.438109144737304,Low
10,4,Medium,Low,High,Medium,44.89638881681032,Medium
20,0,Low,Medium,Medium,Low,26.063822073613142,Low
3,5,Low,Low,Low,Medium,86.22583163261172,High
17,2,Low,High,Low,Medium,64.228078930835,Medium
0,3,Low,Medium,Medium,Low,56.5411066699304,Medium
6,3,High,Low,High,Medium,54.22831441450364,Medium
5,1,High,Low,Medium,Low,16.73333920521382,Low
14,2,Medium,Low,Medium,Low,12.160362586820348,Low
17,0,High,Medium,Medium,Medium,22.859198084261816,Low
23,1,High,Low,High,Low,29.18127445723455,Low
10,0,Medium,Medium,Medium,Medium,28.405446998940747,Low
19,4,Medium,Low,High,Low,42.237910834115716,Medium
23,4,Low,Low,Low,Medium,71.93805982102789,High
14,3,Medium,Low,Medium,Low,29.05999203360208,Low
15,1,Low,Low,Medium,Low,9.500247514030496,Low
6,4,Low,Medium,Medium,Medium,69.5935543226942,Medium
20,1,High,Low,Medium,Low,5.1216005259553015,Low
9,5,Low,High,Low,High,86.78562030991384,High
11,0,Low,Medium,Low,Medium,30.03018151654587,Medium
23,3,Medium,Low,High,Low,46.67073812276461,Medium
13,0,Medium,Low,Low,High,31.69699180539525,Medium
4,4,Low,Low,High,Low,70.6699043917266,High
20,1,Low,Medium,Medium,Low,47.09586221148542,Medium
17,2,High,Low,Medium,Low,28.584682240853212,Low
4,2,Low,Low,High,High,81.58333045025505,High
2,2,High,Low,High,Medium,50.95195327189918,Medium
22,1,Medium,Low,Medium,Medium,50.02763128825015,Medium
4,2,Medium,High,Low,Medium,68.52239329929026,Medium
23,3,Low,High,High,Medium,100.0,High
16,1,High,Low,High,Medium,27.12978865728863,Low
18,2,High,Medium,High,Low,17.33415949168692,Low
18,4,Low,High,Medium,Low,47.995634694592084,Medium
20,2,Low,Low,Low,Low,38.08805108567428,Medium
11,1,Low,Medium,High,High,60.753798575601245,Medium
8,0,High,Low,Low,Medium,18.495005249205583,Low
0,2,Medium,Medium,Low,Medium,63.09296441559001,Medium
17,2,Low,Medium,Low,Low,23.732628584994742,Low
20,2,Low,High,Low,Low,42.94478141529753,Medium
3,2,Medium,Low,Medium,High,73.07051873653086,High
9,0,High,Medium,Low,Low,0.9509832543865917,Low
6,3,Medium,Low,Low,Medium,51.83691726750786,Medium
21,1,Low,Low,Low,Low,30.03628769903145,Medium
22,3,Low,High,Medium,Medium,89.91715300931719,High
0,5,Medium,Medium,Medium,Medium,74.62458988696778,High
16,4,Low,Low,Medium,Medium,50.136974429075366,Medium
23,2,High,Medium,High,Low,47.717183348178224,Medium
1,2,Medium,Low,Medium,Medium,44.75308670797028,Medium
10,5,Low,Low,Low,Low,43.738673984201064,Medium
8,0,Medium,Medium,High,High,51.12147160144937,Medium
6,2,Medium,Medium,Low,Medium,43.82354700458095,Medium
21,4,Medium,Low,Low,Low,43.61121386347291,Medium
16,6,High,Medium,Medium,Medium,59.3478092954263,Medium
16,0,Medium,Low,High,Medium,26.142557980331667,Low
1,2,High,Low,High,High,69.63517644647936,Medium
5,1,Medium,Low,Low,Low,23.97453585352326,Low
13,1,Low,High,Medium,Low,27.059044147960982,Low
5,3,Low,High,Medium,High,90.44912535874744,High
1,3,High,Low,Low,High,62.93447189154066,Medium
0,4,High,Low,Low,Low,40.02324817035741,Medium
9,2,Medium,Medium,Medium,Low,26.699970068308158,Low
20,4,Medium,Medium,Low,Low,39.1739251940473,Medium
4,4,Low,Low,Low,Low,49.8180764298445,Medium
1,4,Medium,Low,Low,Low,62.322351900556185,Medium
21,3,High,High,Low,Low,37.37346160081616,Medium
15,3,High,Medium,Low,High,45.93641065547235,Medium
1,3,Low,Low,Low,Low,60.1661372461098,Medium
9,1,Low,Medium,Low,Medium,35.38787329867448,Medium
1,1,Medium,Low,High,Medium,46.38159398335894,Medium
15,3,Medium,Low,Low,Medium,27.50703754360342,Low
15,6,Low,High,Medium,Medium,72.41308714582448,High
18,0,Medium,Low,High,Medium,16.57504382681018,Low
6,2,Low,Low,High,High,67.00201965337445,Medium
21,2,High,Medium,Low,Medium,39.31560557392717,Medium
11,0,Medium,High,Low,Low,21.82944872059967,Low
23,7,High,Medium,Medium,Low,74.43340903341162,High
14,3,High,Low,High,High,57.653931294386624,Medium
7,4,Medium,Medium,Low,Medium,45.633482586433644,Medium
5,6,High,Medium,Medium,High,70.53646712438093,High
9,2,Medium,Low,High,Low,24.208849587321748,Low
2,1,High,Medium,Medium,Low,31.86053785863655,Medium
18,2,Low,Low,Medium,Low,23.783621836960606,Low
16,0,High,High,Medium,Low,24.69542513294163,Low
6,1,Low,Medium,Low,Medium,61.2263887262894,Medium
20,1,Low,Low,Medium,High,63.06947934933367,Medium
19,5,Medium,Medium,Medium,Medium,76.36129664344881,High
3,2,Medium,Low,Medium,Low,48.149399399043304,Medium
13,2,Low,Medium,High,Medium,56.9444097984482,Medium
19,4,Medium,Low,High,Medium,57.37164216386265,Medium
21,1,High,Low,Low,Medium,24.66561591353264,Low
14,4,Low,Medium,Medium,Medium,61.26682123968144,Medium
23,0,Medium,Medium,Medium,Medium,44.30064658028723,Medium
7,5,Low,Low,Medium,Low,41.137033421798066,Medium
20,0,Medium,Medium,Medium,Medium,42.58995560668457,Medium
14,0,Medium,Medium,Medium,Medium,23.22011962078192,Low
21,2,Low,Low,Medium,Low,47.26762347726874,Medium
19,2,High,Low,Medium,Low,24.47722322608602,Low
13,0,Medium,Medium,High,Low,20.696220214115463,Low
8,2,High,Low,Low,Low,5.721870819320195,Low
7,5,Medium,High,Low,High,79.79080396832047,High
16,2,High,Medium,Medium,Low,12.224404609546301,Low
1,4,Low,High,High,Low,85.5389340360938,High
23,1,Low,Low,Low,Low,44.1017281131523,Medium
2,2,Medium,Medium,Low,Low,52.698987436687716,Medium
7,0,High,Low,High,Medium,5.958644129689478,Low
11,1,Low,Medium,High,Medium,42.970799466445605,Medium
0,1,High,Low,High,Low,23.31967744195247,Low
9,0,Low,Low,Low,High,34.962652847672665,Medium
19,0,Low,Low,High,Low,29.35724956791768,Low
2,3,Low,Low,Medium,Medium,75.54024855352743,High
5,2,Medium,Medium,Medium,High,79.48070634005985,High
6,1,High,Medium,Low,Medium,44.10279078172531,Medium
19,4,Low,Medium,Medium,High,85.07403692322954,High
22,2,Medium,Low,Low,High,71.32459308992404,High
17,4,Low,Low,Low,High,71.35100296191358,High
10,1,Medium,Medium,Medium,Low,17.40093375519192,Low
18,3,Low,Medium,Low,Medium,50.6195347899961,Medium
4,0,Medium,Low,Low,High,53.62255110704452,Medium
18,2,Medium,Medium,Medium,High,56.898935017347746,Medium
10,3,Medium,Medium,High,High,66.4816495850904,Medium
23,0,Low,High,Low,High,81.85236175346589,High
11,4,Low,Low,High,Medium,67.42387646680056,Medium
9,3,Medium,Medium,Medium,Low,36.02141106995537,Medium
7,4,High,Low,Medium,Low,13.283476017838424,Low
23,0,High,Medium,Medium,Low,21.208589858242618,Low
8,0,High,Low,Medium,Low,1.5042147298084005,Low
3,3,High,Medium,Low,Low,45.39142939215053,Medium
4,4,Medium,Medium,Low,Low,46.50005263077712,Medium
20,1,Low,Low,Medium,Low,20.59967738921133,Low
7,4,Low,Medium,High,High,78.50469198570377,High
22,2,Medium,Medium,Low,Low,46.541445952835495,Medium
8,1,Medium,Low,Medium,Low,11.76329353294355,Low
14,2,High,Low,High,Medium,26.364982481176636,Low
14,1,Low,Low,High,High,50.657375154193545,Medium
15,2,Medium,Medium,Low,Low,16.984249518207545,Low
13,3,Medium,Medium,Medium,Low,32.95839913162036,Medium
7,1,Medium,Medium,Low,Low,4.823847950058925,Low
17,2,Low,Low,High,Low,30.11647100378333,Medium
9,4,High,Low,Low,Low,25.115610867672913,Low
19,0,Low,Low,High,Medium,42.890313092165904,Medium
5,4,High,High,High,High,85.96218617483684,High
11,2,High,Low,High,Medium,32.49411243493108,Medium
1,0,Low,Low,High,Low,39.05184188245014,Medium
6,1,Low,Medium,Low,Low,35.39056766112918,Medium
15,1,Medium,High,Low,Low,14.199131719710891,Low
2,1,Medium,Low,Medium,Low,37.91646458780175,Medium
12,3,Low,Low,Medium,Medium,47.977192420653225,Medium
2,1,High,Medium,Low,High,70.99710355951,High
17,1,Medium,Medium,Medium,Low,23.267100759277277,Low
10,4,Low,Low,High,High,79.08883048724354,High
7,1,Medium,Medium,High,High,59.371807114202284,Medium
5,2,Low,Medium,Low,Low,37.65609570545792,Medium
0,2,Low,Medium,Medium,Low,61.87728760149319,Medium
0,0,Medium,Low,Medium,Low,33.0469731940844,Medium
22,1,Low,Low,High,Medium,60.25815424268162,Medium
7,3,Medium,Medium,Medium,Low,37.39916612235047,Medium
4,3,High,Medium,High,Low,53.34755845508106,Medium
15,1,High,Medium,High,High,50.83784396426135,Medium
10,1,Low,Medium,High,Low,38.620617078633316,Medium
4,0,Low,Low,Medium,Low,41.56728876630036,Medium
3,0,Medium,Low,High,Medium,58.883802749727764,Medium
5,2,Medium,Low,High,High,76.50967771497527,High
13,8,High,High,Low,Low,41.10796507424519,Medium
21,2,Medium,Low,Low,Low,29.743849752336395,Low
18,4,Low,Low,High,Medium,71.21117046834895,High
8,2,Medium,Low,Low,Medium,23.294386455181737,Low
11,2,High,High,Medium,High,40.27586183033109,Medium
10,3,High,Medium,High,Low,34.78196483461175,Medium
13,3,Low,High,High,Medium,64.68273183843131,Medium
22,2,Medium,Low,Low,Low,29.7844495500849,Low
15,3,Low,Medium,Medium,High,65.72453802707179,Medium
0,1,Medium,Low,Medium,Low,25.6379388402343,Low
12,6,Low,Low,Low,Low,50.1925309895063,Medium
22,2,High,Low,High,Low,48.72304693729834,Medium
20,4,Medium,Low,Medium,Low,38.62122344089384,Medium
20,3,High,Medium,High,Low,40.13283053978589,Medium
12,1,High,High,Low,Low,18.17292028416883,Low
1,1,Low,Low,Medium,Low,55.0349657681774,Medium
3,0,Medium,High,High,Low,42.63802041493617,Medium
5,0,High,Low,Medium,High,40.00554663728505,Medium
22,3,Medium,Low,Low,Low,50.48699234812346,Medium
4,2,Medium,Low,High,Medium,57.991950948114244,Medium
2,4,Medium,Low,High,Medium,66.98750863789724,Medium
0,5,Medium,Low,Medium,Low,59.997972986871396,Medium
3,2,Low,Medium,Medium,Low,48.30227807930699,Medium
19,0,Medium,Medium,Low,High,52.229025345376755,Medium
1,8,Low,Medium,High,Low,79.4864188884786,High
4,8,Low,Low,High,Low,76.81575962020436,High
2,4,Low,Medium,Low,Low,62.8332113068911,Medium
8,0,Low,Medium,Low,Low,20.715507271203265,Low
19,2,Medium,High,High,Low,49.26466951758677,Medium
5,1,Low,Low,Low,High,50.91479036360338,Medium
17,0,Low,High,High,High,58.333939649112686,Medium
5,1,High,Medium,High,High,66.37671620748269,Medium
18,2,High,Medium,High,Low,28.746637731025242,Low
11,2,High,Low,Medium,High,30.61965270495287,Medium
10,1,High,Low,Medium,Medium,17.387498452685634,Low
1,0,Low,Medium,Low,High,74.89376208272348,High
14,0,Low,Low,Medium,Medium,32.19736860659707,Medium
11,4,Low,Low,Medium,Low,39.64877484564485,Medium
11,1,High,High,Medium,High,53.27440380388123,Medium
8,1,High,Low,Low,Low,0.0,Low
20,2,Low,Low,Low,High,65.04418110480633,Medium
23,1,Low,Medium,Low,Low,43.12343161429704,Medium
1,2,Medium,Low,High,High,72.79758989549806,High
21,1,Low,Medium,Medium,Low,27.491679609350385,Low
2,2,Medium,Medium,Low,Low,38.65804843538173,Medium
11,4,High,Low,Medium,Medium,32.71987926657701,Medium
15,3,Medium,Medium,Low,Medium,36.0185675117172,Medium
20,1,High,Low,High,Medium,40.37428409137034,Medium
23,2,Low,High,Medium,Low,57.56535058903174,Medium
0,2,Medium,High,Low,Low,49.16714148196498,Medium
20,0,High,Low,Low,Low,10.86544532248436,Low
2,5,Medium,Medium,High,Low,63.05096219354641,Medium
19,3,Medium,Medium,Medium,Medium,64.61291175393566,Medium
1,3,Medium,Low,Low,Low,44.0716680045409,Medium
8,4,High,Low,Medium,Low,27.135034711407407,Low
18,5,Low,Low,Low,High,64.33307241040187,Medium
14,1,Low,High,Low,Low,27.440264617371618,Low
17,2,Low,Low,High,Medium,44.14432875396483,Medium
10,2,High,Low,Low,Low,11.870484479213841,Low
22,1,High,Low,High,Low,38.690092360006076,Medium
15,4,Low,Medium,Medium,Medium,63.38337765793371,Medium
21,0,Low,High,Low,Low,36.68766530920462,Medium
16,5,High,Medium,High,Medium,51.38324981578883,Medium
4,0,Low,Low,Medium,High,75.30648942379136,High
11,1,Low,Low,Medium,High,47.877051806132194,Medium
10,2,Low,Low,High,High,50.75523131040197,Medium
14,1,Low,Low,High,Medium,33.23470619371614,Medium
2,0,Medium,Medium,Low,Low,28.77835716306402,Low
0,0,Medium,Low,Low,Low,22.945260536930924,Low
19,0,Medium,Medium,Medium,Medium,38.56288530090121,Medium
15,1,High,Medium,Low,Medium,15.791042025949562,Low
1,3,Low,Medium,Medium,Low,62.09233304784164,Medium
1,5,Low,High,Low,Low,78.85523553329101,High
2,1,High,High,Medium,Low,44.789192380436006,Medium
7,0,High,Low,Low,Low,0.0,Low
23,0,Low,High,High,Low,73.83409384536694,High
14,3,Low,Medium,High,Medium,56.863604941983795,Medium
6,3,Low,Medium,Low,Low,44.42831602002559,Medium
5,3,Medium,Low,High,Medium,46.41200637405666,Medium
8,1,Low,Low,Low,Medium,35.57579590325123,Medium
19,0,Medium,High,Medium,Low,20.86991085828752,Low
0,1,Low,Low,Low,Low,30.326959458385133,Medium
7,6,High,Low,High,Low,32.79875888393964,Medium
22,2,Low,Low,Medium,Medium,68.79140140042796,Medium
22,3,Medium,High,Low,Medium,73.46672597150477,High
2,1,Low,Low,High,Low,61.175779531726064,Medium
3,2,Low,High,Low,Low,59.88141989253651,Medium
14,0,Medium,Low,High,Low,6.181397720426721,Low
5,5,High,Low,Low,Medium,51.75732908160744,Medium
14,1,Medium,Low,High,Low,14.250870896559055,Low
20,3,Medium,Medium,Medium,Medium,56.25993670580693,Medium
2,2,Low,Low,High,Medium,68.95753296797726,Medium
20,2,Medium,Low,High,Low,24.16305134402368,Low
20,1,Low,Low,High,Medium,55.1314885764583,Medium
13,2,Low,Low,Medium,Low,31.87489128222635,Medium
19,0,High,Medium,High,Low,20.17052020535007,Low
13,2,High,Low,Medium,Low,10.734951565999857,Low
3,1,Medium,Low,Low,Low,40.330824285232396,Medium
11,0,High,Low,High,Low,0.0,Low
16,6,High,Low,Medium,Medium,45.23278518601884,Medium
6,2,Low,High,Low,High,80.59578668131347,High
8,4,High,Low,Medium,Medium,47.625727055997224,Medium
2,0,Medium,Low,Medium,Low,40.14551256393296,Medium
12,1,High,Low,Medium,High,39.77725248582189,Medium
14,1,Medium,Medium,Medium,Low,39.25524193859209,Medium
17,2,Medium,Medium,Low,Low,20.171764548932945,Low
18,1,Medium,Low,Medium,Low,0.0,Low
0,1,Low,Medium,High,Medium,68.93211452177106,Medium
5,1,High,Medium,Medium,Low,22.293876732674548,Low
22,2,Low,Low,Medium,Medium,75.30172669450866,High
1,3,Low,Low,Low,Low,51.879847629439624,Medium
23,3,Low,Medium,Low,Medium,83.95745600699462,High
13,0,Low,Medium,Medium,Medium,41.82667384092387,Medium
5,7,Low,High,Low,High,99.76560295969715,High
13,2,Low,Low,Medium,High,58.42004639941633,Medium
3,2,Medium,Medium,Medium,Medium,65.70543656310352,Medium
20,2,Medium,Low,Medium,Low,34.82615461794421,Medium
7,2,Low,High,Medium,Medium,55.498630777594094,Medium
2,0,Low,Medium,High,Low,48.708699226708994,Medium
18,3,High,Medium,Low,High,53.462550064686226,Medium
13,0,Low,Low,Medium,High,45.170287817263564,Medium
19,1,Low,Low,High,Low,34.749099862879426,Medium
16,4,Low,Medium,High,Medium,78.11210161826989,High
7,2,Low,Low,Medium,Low,30.285648971127465,Medium
23,3,Medium,Low,Medium,Low,43.647293761035606,Medium
13,3,Low,Low,Low,Medium,46.59640734527623,Medium
5,3,Medium,Low,Low,Low,24.35122391150128,Low
22,1,Low,Medium,Medium,High,76.12451771313401,High
21,1,Medium,Low,Low,Low,22.809464120187776,Low
15,2,High,Low,High,High,39.84734970355661,Medium
18,1,Low,Low,Medium,Medium,35.24750242030095,Medium
13,2,Low,Medium,Low,High,53.76067260380167,Medium
18,4,Low,High,Low,Low,48.26090391744889,Medium
2,5,Medium,Low,Medium,Low,56.40747371472455,Medium
9,1,Low,Medium,Low,High,53.432468112282784,Medium
18,3,Medium,Low,High,Medium,54.84382558954191,Medium
8,1,Low,Medium,High,Low,39.69241709434964,Medium
19,2,Low,Medium,High,Medium,64.32293068371047,Medium
12,4,Low,Low,Medium,High,66.76173838995854,Medium
6,2,Low,Low,High,Medium,52.767753825355065,Medium
13,1,Low,Medium,Medium,Medium,36.775089741695766,Medium
8,3,Low,High,Medium,High,77.10680952464348,High
22,3,Medium,High,Medium,Low,70.99668718166824,High
18,3,Low,Medium,Low,High,47.04685553552006,Medium
14,4,Medium,Low,Low,Medium,45.12925625134049,Medium
19,2,Medium,Low,High,Low,38.88536978389457,Medium
13,3,Medium,Medium,High,Low,21.199131280468677,Low
23,1,High,Low,Medium,Low,30.22198303799714,Medium
5,1,Low,Medium,Medium,Medium,52.38196842905986,Medium
20,1,Low,Low,Medium,Medium,45.99994859939817,Medium
3,1,Medium,Low,Medium,High,66.28610397085751,Medium
7,3,Medium,Low,Medium,High,53.907855816378486,Medium
16,4,Medium,High,High,Low,39.775728086313634,Medium
8,2,Low,Low,Medium,Medium,50.76159903519255,Medium
0,2,Medium,Medium,Low,Medium,57.146591574060906,Medium
23,4,High,Medium,High,Low,75.78171245881651,High
19,2,Low,High,Medium,Medium,63.346212966296285,Medium
13,2,High,Low,Medium,Low,4.65466456717544,Low
10,2,Low,Medium,Medium,Low,35.94229624555211,Medium
20,1,Low,High,Medium,Low,53.39145296894647,Medium
2,5,Low,Low,Low,Medium,87.64190371270021,High
8,5,Medium,Medium,Low,Medium,47.072173741644185,Medium
13,0,Medium,Low,Medium,Medium,16.997966771517042,Low
8,0,Medium,Low,Medium,Medium,30.195776445441265,Medium
3,2,Medium,Low,Low,Low,34.78667416855034,Medium
3,1,Low,Medium,Medium,Low,58.341854972153534,Medium
7,2,Low,Medium,High,Low,26.63559429209118,Low
1,1,Low,Low,Low,Low,31.32372887141059,Medium
8,3,High,Medium,High,High,64.79676260202476,Medium
13,2,Low,Low,High,Medium,44.110356890729655,Medium
21,0,High,Medium,High,Low,27.536389676339397,Low
8,2,Low,High,High,Low,42.23393503783521,Medium
23,2,Low,Low,Medium,Medium,56.06257662951549,Medium
22,0,Low,Medium,Medium,Medium,62.55604775864244,Medium
15,0,Low,Medium,Medium,Medium,28.61863954637517,Low
16,0,High,Medium,Low,Low,3.751117074072085,Low
15,5,Medium,Low,Low,Medium,39.205878212310566,Medium
11,3,High,Low,Low,Low,16.91462316383212,Low
2,2,High,Medium,Low,High,68.3794124721409,Medium
10,2,Medium,Low,High,Low,18.18802535438732,Low
13,1,Medium,Low,High,Low,16.050382533729532,Low
17,3,Medium,Medium,High,Medium,54.573376879586576,Medium
20,1,Medium,Low,Low,Low,19.094805345583826,Low
20,2,Low,Medium,Low,Medium,67.69444050778557,Medium
4,0,Medium,Low,High,Low,43.44650789389462,Medium
15,2,Medium,Medium,Medium,Low,19.789387904500614,Low
19,4,Low,High,High,High,93.29600942349349,High
4,3,Medium,High,High,Low,59.66581560388156,Medium
2,1,High,Low,Medium,Low,40.81512188722776,Medium
11,1,Medium,High,Low,Low,14.691530022331886,Low
0,1,Medium,Low,Low,High,58.6688255102448,Medium
20,1,Low,Low,Low,Medium,43.06661740431505,Medium
8,1,High,Medium,Medium,High,53.625569141405165,Medium
8,2,Low,High,High,High,68.13722291880562,Medium
3,1,High,High,Low,Medium,63.522242413824245,Medium
2,2,High,Low,Low,Low,32.084577401249874,Medium
16,2,High,Medium,Medium,High,48.23370715542228,Medium
1,2,Low,Medium,Low,Low,54.8405850945326,Medium
23,1,Low,Low,High,High,74.77682903132488,High
0,2,High,Medium,Low,Medium,52.50660970537205,Medium
7,0,High,Low,High,Medium,13.65543988212536,Low
12,0,High,Low,High,Low,0.0,Low
22,2,Medium,Medium,High,Medium,60.93676046413774,Medium
14,1,Medium,Low,Low,Medium,28.09640649685659,Low
7,1,Low,Low,Low,Low,13.898716431484619,Low
11,7,High,Low,High,High,67.02691153706876,Medium
21,0,Medium,Medium,High,Medium,41.93445913920962,Medium
11,0,Low,Low,Medium,Low,12.83170678943813,Low
13,3,Low,Low,Medium,Medium,46.54427307449303,Medium
14,1,Medium,Medium,Low,Medium,33.383034811070445,Medium
14,1,Medium,Low,High,High,39.88318647285974,Medium
8,0,Low,High,Low,Medium,40.07489508574312,Medium
18,7,Low,Low,Low,Low,45.425158636961406,Medium
19,3,Low,Low,Low,Low,46.50288921983672,Medium
21,2,Low,Low,High,Low,50.91152934991513,Medium
7,2,High,Low,Low,Low,1.2254837139700143,Low
20,1,Medium,High,Medium,Medium,49.16188354914723,Medium
18,3,Medium,Low,Medium,Low,20.808140707793296,Low
5,1,High,Medium,Low,Low,13.10919759622728,Low
19,2,Low,Low,Medium,Medium,58.23457869732277,Medium
18,1,High,Medium,Low,Low,10.730813534381154,Low
3,1,High,High,Low,Low,41.071687922247804,Medium
22,0,Medium,Low,Medium,Medium,50.17820842351661,Medium
6,3,Medium,Medium,Medium,Low,37.46849860455276,Medium
3,3,Medium,High,Low,Medium,80.77218090318452,High
21,2,High,Medium,High,Medium,60.45169744322872,Medium
11,2,Low,Low,High,High,61.846832907123186,Medium
12,1,Low,Low,Medium,Low,19.957162598065203,Low
2,3,High,Low,Medium,Low,43.01011862633958,Medium
21,1,High,High,Low,Medium,35.66527083212708,Medium
11,1,Medium,Medium,High,Low,20.821195012182237,Low
1,3,Low,High,Medium,Low,85.34822600753213,High
23,3,Low,Low,Low,Low,65.74928710171872,Medium
1,2,Medium,Low,High,Medium,60.548300312739485,Medium
22,2,High,Low,Medium,High,62.73193888952337,Medium
8,3,Low,Low,Medium,High,68.17308905315686,Medium
0,1,Medium,Low,Low,High,60.78526172930002,Medium
7,1,High,Low,Low,Low,6.678452277849849,Low
22,1,Low,Medium,High,Medium,67.54182107240342,Medium
5,3,High,Low,Medium,Low,30.834062874373892,Medium
5,4,Low,Low,Low,High,73.83286165706254,High
21,5,High,High,Medium,High,86.96631815669488,High
17,2,High,High,Medium,High,53.57532264613316,Medium
16,2,Low,Low,Low,High,51.16230780254518,Medium
11,1,High,High,Medium,Medium,37.81722957116061,Medium
5,2,High,Low,Medium,Medium,42.17467557516343,Medium
7,5,High,Low,Low,High,54.03651463160889,Medium
18,3,Medium,High,Low,Medium,57.70093171442737,Medium
9,2,Medium,Medium,Low,High,42.27904622096355,Medium
0,1,Low,High,Medium,High,82.0227867164347,High
12,5,Low,Medium,Medium,Medium,63.43860414242531,Medium
16,2,Medium,Low,Low,Low,12.064113618189845,Low
2,2,Low,Medium,Medium,Low,68.74261716169138,Medium
7,1,Medium,Low,Medium,Low,8.884967445266904,Low
13,1,Medium,Low,Medium,Low,4.323139423718446,Low
2,0,High,Low,Low,Low,16.147423976346715,Low
15,3,High,Low,Medium,Medium,32.48579859141953,Medium
12,3,Low,High,Medium,Low,41.54027162510295,Medium
19,1,Medium,High,Medium,High,79.57955767737909,High
23,2,High,Medium,High,Low,33.95057173063706,Medium
16,4,Low,Low,Low,High,59.421575177142316,Medium
12,2,Low,Medium,High,Low,34.63042732725858,Medium
5,1,High,Medium,High,Medium,38.150421635860305,Medium
16,3,Low,High,Medium,Medium,67.03779215831663,Medium
13,6,High,Low,High,Medium,44.06147212399126,Medium
16,2,High,Low,Medium,Medium,29.72265965035789,Low
7,0,Medium,High,Low,Low,25.477934582523154,Low
10,3,High,High,Medium,Low,40.42328322218781,Medium
19,1,Low,Low,High,Low,36.9580304142319,Medium
0,1,High,Low,Low,Low,26.010887174808754,Low
6,1,High,Medium,Medium,Medium,45.303918887824736,Medium
20,5,Low,Medium,High,Medium,81.28207077539439,High
20,0,Medium,Medium,High,High,55.07490363072775,Medium
16,3,Medium,Low,Low,High,42.056486276245494,Medium
9,1,Low,Low,Low,Low,17.851306938424234,Low
10,0,High,Low,Low,Low,0.0,Low
21,2,Medium,Medium,Medium,Medium,46.75445841938496,Medium
8,0,Medium,Low,High,Low,20.624245549431606,Low
8,3,Low,Low,Medium,Medium,51.043338041558464,Medium
23,1,Medium,Low,High,Medium,56.4212691535507,Medium
4,1,High,Low,High,Medium,44.67689147664232,Medium
16,1,Medium,Low,Medium,High,44.628035993985655,Medium
8,4,High,Low,Low,High,42.8995417345685,Medium
16,1,Medium,High,Low,High,42.848518930663886,Medium
23,2,Low,Low,Low,High,73.68436450211928,High
20,1,Medium,Low,Low,High,40.921760830800736,Medium
18,2,Low,Low,Low,Low,24.7905283948278,Low
6,0,Low,High,Low,High,70.19550177905204,High
22,2,Low,Low,Medium,Low,52.36874026027476,Medium
8,2,High,Low,Medium,Medium,29.50185443052467,Low
6,2,High,Low,Low,Low,22.24059792613379,Low
12,1,Low,Medium,Medium,Low,23.938399306416613,Low
10,2,Low,Medium,Medium,Low,36.879672881181584,Medium
13,0,Low,Low,Medium,Low,15.882558639987264,Low
18,4,High,Low,Medium,Low,19.303789564917807,Low
10,2,Medium,Low,Medium,Low,13.85373789924732,Low
12,5,Medium,Medium,High,High,81.11405297639412,High
13,2,Medium,Medium,Low,High,42.10749395820103,Medium
12,3,Medium,Low,Low,Medium,35.00088627902125,Medium
0,2,Low,Medium,Low,High,84.35003954136388,High
7,3,Low,Low,Medium,Medium,46.83128065955513,Medium
11,1,Low,Medium,Medium,High,56.297166648806446,Medium
18,1,Medium,Medium,Medium,Medium,35.5268767301083,Medium
11,2,High,High,Low,Medium,28.53878529766497,Low
7,1,Low,Low,Medium,High,51.51273664268598,Medium
7,2,Low,Medium,Medium,Low,27.70815845140178,Low
20,3,High,Low,Low,Low,31.189715577868547,Medium
12,2,Low,Low,Medium,Medium,33.24291716182898,Medium
11,2,Low,Low,High,Low,15.624730072509818,Low
15,1,High,Low,High,Low,0.0,Low
0,2,Medium,Low,Low,Low,36.66055254142241,Medium
12,1,Medium,High,High,High,50.68237590874378,Medium
6,2,High,Medium,Low,High,49.16110166025655,Medium
4,2,Medium,Low,Medium,Low,36.81373911864486,Medium
7,1,Low,Low,Low,Low,19.173360220272784,Low
13,3,Medium,Low,High,Low,21.395202039408137,Low
22,0,Medium,Low,Low,Medium,38.740524338230074,Medium
12,2,High,Low,Low,Low,5.642127361186892,Low
14,3,High,Low,High,Low,12.327393842425645,Low
22,2,Low,High,Medium,Low,69.44014076505387,Medium
16,2,Medium,Medium,High,Low,41.50913434803482,Medium
14,3,Low,Medium,Low,Low,25.629320570955283,Low
19,2,Low,Medium,Medium,Medium,55.70437413390262,Medium
17,2,Medium,Low,High,Low,12.3645377379192,Low
17,4,Medium,Low,Medium,Medium,41.81102920730536,Medium
1,3,Medium,Low,High,Low,42.29371646091858,Medium
3,2,Medium,Medium,High,Low,60.517905679573204,Medium
0,4,High,Low,Medium,Low,56.4824900525345,Medium
3,2,High,Low,Low,Medium,51.153312525403464,Medium
17,0,Medium,High,Low,Medium,36.61465344927393,Medium
4,1,Low,Low,Low,High,71.6920776099772,High
18,3,High,Medium,Medium,Low,31.47860643307546,Medium
14,3,High,High,High,Low,35.179356785373884,Medium
7,3,Low,Low,Medium,Low,28.781217215705617,Low
19,2,Medium,Medium,High,Low,43.984049883300074,Medium
16,4,High,Medium,High,Low,32.68742526325609,Medium
0,2,Medium,High,High,Low,73.8290173021132,High
11,2,Medium,Low,High,Low,26.324436214121423,Low
18,2,Low,High,Medium,Medium,53.65499666450805,Medium
14,4,Medium,Low,High,Medium,45.98867510809673,Medium
8,4,Medium,Medium,Medium,Low,35.15571349603828,Medium
6,1,Low,Low,Medium,Low,27.495810221374427,Low
1,0,Medium,Low,Medium,Medium,49.3308908940523,Medium
8,2,Low,Low,Medium,Low,20.763591079344334,Low
9,2,Medium,Low,Medium,Medium,30.43949082309955,Medium
1,2,High,Low,Medium,High,61.37747249191932,Medium
18,3,Medium,Low,Low,High,44.717546378031564,Medium
10,4,Medium,Low,Low,Low,28.612151784502448,Low
12,2,Medium,Low,Medium,Medium,35.068637516681854,Medium
9,3,Low,Low,High,Medium,48.90190856387597,Medium
13,4,High,Low,Medium,Low,29.82303702696948,Low
17,0,Low,High,Low,Medium,44.43781794239026,Medium
18,3,Low,Medium,High,Low,44.70328437467336,Medium
21,1,Medium,Low,High,High,61.44930994708114,Medium
8,2,Medium,Medium,High,Low,36.513608110275456,Medium
6,2,Low,Medium,Medium,Low,48.640197799602745,Medium
2,3,Low,Low,Low,Medium,69.6382826951842,Medium
19,2,High,Low,Low,Low,7.476591070243025,Low
5,1,Low,Low,Medium,Low,33.573960229694265,Medium
20,2,Low,High,Low,Low,52.78998053550131,Medium
1,2,Low,Low,Low,Low,48.88655199599374,Medium
5,0,Low,Medium,High,Medium,47.59345135347783,Medium
2,1,Medium,Low,Medium,Low,30.87961567088618,Medium
15,3,Medium,Medium,Low,Low,30.334663319649096,Medium
7,1,High,Low,Low,Low,0.0,Low
1,1,Low,Low,Medium,Low,46.06542250558822,Medium
16,1,Low,Low,Low,Medium,18.384900219332295,Low
8,2,Low,High,Medium,Low,41.906160469440145,Medium
11,2,Low,Low,Low,High,56.83778085087016,Medium
2,2,Low,Low,High,Low,56.812491406896825,Medium
10,2,Low,Medium,High,Low,37.164389941690715,Medium
0,3,Low,Medium,Medium,Medium,73.70237931364726,High
22,1,Medium,Low,High,Low,28.244445631450375,Low
12,2,Low,Low,Low,Low,17.311743096706934,Low
14,0,Low,Low,Medium,Low,20.240378155685445,Low
4,2,Low,Low,Medium,Low,50.67492086742426,Medium
20,5,Low,Medium,Medium,Medium,83.14409949139367,High
16,1,Medium,Low,Low,Medium,29.607578766538758,Low
22,0,Low,High,Low,Low,51.745708933932015,Medium
23,1,Low,Low,Low,Medium,61.07354447034077,Medium
5,1,Low,Low,Medium,High,68.8113399177034,Medium
20,2,Low,Medium,High,High,71.60442102277008,High
21,5,High,Medium,Medium,Low,44.42915691281345,Medium
10,4,High,Low,High,Low,16.896192908242465,Low
17,2,Low,Medium,Low,Low,19.08251570502644,Low
3,2,Medium,Medium,High,Low,50.00809313829655,Medium
2,2,Low,Low,Medium,Low,49.46693216981712,Medium
12,5,Low,Low,Low,Low,28.767067378756476,Low
22,0,Low,Low,Medium,Low,41.727403063803614,Medium
8,4,High,Medium,Medium,Medium,43.08152581031803,Medium
20,4,Low,Low,Low,Low,54.61041176261565,Medium
5,2,High,Medium,High,Low,36.10272737588779,Medium
11,1,Medium,Medium,High,Low,23.058619087483436,Low
1,1,Low,Medium,Low,Medium,62.77165997907719,Medium
2,1,High,Medium,Medium,Medium,52.284525397384286,Medium
2,1,High,Low,Low,High,58.22219141618651,Medium
11,1,High,High,High,High,60.434974830637636,Medium
14,3,Medium,Medium,Low,Medium,33.00299049339224,Medium
8,3,Low,Low,Low,High,52.97644758039655,Medium
22,2,Low,Medium,Medium,Low,60.761846060239634,Medium
7,4,Low,Medium,Low,Medium,56.76679373058916,Medium
10,3,Medium,Low,Low,Medium,37.75188896222659,Medium
15,2,High,Low,Low,Medium,17.96509544145191,Low
21,1,Medium,Low,Low,Low,25.58371747101763,Low
3,4,High,High,Low,Low,56.89707741674761,Medium
0,1,Low,Medium,High,Low,55.096527286030884,Medium
23,4,Medium,Low,High,Medium,78.56908335083278,High
6,0,High,Medium,Medium,High,52.427061327840605,Medium
1,2,Medium,Low,Medium,Low,52.89271932006841,Medium
23,2,Medium,Low,Medium,High,76.69316530081338,High
4,2,Medium,Low,Medium,Low,48.73984428599904,Medium
6,3,Medium,Medium,Medium,High,70.2186762086207,High
3,4,High,High,Medium,High,100.0,High
4,3,Medium,High,Medium,Low,63.4135149895633,Medium
23,4,Low,Low,Medium,Low,49.68092971034907,Medium
0,0,Medium,Medium,Medium,Low,39.84606972322986,Medium
0,4,Low,Medium,Medium,High,100.0,High
14,3,Medium,Low,High,Low,19.449458107345848,Low
19,5,Low,Medium,Medium,Medium,81.1577667652005,High
18,2,High,High,High,Low,31.693111712567184,Medium
9,3,High,Medium,High,High,66.27736945008033,Medium
17,5,Low,Low,Low,Low,42.629941512244145,Medium
2,2,Low,High,Medium,Low,67.00274533777603,Medium
10,0,Medium,High,Medium,Low,12.013660021766533,Low
14,3,High,Medium,Medium,Low,13.20158015269427,Low
10,1,Low,Low,Medium,Low,27.593625313440153,Low
16,3,Low,Medium,Low,Medium,53.3647311628491,Medium
16,1,Medium,Low,High,Low,12.558363007437919,Low
5,2,Medium,Low,High,Medium,50.3274270509085,Medium
4,2,Low,Medium,Medium,Low,57.57722537275077,Medium
7,1,Medium,High,Low,Low,9.993465376346991,Low
1,2,High,Medium,High,Low,54.07873906719906,Medium
15,3,Low,Medium,Medium,Medium,61.84460706072043,Medium
19,1,Medium,Low,Medium,Low,20.027905372815457,Low
23,5,Low,Low,Medium,Low,68.75043785923903,Medium
11,0,Low,High,High,Medium,45.321478251791305,Medium
5,1,Low,Medium,Low,Low,47.06750122911637,Medium
0,1,Medium,Medium,High,Medium,69.22452292282011,Medium
3,3,High,Low,Medium,Low,37.126870619237,Medium
16,1,Medium,Medium,Medium,Low,21.630188403972223,Low
12,0,Low,High,Low,Medium,35.73754436696717,Medium
17,2,Low,Low,Low,Low,17.12280482183192,Low
4,1,Medium,Low,Low,Low,28.342744238984363,Low
23,0,Low,Low,Low,Medium,46.35280387442447,Medium
23,2,Low,High,Low,Low,53.64529093214132,Medium
2,3,Medium,Medium,Medium,Medium,77.95868036527368,High
10,2,High,Medium,Low,High,46.26736739731536,Medium
12,2,Low,Low,Low,Medium,46.32330263561465,Medium
3,3,Medium,Medium,Medium,Low,54.00253439036769,Medium
13,1,Low,Medium,Low,Medium,30.194094277426387,Medium
21,1,Medium,Low,Medium,Low,28.15240382504973,Low
10,5,Medium,High,Medium,Low,51.568679591490614,Medium
9,5,High,Low,Low,High,53.407202103080344,Medium
18,1,Medium,Low,Low,Low,13.22991706130031,Low
17,5,Low,Low,Medium,Low,35.94095738515522,Medium
5,2,Low,Low,Low,Low,39.88602300945394,Medium
14,1,Low,Medium,High,High,66.30824290091192,Medium
20,1,Medium,Low,Medium,Low,23.388132391071498,Low
9,3,High,Medium,Low,Low,12.1321417045809,Low
4,5,Medium,Low,Medium,Medium,79.62828300768496,High
4,1,Medium,Low,Medium,Medium,54.465063433814194,Medium
9,2,Low,Medium,Low,Low,31.59624497324243,Medium
4,0,Medium,Medium,Low,High,62.67251944734789,Medium
2,4,Low,Low,Medium,Low,56.22853553641952,Medium
22,1,Low,High,High,Low,58.27983856575808,Medium
5,0,Medium,Medium,Low,Low,15.348490845558986,Low
3,1,High,Low,Medium,Medium,35.548115808892405,Medium
17,4,Low,Low,Low,Low,24.747876475778767,Low
8,3,Medium,Low,Medium,High,49.33736037444346,Medium
16,3,High,Medium,Medium,High,46.999858834419086,Medium
12,1,Low,Low,Medium,Low,18.6053215622311,Low
14,1,High,Low,High,High,39.393264720595404,Medium
19,3,Low,Low,Low,Low,31.306881144661837,Medium
16,3,Low,Low,Medium,Low,36.96585175055451,Medium
12,2,Low,Medium,Low,Medium,51.06528915139881,Medium
15,2,Low,Medium,High,Medium,39.8852804501672,Medium
21,3,Medium,Low,High,Medium,61.11510833066916,Medium
3,4,High,Low,High,Low,55.356141601908476,Medium
4,3,Low,Low,Low,High,83.56264499969674,High
4,2,Low,Medium,Medium,Medium,82.77468150542458,High
8,3,Low,Medium,Medium,Low,40.6376287632658,Medium
16,1,Medium,Low,High,High,39.318227748226754,Medium
12,3,Low,Low,Medium,High,53.04469024369287,Medium
1,2,Medium,Low,High,Low,44.29456762776227,Medium
12,2,Medium,High,Medium,Medium,46.27364748625669,Medium
21,2,Medium,Medium,Medium,High,55.777735875663474,Medium
20,2,High,Low,Low,High,46.85330503838718,Medium
22,6,Low,Low,Low,Low,74.21225184987644,High
18,1,High,Low,Low,Medium,19.026637824836026,Low
2,1,Low,Medium,Low,High,70.91401971459801,High
9,5,Low,Low,Low,Low,41.826618056149535,Medium
1,3,High,Low,High,Medium,65.21174592576625,Medium
12,5,Medium,Medium,Medium,Medium,63.181620439410445,Medium
18,2,High,Low,High,Low,18.50526300022997,Low
16,2,Low,Medium,Medium,Low,40.96976667536098,Medium
20,1,High,Low,High,Medium,40.53313079579587,Medium
13,2,Low,Medium,Medium,Low,32.536231660315586,Medium
11,2,Low,Low,Low,Low,23.982409516619224,Low
20,2,Low,High,Medium,Low,52.626596360958025,Medium
11,3,High,Low,Medium,Medium,34.42064467619366,Medium
10,2,Medium,Low,Medium,Low,20.41073405249439,Low
6,0,Medium,Medium,High,Medium,42.54497187901165,Medium
3,1,Low,High,Medium,Medium,77.82133042174641,High
18,2,Low,Low,Medium,Low,23.10220590040337,Low
0,7,Low,High,High,Medium,100.0,High
23,1,Medium,Low,Medium,Medium,49.58599158760309,Medium
2,3,Medium,Medium,Low,Low,47.63792271106416,Medium
12,2,Medium,Low,Medium,High,53.96411467194242,Medium
14,1,High,Low,Medium,Low,8.579155277975454,Low
1,3,Low,Low,Medium,Low,61.44139468329895,Medium
10,3,Low,Medium,High,Low,47.359741855309125,Medium
3,3,Medium,Medium,Low,Low,52.01902770116441,Medium
18,1,Medium,Low,Medium,Low,2.696067360190604,Low
16,4,Medium,High,High,Low,54.73256256395474,Medium
2,4,High,Low,Medium,Low,60.48751677909357,Medium
17,2,Medium,Low,Medium,Medium,34.969354355371976,Medium
7,1,Low,Medium,Medium,Low,23.278580108260886,Low
21,3,Low,Low,Medium,High,77.56469501136786,High
23,1,High,Low,Medium,Medium,40.20198033713696,Medium
18,1,Medium,Low,High,Medium,26.140123085261468,Low
4,2,Low,Low,Low,Medium,47.48068072733585,Medium
6,2,Low,High,Medium,Medium,77.21936645005675,High
20,2,Medium,Low,Low,Medium,40.90141072889418,Medium
7,1,Medium,Low,Medium,Medium,28.437775716409284,Low
4,1,Low,Low,Medium,Low,49.73675978428314,Medium
16,1,Medium,Low,Low,Low,8.864783544842282,Low
4,5,Low,Low,Medium,High,100.0,High
3,3,High,Medium,Low,Medium,69.19267903561042,Medium
21,2,Low,Medium,Medium,Low,45.785441592708324,Medium
18,2,Medium,Medium,Medium,Low,14.033063679502927,Low
20,1,Medium,Low,Low,Low,12.938675437595965,Low
1,0,Low,Low,Low,Low,38.71334144337818,Medium
10,4,Medium,High,Medium,High,67.83679737081833,Medium
21,1,Low,Low,Medium,Low,31.62251288633283,Medium
12,2,Medium,High,Low,Low,43.005048379011015,Medium
14,3,Medium,Medium,High,Low,40.268109691586076,Medium
11,1,Low,High,Low,Low,19.930762688434505,Low
21,1,Low,Low,Medium,Low,45.98631866083109,Medium
20,0,High,Low,Medium,High,49.20272233434774,Medium
21,2,Low,Medium,Low,High,75.97965468923877,High
10,1,Medium,Medium,Low,High,44.80705412731577,Medium
6,2,Low,Low,Medium,Medium,44.72395350428262,Medium
4,4,High,Medium,Low,Medium,64.76115609690125,Medium
16,3,Medium,Low,Low,High,36.10046870892169,Medium
23,1,Medium,Low,Medium,High,70.7090496755504,High
19,3,Low,High,Medium,High,91.11291134792357,High
8,1,Low,Low,Low,High,41.539285324397625,Medium
13,0,Low,Low,Medium,Medium,35.060439829612164,Medium
11,3,Low,Low,Medium,Low,33.99509503800936,Medium
5,2,Medium,Low,Medium,Low,37.835258557912695,Medium
16,4,Medium,Low,Medium,Medium,40.33692784957603,Medium
18,1,Low,Low,High,Medium,47.35836451363751,Medium
18,3,Medium,Low,Medium,High,53.349234023395226,Medium
15,2,Low,Medium,Low,High,55.35284168769721,Medium
11,0,Low,High,Low,Medium,44.56274743917425,Medium
11,1,High,Low,Low,Low,1.4479912720878205,Low
19,2,Medium,Low,Low,Low,26.734875438026016,Low
5,4,Medium,Low,Low,Low,30.081761615598758,Medium
22,0,Low,Medium,Medium,Low,33.1371811779924,Medium
3,0,Low,Medium,Low,Medium,55.03153115746939,Medium
5,2,Low,High,Medium,Low,57.43087742237492,Medium
10,3,High,Low,Medium,Low,20.253257123134222,Low
0,2,Medium,Medium,High,Low,50.27656626705364,Medium
23,1,Low,Medium,Medium,Medium,69.40358450487035,Medium
22,3,High,High,High,Low,59.64696425702585,Medium
14,1,Medium,Medium,High,High,51.19589591791337,Medium
10,1,High,Low,High,Low,16.572724251036966,Low
18,5,Low,Medium,Medium,Low,43.99718069540774,Medium
17,1,Low,Medium,Medium,Medium,54.32027420091883,Medium
16,1,Low,Low,Medium,High,51.04350596839375,Medium
18,1,Low,Low,Medium,Medium,47.11241250330335,Medium
20,2,High,Low,Low,Medium,45.16796738190378,Medium
13,2,Medium,Low,Low,High,28.356629815417485,Low
17,2,Medium,Low,Low,Medium,28.102656565605688,Low
18,1,High,High,Low,Low,11.11217184264937,Low
14,1,Low,Medium,Low,Medium,38.18821608293724,Medium
14,3,High,Medium,Medium,High,57.74445070521364,Medium
3,1,High,Medium,Low,Medium,57.74269632955854,Medium
6,0,Medium,Medium,Medium,High,47.49026874887926,Medium
12,1,Low,High,High,Low,55.17497921168284,Medium
2,4,Medium,Medium,Medium,Low,57.51422046650648,Medium
15,1,Low,Low,High,Medium,30.940646375021103,Medium
8,1,High,Low,Low,Low,7.569812411161085,Low
7,0,Low,Low,High,High,48.765078505575,Medium
19,3,Medium,Low,Low,High,73.26757893735567,High
12,3,Medium,Low,High,High,50.095707423906035,Medium
16,2,Low,Medium,Low,High,61.105755312801534,Medium
16,0,Low,Medium,Medium,Low,29.62087194783658,Low
16,0,Low,Low,Low,High,34.92600564835443,Medium
0,2,Medium,High,Medium,Low,64.68998582214083,Medium
7,2,High,Low,Low,Low,9.386389023469286,Low
18,0,Low,Medium,Medium,Medium,30.966930941183225,Medium
5,3,High,Medium,Medium,Low,44.57948919048246,Medium
2,2,Low,Medium,High,High,91.82168519212912,High
4,1,Medium,Low,Medium,Low,42.13085300307836,Medium
12,2,High,Medium,Medium,High,44.78285283495986,Medium
14,2,Low,Low,Low,Low,13.287284084897824,Low
13,3,High,Medium,Medium,High,52.35927239112978,Medium
22,2,Medium,Low,Low,Medium,51.26674089809879,Medium
15,2,Low,Medium,High,Medium,54.16981218450611,Medium
17,2,High,Low,Low,Low,10.203018528254324,Low
21,2,Low,Medium,Medium,Medium,72.75773475492774,High
21,0,Low,Low,Medium,Low,25.37941165324088,Low
10,1,Medium,High,Medium,Medium,51.690702174456135,Medium
2,3,High,High,Medium,Medium,79.14920397109967,High
21,4,High,Low,Low,Low,30.514164642970204,Medium
9,1,Low,Low,Low,Low,17.839911565508576,Low
9,3,High,Medium,High,Low,31.37513107348707,Medium
20,4,Medium,Low,Low,High,72.15415073621544,High
15,2,High,Low,Medium,Medium,33.069452103355395,Medium
11,1,Low,Low,Medium,High,41.599157677555084,Medium
1,1,Medium,Medium,Medium,Medium,63.87176556151076,Medium
8,5,High,Low,Low,High,57.4467584380997,Medium
23,2,Low,Low,Medium,Low,53.3558968559882,Medium
2,1,High,Medium,Medium,Low,37.20243374838885,Medium
23,0,Low,Low,Medium,Medium,58.2221017584399,Medium
14,1,Low,Low,High,Medium,44.33044072779787,Medium
2,1,High,High,Low,Medium,57.672945097723435,Medium
18,2,High,Medium,High,Low,29.130474698606655,Low
17,2,Low,Low,Low,Low,18.213981946538098,Low
7,0,Low,Low,Low,Low,10.070791882251754,Low
16,0,High,Medium,Low,Medium,20.165531252988295,Low
7,7,High,Low,Low,Medium,38.143223708302834,Medium
6,0,Medium,High,Medium,Low,30.014198329830094,Medium
6,4,Medium,Medium,Low,Medium,53.42091665413117,Medium
2,1,High,High,Medium,Low,48.589942933664155,Medium
0,3,Low,Medium,Low,Medium,87.66933340429676,High
3,1,High,Low,Low,Medium,44.613072372434615,Medium
4,3,Low,Medium,Low,Low,59.99347919472973,Medium
0,1,Medium,Medium,High,Low,54.89418052920696,Medium
14,3,Medium,Medium,Low,Low,25.79503170332729,Low
4,0,Medium,Low,High,High,67.50119832750147,Medium
12,2,Medium,Low,Low,Medium,30.36088990055201,Medium
7,2,High,Low,Medium,Low,2.0431848775410195,Low
7,1,Medium,Medium,Low,Low,14.601536153059325,Low
4,3,High,Medium,Low,High,88.85945470196863,High
8,2,Low,High,High,Medium,57.74823668896914,Medium
0,0,High,Medium,Medium,Low,41.55951232335192,Medium
3,3,Low,Medium,Low,Low,67.07524131055834,Medium
2,1,Low,Low,Low,Medium,53.304669500092764,Medium
1,4,Low,Low,Low,Low,59.63240754648228,Medium
7,1,Medium,High,High,Low,24.252379659166728,Low
22,1,High,Medium,High,High,77.7024910671908,High
8,3,Medium,Medium,Medium,High,54.3291464673268,Medium
1,2,Low,Low,Medium,High,84.01768938712655,High
13,2,Low,Medium,High,Low,49.570395685109425,Medium
13,1,Medium,High,Medium,Low,22.719157311792525,Low
3,3,Low,Low,High,Low,63.672655361828625,Medium
5,1,Low,Medium,Medium,High,61.62900213516605,Medium
10,1,Medium,Low,Low,Medium,21.852302396107536,Low
2,3,High,Low,Medium,High,66.52234738709116,Medium
7,4,Medium,Medium,Medium,High,68.06858564746013,Medium
2,2,Low,Low,Medium,Medium,63.3867241127842,Medium
13,1,High,Low,Low,Low,0.0,Low
12,1,Medium,Medium,Medium,Low,17.775163877519677,Low
12,2,High,Medium,Medium,Low,3.6877584100720213,Low
1,2,Low,Low,Low,Low,41.27133912495711,Medium
12,0,Medium,High,Medium,Low,34.82522982286604,Medium
18,1,High,Low,Medium,Medium,19.22183309059302,Low
5,1,Low,High,Medium,Low,45.741345581365835,Medium
15,1,Medium,Medium,High,Medium,39.83555547952461,Medium
1,1,Low,Low,Medium,High,81.95529406363548,High
7,2,Medium,Low,Medium,Low,26.500395681257938,Low
16,2,High,Low,Medium,Low,11.30656592394335,Low
22,1,Medium,Low,Medium,Low,34.46223534222388,Medium
1,2,High,Medium,High,Low,51.01281850928713,Medium
9,2,Medium,Low,Medium,Medium,32.05821499940345,Medium
15,1,High,Low,Medium,Medium,19.70633228443627,Low
5,1,Medium,Medium,Low,Medium,45.32166884750096,Medium
1,3,Low,Low,Low,Low,57.23151383223038,Medium
1,3,Medium,Medium,Low,Low,52.0643177979937,Medium
12,3,Medium,Low,Medium,Medium,52.17749041215549,Medium
23,1,High,Medium,Low,Low,46.145158726356314,Medium
14,4,Medium,Medium,Low,Low,36.04013641321392,Medium
1,3,Medium,Medium,Medium,High,92.65610334603628,High
6,4,High,Low,Low,Low,27.6597656812274,Low
2,1,High,Low,Low,High,56.88671768406739,Medium
7,0,Medium,Low,Low,Low,5.090413626072914,Low
22,4,High,Low,Medium,Low,57.07656143171274,Medium
13,1,Medium,Low,Medium,Medium,19.499744501663912,Low
23,1,Low,Medium,High,High,83.76179196128805,High
22,4,Low,Medium,Low,High,98.18306873056794,High
21,3,High,Medium,Low,Low,42.86073792841751,Medium
6,1,Low,Low,Low,High,59.17183342889079,Medium
20,0,Medium,Medium,High,Low,35.62390976300266,Medium
6,3,High,High,Medium,Low,44.752342500316864,Medium
0,2,Low,Medium,Medium,Low,64.09043693508384,Medium
16,1,High,Medium,High,Low,11.17178719802275,Low
8,1,High,High,Low,Medium,28.184283601640637,Low
20,2,High,High,Low,Low,34.201021304067794,Medium
12,1,Low,Low,Medium,High,43.520576048544285,Medium
20,2,Low,Medium,High,Medium,58.17451409158304,Medium
18,1,High,Low,Medium,High,32.99282323666271,Medium
20,3,Low,Medium,High,Medium,62.61647438812996,Medium
18,4,Medium,High,Medium,Medium,58.60883678045939,Medium
21,6,Medium,Low,High,Low,52.010839620438176,Medium
16,2,Low,Medium,Medium,Medium,44.27115874234214,Medium
22,2,High,Medium,Low,High,68.1717197279842,Medium
22,2,Medium,Low,Medium,Medium,54.005501485537,Medium
9,3,Low,Medium,Medium,Low,49.53261415447679,Medium
9,3,Low,Low,Medium,Low,32.96266046375569,Medium
3,2,Low,Low,Low,High,90.5424998171584,High
7,3,Low,High,Low,Low,41.52441680338739,Medium
21,3,Medium,Low,Low,High,57.510398040772046,Medium
19,3,Low,Medium,High,Low,62.90052630080546,Medium
19,0,Low,Medium,Low,Low,14.872646705370013,Low
17,3,High,High,Medium,Medium,52.6830505553041,Medium
13,2,Medium,High,Medium,Low,31.443446675028348,Medium
17,1,Low,Medium,High,Low,32.67930565085093,Medium
13,4,High,Medium,High,Low,32.986862229328274,Medium
19,3,Low,Low,High,Medium,66.539589085628,Medium
20,2,High,Low,Medium,Low,11.921061363542066,Low
23,1,Medium,High,High,Low,50.5380247904752,Medium
14,4,Medium,Medium,Low,High,73.75591046195255,High
21,1,High,Low,Medium,Low,17.384132804454765,Low
3,1,Medium,Low,High,Low,31.905241416743507,Medium
12,1,High,High,Low,Medium,32.37155251333066,Medium
22,1,High,Medium,High,Medium,61.48342111430987,Medium
7,2,Low,Low,Medium,Low,26.58112949824231,Low
17,1,Medium,Medium,Medium,High,47.32404140420079,Medium
11,2,High,Low,Low,Medium,18.45784001903261,Low
22,6,Medium,Medium,Medium,Low,59.40560056307834,Medium
13,2,High,Medium,Low,Medium,18.777172823401852,Low
1,3,Medium,Medium,Low,Low,46.012210175485436,Medium
17,3,Medium,Low,High,Low,33.87981854602622,Medium
23,2,Low,Low,High,High,82.4519379538554,High
1,3,Low,Low,Low,Low,52.02312459652339,Medium
10,5,Medium,High,Medium,High,70.8644144587181,High
8,1,Medium,High,Medium,Low,26.038665136113778,Low
11,2,Medium,Medium,Medium,Low,21.57903345664228,Low
16,6,Medium,High,Medium,Low,48.00024421700849,Medium
14,4,Medium,Medium,Medium,Low,32.4340861075067,Medium
16,0,High,Low,Medium,Medium,10.518278203045828,Low
17,2,Low,Medium,High,Medium,51.54005518129551,Medium
21,1,Medium,Low,Medium,Medium,36.81109830292107,Medium
5,0,Low,Low,Low,Medium,23.441205079883325,Low
16,4,Medium,Low,Medium,Medium,32.91435219120531,Medium
22,3,Low,Low,Medium,High,83.83502990488628,High
23,2,Low,Medium,Medium,Low,64.53362015507057,Medium
17,2,Low,Low,Medium,High,47.501954414591516,Medium
7,0,Low,Low,Medium,Low,17.483185995253027,Low
8,3,Medium,Medium,Low,Medium,50.93998426327925,Medium
5,2,High,Medium,Medium,High,59.40022873408279,Medium
4,4,Low,Medium,Medium,Low,68.30809334047122,Medium
11,4,Medium,Low,High,Medium,50.22606467679128,Medium
10,1,Medium,Low,Medium,High,40.6544209543673,Medium
0,0,Low,Medium,Medium,Low,43.26528932763191,Medium
10,3,Low,Medium,Medium,High,71.6356610987841,High
18,3,Low,Low,Low,Low,23.884943732508248,Low
8,1,High,High,Low,Medium,40.25633427731624,Medium
1,0,Low,Low,Medium,High,67.71194558197543,Medium
11,0,Low,Low,Low,Low,12.540943449231385,Low
3,3,Low,Low,Medium,Low,66.98809768580304,Medium
3,2,Medium,Low,Low,Low,35.91584238707156,Medium
17,1,Medium,High,High,Low,25.492656389308216,Low
14,3,Low,Low,Low,Low,24.56571326695747,Low
18,2,Medium,Low,Medium,High,45.97918367107072,Medium
12,1,Medium,Low,Medium,High,39.140086271899584,Medium
18,2,Low,Low,Medium,Medium,39.93022612804964,Medium
16,2,Low,Low,Low,High,54.09838382333945,Medium
5,2,Medium,Low,Medium,Medium,43.731459816919354,Medium
15,1,Medium,Low,Low,Medium,18.226632053905067,Low
23,2,Medium,Medium,Low,Medium,60.06447419917077,Medium
11,3,Medium,Medium,Low,Medium,36.86015355151089,Medium
18,4,Low,Medium,Low,Low,39.096585112152304,Medium
4,1,Low,Medium,High,Low,43.00397284371061,Medium
16,1,Medium,Low,Medium,High,35.00084024023623,Medium
22,3,Medium,High,Medium,Low,67.89415059109139,Medium
0,1,Low,Low,High,Low,52.773106523653006,Medium
23,2,High,Low,Low,Medium,51.385931650701885,Medium
22,6,Medium,Medium,Medium,High,99.55280191226441,High
9,2,Low,Medium,High,Medium,50.09002699516284,Medium
14,3,Medium,Low,High,Low,18.40926191373523,Low
22,1,Low,Low,Low,Medium,54.09703860956438,Medium
20,3,Medium,Low,Medium,High,45.42411405420455,Medium
20,0,Medium,Medium,Low,Medium,41.85348277728529,Medium
10,4,Low,Low,Medium,Low,39.229754406566066,Medium
12,1,High,Medium,Medium,Medium,33.12745914971376,Medium
4,1,High,Low,High,Low,30.91901262908061,Medium
0,2,Low,Low,Low,High,67.36356132632937,Medium
23,5,Low,Low,Low,Medium,81.1056283198633,High
11,0,Low,Low,Low,Medium,26.03313945758284,Low
10,0,High,Low,Low,Medium,9.175043356476316,Low
16,4,Low,Medium,Low,High,73.71137261126788,High
3,3,Medium,Low,High,Low,48.13423977001767,Medium
14,0,Low,Medium,Low,Low,19.194828746175755,Low
8,2,Low,Low,Low,Low,24.812608670513832,Low
20,2,Medium,High,Medium,Medium,69.05346335032229,Medium
19,0,Medium,High,High,Medium,55.594551228933916,Medium
18,2,Medium,Low,High,Medium,27.564843404876036,Low
18,2,Medium,High,Medium,Medium,44.66175163949085,Medium
11,4,Medium,Low,Low,Low,18.867225202156305,Low
4,1,Low,Medium,High,Low,65.22574692107368,Medium
9,3,Low,Low,Medium,Low,29.059002666613267,Low
16,3,Low,Medium,Medium,Medium,53.416247163482346,Medium
4,1,Medium,Medium,High,High,76.32846637035786,High
21,3,High,Low,High,Medium,50.41660870494159,Medium
15,1,Low,Medium,High,Low,24.86240660142804,Low
6,6,Low,Medium,Low,Low,59.935382401556396,Medium
8,1,Low,Medium,Medium,High,63.63172736657857,Medium
2,3,High,High,High,Low,60.0277781585424,Medium
14,2,High,High,Medium,Low,37.9715442932558,Medium
15,2,Low,High,Low,Low,32.69433956794508,Medium
17,2,Medium,High,Medium,Medium,43.972440373358424,Medium
13,3,Medium,Low,Low,Low,22.646347585621765,Low
2,1,Low,Low,Medium,Low,45.19630227746148,Medium
11,1,Medium,Low,High,Medium,27.627410197941867,Low
8,1,Medium,High,Medium,Low,19.283704770692154,Low
6,0,Low,Low,Medium,Low,22.500934740336742,Low
8,3,Medium,Low,Low,Medium,43.984189636458446,Medium
12,2,Low,Low,High,High,61.91635918841984,Medium
17,6,Medium,Low,Medium,Low,37.45862035466688,Medium
4,0,High,Low,Medium,Low,20.258369330227037,Low
12,1,Medium,Medium,Medium,Low,19.168562886480338,Low
3,0,Low,Low,Low,Medium,48.34403459311631,Medium
1,2,Low,Medium,Medium,High,81.51689082317566,High
15,1,Medium,Medium,Medium,Low,13.594279493683326,Low
8,1,Low,Medium,High,Low,28.881077752662968,Low
8,3,Medium,Low,Low,Low,30.570819246706236,Medium
5,2,Low,High,Low,Low,61.22456988804067,Medium
10,1,High,Medium,Medium,Low,2.9573987975885476,Low
21,1,High,Low,Medium,High,42.04311558167569,Medium
23,3,High,Medium,Medium,Medium,63.907604232106436,Medium
21,1,Low,Medium,High,Low,44.15818747918384,Medium
0,1,Medium,Low,Low,High,60.210612114192074,Medium
3,1,Low,Low,Low,Low,52.099823797620004,Medium
12,2,High,Medium,Low,Low,12.166412866855445,Low
22,2,Low,Medium,High,High,100.0,High
12,1,High,Low,Low,Low,6.770284115826911,Low
12,2,Medium,Medium,Medium,High,53.62352474509587,Medium
1,1,High,Low,Medium,Medium,41.13244455463664,Medium
8,1,Medium,Medium,Medium,High,44.04221998851801,Medium
23,5,Low,Low,Low,Medium,91.65594624736728,High
7,2,High,Low,Medium,Low,15.326785048707967,Low
6,3,Low,High,Medium,High,91.76876141072657,High
3,0,High,Medium,High,Low,22.826936543929698,Low
17,2,High,Low,High,Medium,27.03308472486745,Low
2,2,High,Low,Medium,Medium,48.7823384941647,Medium
5,2,Low,Medium,High,Medium,66.30595905410864,Medium
11,3,Low,Medium,Low,Medium,50.17905768782181,Medium
11,2,Medium,Medium,High,High,55.69725071245945,Medium
20,0,High,Medium,Medium,High,50.93190501439732,Medium
7,1,Low,High,Medium,High,71.39683221178706,High
21,2,Low,Medium,Low,Low,38.41954001674274,Medium
21,1,Low,Low,Medium,High,56.0594679262522,Medium
0,2,High,Medium,Low,Medium,51.62430934096968,Medium
3,2,High,Low,Medium,High,60.238873150802874,Medium
20,3,Low,Medium,Low,High,76.4038345902786,High
10,4,Low,Low,Medium,Low,50.02150666646442,Medium
2,1,Medium,Low,Medium,Low,32.96052448757465,Medium
